timestamp,ship_type,length,width,max_draught,min_draught,draught_variability,mean_moving_speed,max_speed,std_speed,sog_p10,sog_median,sog_p90,frac_time_slow,frac_time_fast,cog_variability,rot_mean_abs,rot_std,heading_cog_diff_mean,n_nav_statuses,fishing_ratio,anchor_ratio,underway_engine_ratio,moored_ratio,lat_std,lon_std,lat_mean,lon_mean,bbox_area,CargoX_ratio,CargoY_ratio,CargoZ_ratio,CargoOS_ratio,CargoReserved_ratio,n_pings,time_span_seconds,length_beam_ratio,draught_length_ratio,sog_bimodality,mean_ping_interval_seconds,week_start,imo
2026-04-20T00:00:00.000000,Cargo,155.0,17.0,5.1,5.1,0.0,9.83012048192771,10.7,2.777701538945958,6.8,10.1,10.4,0.07909604519774012,0.5969868173258004,31.846072172732686,0.0,0.0,8.546139359698682,2,0.0,0.054613935969868174,0.9453860640301318,0.0,1.7376361551055612,4.04121243754107,56.65615442561205,1.6376497005649715,39.524571174111,0.0,0.0,0.0,0.0,0.0,531,182317,9.11764652249138,0.03290322559417273,1.2960351043802105,343.9943396226415,2026-04-20T00:00:00.000000,9419292
2026-03-09T00:00:00.000000,Cargo,238.0,34.0,6.9,6.3,0.6000000000000005,19.197705849603565,22.4,5.19045875014712,15.6,19.7,21.4,0.047608576140736665,0.9161077515118197,92.21294446472106,2.7881287910718537,5.011347791709072,8.059455001924169,3,0.0,0.0,0.9819314641744549,0.018050210738501007,0.4388590094564795,1.464406049918944,57.467035875719255,9.713199508832693,420.773230573204,0.0,0.0,0.0,0.0,0.0,54570,409978,6.999999794117653,0.028991596516842032,1.1174347320265035,7.513020212941414,2026-03-09T00:00:00.000000,9832597
2025-07-21T00:00:00.000000,Cargo,68.0,14.0,3.3,3.1,0.19999999999999973,4.397207792207792,6.1,2.272969721762018,0.0,0.6,4.7,0.5084635416666666,0.0,89.77881879388504,0.0,0.0,33.65858585858586,2,0.0,0.035807291666666664,0.9641927083333334,0.0,0.09188889422673122,0.07863554916472026,54.32990326692709,13.848603347330728,0.10425715307699902,0.0,0.0,0.0,0.0,0.0,3072,592892,4.857142510204107,0.04852941105103807,2.0677785045803567,193.06154347118203,2025-07-21T00:00:00.000000,9808871
2025-08-04T00:00:00.000000,Cargo,169.0,25.0,6.0,6.0,0.0,11.147315199774503,12.7,0.8703525102292717,10.0,11.2,12.2,0.0,0.8972725673060004,52.87454634208809,0.0,0.0,1.708304559227679,1,0.0,0.0,1.0,0.0,0.8498527599915652,1.9302583327375438,56.62381747341194,11.318436839063876,21.82501738570001,0.0,0.0,0.0,0.0,0.0,28415,137048,6.75999972960001,0.03550295836980498,2.527708539281317,4.823256141338777,2025-08-04T00:00:00.000000,9104811
2026-02-16T00:00:00.000000,Cargo,190.0,32.0,8.8,6.5,2.3000000000000007,10.057128405563857,13.9,4.714117215834151,0.1,9.7,13.0,0.21895748241178906,0.47519657412238875,70.81368013981792,0.0,0.0,29.346832387642984,2,0.0,0.1990571639347212,0.8009428360652788,0.0,0.5758159762905917,1.1729137958431965,57.26245843894057,10.992900534141823,11.10659484089501,0.0,0.0,0.0,0.0,0.0,55577,165479,5.9374998144531315,0.0463157892299169,2.7364608627485123,2.977526270332518,2026-02-16T00:00:00.000000,9630731
2026-06-22T00:00:00.000000,Cargo,134.0,16.0,8.6,8.5,0.09999999999999964,11.124863825696892,12.6,0.49902238144504196,10.4,11.1,11.8,0.0,0.9829541813521308,57.313194605672265,0.0,0.0,2.61863932500267,1,0.0,0.0,1.0,0.0,1.1629270542893375,1.598969666749572,56.23001070150592,11.245160611833814,33.26790057418803,0.0,0.0,0.0,0.0,0.0,46815,182119,8.374999476562532,0.0641791039986634,2.8054797671924,3.8902678685863203,2026-06-22T00:00:00.000000,9255622
2025-08-18T00:00:00.000000,Cargo,90.0,13.0,6.3,4.1,2.2,6.874715359828142,13.3,4.137678277697814,0.3,6.6,11.1,0.1939495174461767,0.2208611729769859,114.95417111339657,0.0,0.0,17.85588344469191,3,0.0,0.011135857461024499,0.9799554565701559,0.008908685968819599,0.8172925883146219,0.6608262297240912,54.476337225315504,8.01019756328879,10.102122306150001,0.0,0.0,0.0,0.0,0.0,5388,603028,6.923076390532586,0.06999999922222223,2.610158805254009,111.94134026359755,2025-08-18T00:00:00.000000,9136137
2025-12-15T00:00:00.000000,Cargo,138.0,21.0,6.4,6.4,0.0,12.459175217048145,13.8,0.8271449742628232,12.0,12.5,13.3,0.0,0.9899368587213891,25.225785593626455,0.3637924230465667,1.9899305380851855,3.0762233622730863,1,0.0,0.0,1.0,0.0,0.4087319785130812,1.6840158676528485,54.90968139877664,12.794850644830309,7.56546251083899,0.0,0.0,0.0,0.0,0.0,5068,65993,6.571428258503416,0.046376811258139056,1.5716693793481844,13.02407736333136,2025-12-15T00:00:00.000000,9453793
2025-10-13T00:00:00.000000,Cargo,74.0,11.0,4.5,4.5,0.0,9.898447006083893,11.1,0.48737050974023294,9.2,9.9,10.5,0.0,0.3739993595901377,24.460618368053428,0.0,0.0,2.3638488632724943,1,0.0,0.0,1.0,0.0,0.08571417497483577,0.8077596915625339,54.54932536087096,11.534880214857507,1.0587358412279952,0.0,0.0,0.0,0.0,0.0,6246,50730,6.727272115702536,0.06081080998904311,2.6673697046692277,8.123298638911129,2025-10-13T00:00:00.000000,8912481
2025-12-15T00:00:00.000000,Cargo,205.0,30.0,10.1,8.9,1.1999999999999993,15.948683523886332,18.2,1.4396430440374557,14.2,16.3,17.3,0.0008533434470334463,0.9932917723469316,110.56389298036432,1.8596250029629982,2.5295043665294843,1.182108058130438,2,0.0,0.00016592789247872567,0.9998340721075213,0.0,1.1886142022127169,2.0716599330817713,56.035406423542796,10.859891943063028,45.78748643812803,1.0,0.0,0.0,0.0,0.0,42187,348005,6.833333105555563,0.049268292442593696,2.1533100580238624,8.249300715877306,2025-12-15T00:00:00.000000,9961312
2025-09-01T00:00:00.000000,Cargo,100.0,14.0,6.2,4.0,2.2,11.146405721716514,13.5,3.590308083012587,3.7,11.6,12.3,0.08790685492511727,0.8115193218886164,102.55590145950221,5.211497892806971,7.667434904755121,14.394537965189647,3,0.0,0.0003095311793137932,0.9352127431605515,0.06447772566013477,0.45384572179570387,1.3957243951065827,55.68459181837662,11.93145058579966,16.889431534830035,0.0,0.0,0.0,0.0,0.0,41999,483601,7.142856632653098,0.06199999938000001,2.3953369476434716,11.514857850373827,2025-09-01T00:00:00.000000,9114725
2025-10-13T00:00:00.000000,Cargo,137.0,21.0,7.8,7.8,0.0,8.96542578161675,12.0,3.1620253025487006,5.6,8.2,11.5,0.05937790363258263,0.4928100526525375,72.23168484484917,0.0,0.0,6.97903632582629,2,0.0,0.0,0.9526569620813239,0.04734303791867617,0.48599982613341075,1.2688655394770842,57.012767877793024,9.884678979602672,8.905422568596007,0.0,0.0,0.0,0.0,0.0,22601,165524,6.523809213151942,0.056934306153764186,1.8658921322837827,7.324070796460177,2025-10-13T00:00:00.000000,9440277
2025-08-11T00:00:00.000000,Cargo,120.0,15.0,6.8,6.8,0.0,9.278241412675374,13.0,0.5085521932601046,8.8,9.2,9.6,0.0,0.03265602322206096,14.569592854085268,0.0,0.0,1.4022496371552975,1,0.0,0.0,1.0,0.0,0.4758178801966055,1.2979668874882442,54.93597244750846,13.31365445464441,9.32872908136002,0.0,1.0,0.0,0.0,0.0,8268,82057,7.9999994666667025,0.05666666619444445,1.5730901125043786,9.925849764122415,2025-08-11T00:00:00.000000,9277345
2026-06-15T00:00:00.000000,Cargo,139.0,22.0,6.8,5.5,1.2999999999999998,11.60722487576591,18.6,5.247601691570314,3.2,10.3,16.3,0.08099514073941376,0.5163580177799673,103.5651363294589,0.0,0.0,4.772312791114295,4,0.0,0.009293055959871913,0.9463913832097991,0.04429316792440155,0.5900325748149459,1.1181256427709552,54.94742284799696,12.127958973755515,534.63306269445,0.0,0.0,0.0,0.0,0.0,44657,519937,6.318181530991748,0.04892086295740386,2.496378016773961,11.643161053385883,2026-06-15T00:00:00.000000,9395563
2026-06-15T00:00:00.000000,Cargo,88.0,12.0,5.5,3.5,2.0,8.294736842105264,11.1,4.5558654915730035,0.0,2.8,10.8,0.48731501057082455,0.23150105708245244,86.75596731009585,0.0,0.0,44.171670190274845,3,0.0,0.12896405919661733,0.5655391120507399,0.3054968287526427,0.20401491333184799,0.39578350353693864,53.94781894080338,9.044228538054968,0.7211691663599951,0.0,0.0,0.0,0.0,0.0,946,489328,7.3333327222222735,0.062499999289772734,2.370569905851452,517.8074074074074,2026-06-15T00:00:00.000000,9411824
2025-12-22T00:00:00.000000,Cargo,146.0,19.0,7.7,7.7,0.0,,0.0,0.0,0.0,0.0,0.0,1.0,0.0,,0.0,0.0,,1,0.0,0.0,0.0,1.0,1.3939478845076326e-05,3.016922784645029e-05,53.40556111206897,14.608601482758631,1.1325000000293602e-08,0.0,0.0,0.0,0.0,0.0,116,80948,7.684210121883678,0.05273972566616626,0.0,703.895652173913,2025-12-22T00:00:00.000000,9535606
2025-11-24T00:00:00.000000,Cargo,120.0,18.0,7.2,7.2,0.0,13.507694596524637,15.8,2.779665309820521,8.1,14.5,15.2,0.0069267657332307145,0.8807649043869517,30.77911158992782,0.0,0.0,1.9618909478420463,1,0.0,0.0,1.0,0.0,0.37714221283569416,1.6355311055063575,54.726694617311,11.993866357646082,12.09371293313998,0.0,0.0,0.0,0.0,0.0,16891,90278,6.666666296296317,0.059999999500000005,2.554263429000741,5.345056246299586,2025-11-24T00:00:00.000000,9126235
2025-10-20T00:00:00.000000,Cargo,80.0,16.0,4.8,4.8,0.0,,0.0,0.0,0.0,0.0,0.0,1.0,0.0,1.773816908028498e-16,0.0,0.0,71.10833071552345,1,0.0,0.0,0.0,0.0,3.475525861001737e-05,4.9686520141299164e-05,55.85404001800716,12.83237110366527,1.9694399999834666e-07,0.0,0.0,0.0,0.0,0.0,98683,604529,4.999999687500019,0.05999999925000001,0.0,6.126031089763077,2025-10-20T00:00:00.000000,9323089
2025-08-04T00:00:00.000000,Cargo,88.0,13.0,5.7,3.7,2.0,8.663345703682557,13.4,1.6192916166320461,7.5,8.3,11.5,0.001426126640045636,0.16343411294922988,25.72472079996539,1.855276668568169,3.2452852834656745,2.0007701083856255,2,0.0,0.001426126640045636,0.9985738733599544,0.0,0.2687116938504936,0.8782931438128613,54.385082226754136,10.023067689104394,2.3427277241160125,0.0,0.0,0.0,0.0,0.0,3506,387242,6.76923024852075,0.06477272653667357,2.470214437412534,110.4827389443652,2025-08-04T00:00:00.000000,9173513
2026-03-09T00:00:00.000000,Cargo,88.0,11.0,3.6,2.7,0.8999999999999999,9.063816967920534,94.5,2.1387141138167576,7.9,9.1,10.1,0.02839467005076142,0.12944162436548223,70.94373323297238,0.0,0.0,4.739498730964468,2,0.0,0.0,0.983105964467005,0.016894035532994924,0.5559948229352737,1.8831060554515682,55.041133308930846,12.991442600095178,23.706390796369956,0.0,0.0,0.0,0.0,0.0,12608,485776,7.999999272727339,0.04090909044421488,1.0286550021493384,38.53224399143333,2026-03-09T00:00:00.000000,9223423
2025-06-02T00:00:00.000000,Cargo,114.0,14.0,6.5,3.8,2.7,10.14208268555306,13.2,3.3499394467005543,4.0,10.4,12.0,0.07408402999919357,0.6869976613531894,114.64837629285816,0.0,0.0,10.971963119270987,2,0.0,0.0,0.4716002258003817,0.5283997741996183,0.5814567856377195,1.239250595424184,55.629495445471896,11.401423496088814,15.674690747099994,0.0,0.0,0.0,0.0,0.0,37201,316341,8.142856561224532,0.057017543359495236,2.388102155033655,8.503790322580645,2025-06-02T00:00:00.000000,9548304
2026-03-23T00:00:00.000000,Cargo,88.0,14.0,5.5,5.5,0.0,10.691674754664078,12.0,1.9480670407677754,10.2,11.3,11.7,0.0,0.9116790682626982,26.515757138752686,0.0,0.0,2.2864553003343038,1,0.0,0.0,1.0,0.0,0.38743252345500834,1.4688516389964947,54.82973345497682,12.608135999676481,6.743893101479992,0.0,0.0,0.0,0.0,0.0,9273,67388,6.285713836734726,0.062499999289772734,0.769993639138404,7.2679033649698015,2026-03-23T00:00:00.000000,9137038
2026-03-23T00:00:00.000000,Cargo,90.0,12.0,4.8,4.7,0.09999999999999964,9.419237420024208,10.3,0.6386289406421655,9.1,9.5,9.9,0.0,0.040636347916306416,24.583006825368734,0.0,0.0,1.7994985301746496,1,0.0,0.0,1.0,0.0,0.12743923019300948,1.854898446959399,54.57468572955213,12.384732271226008,7.16216718787797,0.0,0.0,0.0,0.0,0.0,11566,146068,7.499999375000052,0.053333332740740744,1.2526816378129277,12.630177258971033,2026-03-23T00:00:00.000000,9617325
2026-05-25T00:00:00.000000,Cargo,59.0,9.0,3.0,3.0,0.0,,0.0,0.0,0.0,0.0,0.0,1.0,0.0,102.80669586304599,0.0,0.0,89.34646302250803,1,0.0,0.0,1.0,0.0,5.462033715061374e-06,3.3554449352980473e-06,54.245050434083595,19.376726389067525,4.4000000000931776e-10,0.0,0.0,0.0,0.0,0.0,622,9818,6.5555548271605755,0.050847456765297346,0.0,15.809983896940418,2026-05-25T00:00:00.000000,8937560
2026-06-22T00:00:00.000000,Cargo,44.0,8.0,2.0,2.0,0.0,6.08825850272187,9.8,0.6471100178390068,5.0,6.2,6.6,0.003424657534246575,0.0,22.660082118028615,,,,3,0.0,0.001223091976516634,0.9965753424657534,0.002201565557729941,0.12436790219022763,1.512720435413381,54.58386868933464,12.61686257896282,7.777211154445969,0.0,0.0,0.0,0.0,0.0,20440,260522,5.499999312500086,0.04545454442148763,2.4725278289081145,12.746318313029013,2026-06-22T00:00:00.000000,6721008
2025-06-30T00:00:00.000000,Cargo,88.0,13.0,4.0,4.0,0.0,10.088935108153079,10.6,0.31195290291507727,9.5,10.2,10.4,0.0,0.6684692179700499,11.099765129103083,0.0,0.0,1.4777454242928452,1,0.0,0.0,1.0,0.0,0.28308871202703134,0.7454921762409716,55.26064767304492,14.279125971505824,2.589326871460007,0.0,0.0,0.0,0.0,0.0,4808,39877,6.76923024852075,0.04545454493801654,2.885041641056198,8.29561056792178,2025-06-30T00:00:00.000000,9996898
2025-09-01T00:00:00.000000,Cargo,157.0,18.0,6.5,5.2,1.2999999999999998,10.006330128205128,12.8,3.1425073618192774,3.8,10.1,12.3,0.06293227939499886,0.5147070000760051,70.36224133898303,0.0,0.0,7.827817891616631,2,0.0,0.05145549897393023,0.9485445010260698,0.0,0.0946902294865551,1.110225654102399,57.73701252922398,10.062117483164856,21.84741029825,0.0,0.0,0.0,0.0,0.0,13157,84796,8.722221737654348,0.04140127362164794,2.704845626911597,6.445424141076315,2025-09-01T00:00:00.000000,9419321
2025-07-28T00:00:00.000000,Cargo,90.0,14.0,5.8,2.7,3.0999999999999996,8.863622047244094,10.1,0.8665481545551095,7.3,9.2,9.7,0.0,0.0015748031496062992,105.3606219765183,0.0,0.0,3.1721259842519682,1,0.0,0.0,1.0,0.0,0.9868948783517582,0.35187206654961956,56.8169229047244,6.739953062992127,3.082507341668997,0.0,0.0,0.0,0.0,0.0,1270,449206,6.428570969387788,0.06444444372839507,2.7696063026363125,353.98423955870766,2025-07-28T00:00:00.000000,9190262
2026-05-25T00:00:00.000000,Cargo,225.0,34.0,6.6,6.6,0.0,12.439254766031196,12.7,0.10140648993929857,12.3,12.4,12.6,0.0,1.0,6.064314009044367,0.0,0.0,1.0101819757365682,1,0.0,0.0,1.0,0.0,0.43268835065265887,0.4510704439920028,56.29462457495667,7.018938025996533,4.299272056624999,0.0,0.0,0.0,0.0,0.0,2308,42156,6.617646864186858,0.029333333202962962,2.9583613614692137,18.273081924577372,2026-05-25T00:00:00.000000,9657105
2025-10-13T00:00:00.000000,Cargo,99.0,16.0,5.8,5.6,0.20000000000000018,11.414269820339541,13.6,3.6591053035515557,5.1,12.4,13.3,0.058574950111515436,0.7958289314082247,99.87584940592255,3.0692100011738463,3.1573599156248613,7.099330907383496,2,0.0,0.017099033532887272,0.9829009664671128,0.0,0.26747828821451547,1.3134581851853941,54.58958309770317,11.407975477951247,12.54694465715002,0.6123175646593888,0.0,0.0,0.0,0.0,25557,593345,6.187499613281274,0.058585857994082245,2.2409843605912787,23.2174440444514,2025-10-13T00:00:00.000000,9330953
2025-09-01T00:00:00.000000,Cargo,149.0,22.0,8.8,7.5,1.3000000000000007,10.99163941670349,18.2,2.0692122966386197,9.3,10.5,12.4,0.0020729502050897543,0.576544788956027,89.06199428681711,0.0,0.0,1.8730207736073745,2,0.0,0.0,0.9991619988532616,0.0008380011467384114,0.7759172197562872,1.2986786639321668,57.29609672844353,9.216183228597892,18.571376278754997,0.0,0.0,0.0,0.0,0.0,22673,330710,6.772726964876047,0.059060402288185224,1.498153914357628,14.586714890613973,2025-09-01T00:00:00.000000,9315020
2025-06-02T00:00:00.000000,Cargo,113.0,15.0,5.9,4.4,1.5,7.1677739287239595,10.0,1.863958531113201,5.0,7.8,8.6,0.029054850565148047,0.0,116.35831831568598,0.0,0.0,8.654004576659037,3,0.0,0.0163881376696022,0.9757298384300672,0.007882023900330536,0.5903255547441696,0.2231576573431095,57.462219763469946,10.586422264660333,9.157895312039008,0.0,0.0,0.0,0.0,0.0,43263,418535,7.533332831111145,0.05221238891847444,1.9313724036969806,9.67442559289908,2025-06-02T00:00:00.000000,9975753
2025-06-16T00:00:00.000000,Cargo,74.0,12.0,4.4,4.4,0.0,9.175985663082438,10.6,0.6448197953024164,8.5,8.9,10.3,0.0,0.1985663082437276,10.26205761811182,0.0,0.0,1.235248335893497,1,0.0,0.0,1.0,0.0,1.0971760449753936,0.4914562195535141,56.40094840911419,6.328471646287762,13.323156671435006,0.0,0.0,0.0,0.0,0.0,9765,123607,6.166666152777821,0.05945945865595327,2.7914732482469233,12.659463334698893,2025-06-16T00:00:00.000000,8719097
2025-06-02T00:00:00.000000,Cargo,85.0,13.0,5.7,5.7,0.0,7.6549298221234015,10.1,1.1372124383848912,6.4,7.9,8.6,0.008121932674362342,0.0001036842469067533,47.09163086758454,5.7642600400912425,7.191080997783669,2.7529861063109142,2,0.0,0.0,0.9991359646091104,0.0008640353908896108,0.9165342945016959,1.5056123259908183,56.3672657139006,12.067996844024332,19.951050603490017,0.0,0.0,0.0,0.0,0.0,28934,180511,6.538461035502998,0.06705882274048444,1.934553291178579,6.2389313240935955,2025-06-02T00:00:00.000000,9184421
2025-12-29T00:00:00.000000,Cargo,68.0,14.0,3.0,3.0,0.0,0.75,0.8,0.02096780395873319,0.0,0.0,0.0,0.9993070793394156,0.0,54.77397719943507,0.0,0.0,94.00875996764128,1,0.0,0.0,0.0,1.0,0.00015293290230793566,0.0008010315392283087,56.41430004319205,10.92508680078531,1.3177079999932988e-06,0.0,0.0,0.0,0.0,0.0,8659,604444,4.857142510204107,0.044117646410034614,0.0,69.81335181335182,2025-12-29T00:00:00.000000,9808871
2025-11-17T00:00:00.000000,Cargo,199.0,32.0,9.9,9.9,0.0,11.32101855719315,13.6,1.1738399560663197,9.9,11.6,12.6,0.0,0.8725759293513933,128.50318212519966,1.244170296557074,3.023539911027767,1.4926755773017486,1,0.0,0.0,1.0,0.0,1.1389234672689905,1.336672548140363,56.035166492213136,11.379719337341129,27.538177657344022,0.0,0.0,0.0,0.0,0.0,33518,166694,6.218749805664069,0.04974874346859928,2.300141246602964,4.973416475221529,2025-11-17T00:00:00.000000,9743588
2025-09-15T00:00:00.000000,Cargo,111.0,14.0,6.4,6.4,0.0,9.632147001934236,12.0,1.8723081984518188,6.2,10.4,10.9,0.0023157082207641835,0.7340795059822462,34.90183784837164,0.0,0.0,2.120494017753763,2,0.0,0.00038595137012736397,0.9996140486298727,0.0,0.20767079733558833,1.3778852072061278,54.467968215746815,11.347632702946095,8.464377259800026,0.0,0.0,0.0,0.0,0.0,7773,163728,7.928570862244939,0.05765765713821931,2.510269139245992,21.066392177045806,2025-09-15T00:00:00.000000,9393266
2025-12-08T00:00:00.000000,Cargo,140.0,22.0,6.5,6.2,0.2999999999999998,12.62232868757259,14.4,1.4260708228104109,11.5,13.0,13.3,0.005199306759098787,0.9653379549393414,107.79989949391425,0.0,0.0,3.6902079722703647,1,0.0,0.0,1.0,0.0,0.6999564396967624,0.8096660550454604,54.72517909763143,7.788767147891392,12.643054665400987,0.0,0.0,0.0,0.0,0.0,3462,140982,6.363636074380178,0.04642857109693878,1.2622085165757475,40.73446980641433,2025-12-08T00:00:00.000000,9500065
2026-05-18T00:00:00.000000,Cargo,101.0,14.0,4.9,4.9,0.0,6.6161170176745445,10.7,1.0735573068876436,5.8,6.6,7.5,0.003908092446600633,0.013206657233340071,33.41252220051647,0.9404110512129381,2.9400022359322655,2.255447615192606,2,0.0,0.0,0.9999326190957483,0.0,0.33894347359215893,1.2548938713972333,54.507502900411026,12.108910254969341,529.618935558816,0.0,0.0,0.0,0.0,0.0,14841,124332,7.214285198979629,0.04851485100480346,1.5835190218298212,8.378167115902965,2026-05-18T00:00:00.000000,9827554
2025-06-30T00:00:00.000000,Cargo,170.0,25.0,9.4,9.0,0.40000000000000036,12.16332280559117,19.2,4.569073833467536,6.1,11.8,16.7,0.04483161903619516,0.7161363840825261,90.11615486039673,0.0,0.0,4.853234173988665,2,0.0,0.0,0.9991903319638948,0.0008096680361051969,0.4336055362675726,2.0150055789982484,54.593606678052,11.49150529205026,19.767788763119977,0.0,0.0,0.40423426395177975,0.0,0.0,33347,537128,6.79999972800001,0.05529411732179931,2.3199444934359956,16.107719066754633,2025-06-30T00:00:00.000000,9359260
2025-11-17T00:00:00.000000,Cargo,107.0,18.0,8.0,8.0,0.0,10.193646888567296,12.6,5.047741849670666,0.0,10.8,11.6,0.2794459716641996,0.618101078452104,126.147751300147,0.0,0.0,18.954879983081316,4,0.0,0.056883061958130685,0.9093888771410447,0.03362233030238951,0.537122955568206,0.19916417143798237,55.31765155212519,10.955868647388455,405.816116135199,0.0,0.0,0.0,0.0,0.0,9458,126305,5.944444114197549,0.07476635444143594,2.298056843517064,13.355715343132072,2025-11-17T00:00:00.000000,9366160
2026-05-04T00:00:00.000000,Cargo,364.0,51.0,11.6,11.6,0.0,7.149122918925815,14.3,5.88912760168688,0.2,0.8,13.9,0.5758906454082782,0.30795388010629193,64.81999422451908,0.8736274377336397,1.913750815026334,58.621134531369634,2,0.0,0.0,0.9947754807908841,0.005224519209115886,0.3881141767785601,1.1195482922368616,57.78588187839482,9.983784646173941,13.378654595790023,1.0,0.0,0.0,0.0,0.0,44406,212348,7.137254762014613,0.03186813178058206,2.3263203992651436,4.782074090755546,2026-05-04T00:00:00.000000,9932921
2025-12-01T00:00:00.000000,Cargo,80.0,12.0,3.3,3.3,0.0,8.18254158549378,8.9,0.35151609259864536,7.8,8.2,8.6,0.0,0.0,25.727881794836893,0.0,0.0,1.4529447025325941,1,0.0,0.0,1.0,0.0,0.4077860052007408,1.6278794507261491,54.83586812677956,12.74369831560018,7.270106802072,0.0,0.0,0.0,0.0,0.0,6673,95369,6.666666111111158,0.04124999948437501,2.2758495016156233,14.293914868105515,2025-12-01T00:00:00.000000,9213703
2026-06-29T00:00:00.000000,Cargo,89.0,12.0,5.5,3.2,2.3,8.568737358154205,10.6,1.3510354173497838,6.9,8.6,10.0,0.0056246804158854614,0.07445031532299301,64.41577747371456,0.0,0.0,2.457124838071862,3,0.0,0.0,0.8104994034429862,0.18946650758479633,0.619148332199738,0.565741748433975,56.98991597143345,10.480747159877279,387.513331617291,0.0,0.0,0.0,0.0,0.0,29335,172702,7.416666048611163,0.061797752114632,2.2945347439864077,5.887434376491443,2026-06-29T00:00:00.000000,9953999
2025-12-15T00:00:00.000000,Cargo,120.0,17.0,6.9,4.5,2.4000000000000004,4.902941176470588,9.3,2.161580280148753,0.0,0.0,2.9,0.8513513513513513,0.0,109.34532886338569,0.0,0.0,79.70593607305935,4,0.0,0.38738738738738737,0.45045045045045046,0.14864864864864866,4.287461252515925,1.1252419629210417,54.45561102252251,8.61138968018018,340.84139250000004,0.0,0.0,0.0,0.0,0.0,222,296206,7.058823114186875,0.057499999520833345,1.3416104342837532,1340.2986425339366,2025-12-15T00:00:00.000000,9213911
2025-11-24T00:00:00.000000,Cargo,198.0,28.0,8.5,8.5,0.0,13.871203512981282,16.0,1.1386447883876245,12.4,14.1,15.1,0.0,0.9938205934946468,126.62708579959747,0.0,0.0,2.1559790850856744,1,0.0,0.0,1.0,0.0,1.1162934158148905,1.3680227198689017,56.01075219982344,11.249909447135515,34.841485853095975,1.0,0.0,0.0,0.0,0.0,44179,187691,7.07142831887756,0.04292929271247832,2.3712378577567352,4.248517361582688,2025-11-24T00:00:00.000000,9230232
2025-06-16T00:00:00.000000,Cargo,152.0,22.0,8.0,8.0,0.0,17.649951373693167,18.0,0.170593450327874,17.4,17.7,17.8,0.0,1.0,14.493198835819376,0.0,0.0,0.8609895453440305,1,0.0,0.0,1.0,0.0,0.6822637048188488,0.8359229125310895,56.800654168003895,7.771734304035983,9.301749084160003,0.0,0.0,0.0,0.0,0.0,8226,41751,6.909090595041336,0.05263157860110804,2.3447421603177716,5.076109422492401,2025-06-16T00:00:00.000000,9128049
2025-12-22T00:00:00.000000,Cargo,85.0,16.0,5.3,4.8,0.5,10.698024037482176,11.9,1.547117673638472,9.8,10.8,11.6,0.016823552974163828,0.7446424994992991,108.4765459393842,0.0,0.0,4.53490887242139,2,0.0,0.0,0.9815742038854396,0.018425796114560383,0.2888869273849429,1.5144565635595184,57.73968222211096,7.98795336711396,14.61905292624001,0.0,0.0,0.0,0.0,0.0,4993,422399,5.312499667968771,0.06235294044290658,1.1634530890683439,84.6151842948718,2025-12-22T00:00:00.000000,8405878
2026-04-13T00:00:00.000000,Cargo,189.0,26.0,10.0,10.0,0.0,15.966743740365787,18.8,2.975867799689503,15.2,16.6,17.4,0.008034713283228833,0.9522899970933854,67.93440623888765,0.0,0.0,5.698428231692315,1,0.0,0.0,1.0,0.0,1.087139436373422,1.831252524423591,56.183285735788736,10.676385825250177,33.75101176644004,0.0,0.0,0.0,0.0,0.0,48166,151438,7.269230489644981,0.05291005263010554,0.7392799038148266,3.1441503166199523,2026-04-13T00:00:00.000000,9765861
2025-08-11T00:00:00.000000,Cargo,104.0,15.0,5.4,3.5,1.9000000000000004,9.693430726630384,12.6,0.9477023279796651,8.6,9.3,10.9,0.0,0.4190298863744868,76.34581506745374,8.240781056048887,8.20795457185363,2.2079442375632574,1,0.0,0.0,1.0,0.0,1.3788209942788436,1.7034964135808095,56.89699400854579,7.8049740030554755,42.20249201684596,0.0,0.0,0.0,0.0,0.0,20946,493023,6.933332871111142,0.05192307642381658,2.4269198303895285,23.53893530675579,2025-08-11T00:00:00.000000,8813972
2026-06-15T00:00:00.000000,Cargo,300.0,40.0,11.1,10.6,0.5,13.475854584915899,18.2,4.44398143641764,6.6,13.5,17.3,0.07811717576364546,0.8545317976965449,78.9250345205883,0.0,0.0,8.579844767150727,3,0.0,0.05808713069604406,0.9246369554331497,0.01727591387080621,0.40986546413270686,1.730165522269061,53.61536436079118,6.7743495202804205,9.450716176536012,0.0,0.0,0.0,0.0,0.0,3994,320556,7.499999812500005,0.03699999987666667,2.4077502899911165,80.27948910593538,2026-06-15T00:00:00.000000,9262716
2026-03-16T00:00:00.000000,Cargo,89.0,13.0,5.7,3.8,1.9000000000000004,7.794322303882913,12.9,2.0906221923126584,5.6,6.9,9.7,0.011729793049590004,0.034345958609918,106.14176304616792,0.0,0.0,3.1988829521309836,2,0.0,0.0,0.9942366263178446,0.005763373682155408,0.7365958082252934,0.6476031962232399,56.37927199070676,10.85169907120656,8.931573048999992,0.0,0.0,0.0,0.0,0.0,64025,238339,6.846153319526668,0.06404494310061862,1.961137719640696,3.7226508809196552,2026-03-16T00:00:00.000000,9988516
2025-06-23T00:00:00.000000,Cargo,366.0,51.0,12.9,12.9,0.0,1.9760391198044012,10.9,1.5694733287856204,0.3,0.9,2.0,0.5019762845849802,0.015810276679841896,37.76489829851763,0.2379446640316205,0.6172617992878001,105.23267457180499,1,0.0,0.0,1.0,0.0,0.01880990853503143,0.05613488872779423,54.3795539486166,6.936342920948616,0.059901323234000256,0.0,0.0,0.0,1.0,0.0,759,83740,7.176470447520187,0.03524590154304399,1.0831652157798426,110.47493403693932,2025-06-23T00:00:00.000000,9962603
2026-04-06T00:00:00.000000,Cargo,99.0,16.0,5.0,4.1,0.9000000000000004,12.292355889724313,13.5,0.7798732187409187,11.8,12.5,12.9,0.0,0.9579305406373075,146.5327553770482,0.0,0.0,2.3556301467955607,1,0.0,0.0,1.0,0.0,0.408905275348825,0.03743004622201215,55.81624462656642,5.490784163891873,0.36224741810400024,0.0,0.0,0.0,0.0,0.0,11172,552459,6.187499613281274,0.050505049994898486,1.4104838620975488,49.45474890341062,2026-04-06T00:00:00.000000,9107394
2025-06-23T00:00:00.000000,Cargo,145.0,18.0,6.4,5.0,1.4000000000000004,10.32874840007314,13.9,4.663856351947573,0.0,0.0,11.0,0.7402703220858896,0.16160611579754602,103.49094263699492,0.0,0.0,61.015861052530674,2,0.0,0.0,0.9988496932515337,0.0011503067484662577,0.2947187131088389,0.4669850999409676,57.49755325613497,10.4857496089676,3.629078360401007,0.0,0.0,0.0,0.0,0.0,83456,388056,8.055555108024716,0.04413793073008324,2.358562702481997,4.649883170570966,2025-06-23T00:00:00.000000,9294977
2025-06-09T00:00:00.000000,Cargo,195.0,26.0,6.9,6.8,0.10000000000000053,17.124525394045534,99.0,2.4158939702326103,14.3,17.6,18.7,0.0013973310976035773,0.9860266890239642,84.73138553880122,0.0,0.0,0.9124798880727532,2,0.0,0.0,0.9987424020121568,0.0012575979878432194,0.5160091965716584,1.420401399326406,54.92627160734996,13.438346530636485,78.74163068251,1.0,0.0,0.0,0.0,0.0,14313,604694,7.4999997115384724,0.03538461520315582,1.8212712283499444,42.25083845723868,2025-06-09T00:00:00.000000,9443554
2025-06-09T00:00:00.000000,Cargo,176.0,26.0,10.2,6.7,3.499999999999999,11.211646077499736,14.1,2.772315031978956,6.5,12.9,13.5,0.0007385524372230429,0.7101709221354716,80.46132052760025,0.0,0.0,1.5744988394175987,1,0.0,0.0,1.0,0.0,0.9501209843131366,1.797767912147987,55.41305774667651,5.481144284975733,34.59045226050002,0.0,0.0,0.0,0.0,0.0,9478,583816,6.769230508875749,0.057954545125258265,2.52496465743958,61.603461010868415,2025-06-09T00:00:00.000000,9490105
2026-02-09T00:00:00.000000,Cargo,225.0,32.0,14.0,14.0,0.0,10.01953839608594,11.5,0.9727255862445112,8.8,10.2,11.1,0.001169267400824865,0.5685190696883371,123.71198987812558,0.0,0.0,1.9392618733789702,2,0.0,0.0,0.36279178536502404,0.0,1.1318271235817905,1.5078949317437966,56.06071363327522,11.118822422977168,35.25662526749997,0.0,0.0,0.0,0.0,0.0,47038,256548,7.031249780273445,0.062222221945679015,2.3644876499981415,5.454174373365649,2026-02-09T00:00:00.000000,9230141
2026-05-25T00:00:00.000000,Cargo,272.0,40.0,11.0,10.6,0.40000000000000036,11.978377281947262,18.8,5.073144466148887,0.0,11.6,14.6,0.18196911837954508,0.7464718578781339,62.10562022110408,0.0,0.0,22.03301228827632,4,0.0,0.11970778681720073,0.8645193425203387,0.015606840444960983,0.532127199495685,1.59277400196211,53.79662571625437,6.183159416237754,324.57255529951004,0.0,0.0,0.0,1.0,0.0,6023,333110,6.799999830000004,0.04044117632190744,2.877898947984063,55.3155097974095,2026-05-25T00:00:00.000000,9357949
2026-06-01T00:00:00.000000,Cargo,296.0,38.0,9.3,9.3,0.0,15.5990990990991,15.8,0.694719759784868,15.6,15.7,15.8,0.0,0.990990990990991,7.299641538100797,1.1162162162162164,1.487190184117231,1.9684684684684672,1,0.0,0.0,1.0,0.0,0.09814365497646922,0.3714437225347128,54.30192992792793,7.3551699729729725,1.2793743141660046,0.0,1.0,0.0,0.0,0.0,111,26223,7.789473479224383,0.03141891881277393,0.2878854520799615,238.3909090909091,2026-06-01T00:00:00.000000,9670597
2026-02-23T00:00:00.000000,Cargo,90.0,13.0,5.1,5.1,0.0,11.025905118601747,11.6,0.2250978803096383,10.7,11.0,11.3,0.0,1.0,9.714944527907267,0.0,0.0,1.9835830212234704,1,0.0,0.0,1.0,0.0,0.338436470033062,0.945661259807099,55.18484505160216,14.027759469205158,3.651835037416988,0.0,0.0,0.0,0.0,0.0,4806,43151,6.923076390532586,0.056666666037037045,2.6654952666786347,8.980437044745058,2026-02-23T00:00:00.000000,9331359
2025-09-22T00:00:00.000000,Cargo,95.0,13.0,3.9,3.9,0.0,10.788496047853021,12.5,0.9721037433790967,9.8,10.9,12.0,0.0,0.8419141209143346,27.56144498387736,0.0,0.0,2.098088015381329,1,0.0,0.0,1.0,0.0,0.37844043192697896,1.6082346058718695,54.76169879128391,12.39544988698996,10.292700895455,0.0,0.0,0.0,0.0,0.0,9362,98168,7.307691745562174,0.04105263114681441,2.2631306091076793,10.486913791261617,2025-09-22T00:00:00.000000,9259044
2026-04-20T00:00:00.000000,Cargo,200.0,32.0,13.3,13.3,0.0,10.821926910299004,11.6,0.21256593010190708,10.7,10.9,10.9,0.0,0.9606557377049181,1.8533983034733326,0.0,0.0,1.4328903654485041,1,0.0,0.0,1.0,0.0,0.014338356155397004,0.09315241858066459,55.78434671147541,16.408663770491803,0.01807862062399999,0.0,0.0,0.0,0.0,0.0,305,4034,6.249999804687507,0.0664999996675,0.9408801261048401,13.269736842105264,2026-04-20T00:00:00.000000,9731705
2026-05-18T00:00:00.000000,Cargo,89.0,13.0,4.8,4.8,0.0,10.155624404194471,14.5,2.049024370791397,5.7,10.8,11.5,0.0008844139057078712,0.8219606775971154,25.016379370494068,0.0,0.0,1.4277842030070074,1,0.0,0.0,1.0,0.0,0.4311811908671007,1.9085563462629458,54.735051306755565,11.996130743928159,18.59779876798798,0.0,0.0,0.0,0.0,0.0,14699,152965,6.846153319526668,0.05393258366367883,2.8306140483560047,10.407198258266432,2026-05-18T00:00:00.000000,9195822
2026-05-11T00:00:00.000000,Cargo,222.0,30.0,11.8,11.0,0.8000000000000007,16.13250422893291,18.8,1.3301882176302329,14.1,16.5,17.5,0.0,1.0,101.50313200195085,0.0,0.0,1.263462019678301,1,0.0,0.0,1.0,0.0,1.1640232365140286,1.7942200116065496,56.02853669797912,10.980500869578709,35.05182348779994,1.0,0.0,0.0,0.0,0.0,99907,595787,7.399999753333342,0.05315315291372454,2.5560273342593995,5.963475667127099,2026-05-11T00:00:00.000000,9330549
2026-03-16T00:00:00.000000,Cargo,225.0,32.0,7.3,7.2,0.09999999999999964,11.856235009142939,13.6,1.2978344881965822,10.1,12.2,12.7,0.0,0.9013843706218982,56.424135510153626,0.0,0.0,3.1410791042295,1,0.0,0.0,1.0,0.0,0.8906490456439958,2.51452891911839,56.620352461425206,10.064595468833852,29.38432029119997,0.0,0.0,0.0,0.0,0.0,42113,158235,7.031249780273445,0.032444444300246914,2.003335571916631,3.757480053191489,2026-03-16T00:00:00.000000,9285550
2025-07-14T00:00:00.000000,Cargo,90.0,15.0,4.8,4.0,0.7999999999999998,10.970078328981723,12.3,3.09837697474177,8.7,10.9,11.9,0.07405485801252118,0.8911832866383037,65.97820436224218,0.0,0.0,1.8948806641300597,3,0.0,0.0,0.9367022932447857,0.06326311784441908,0.718147999219084,2.398434608762665,57.17388976860019,9.628816472000276,435.7329636270989,0.0,0.0,0.0,0.0,0.0,28911,251221,5.999999600000027,0.053333332740740744,1.0327984597381799,8.689761328260118,2025-07-14T00:00:00.000000,9851220
2026-06-22T00:00:00.000000,Cargo,229.0,33.0,14.9,14.9,0.0,11.384247637850796,12.0,0.21368235694192372,11.1,11.4,11.6,0.0,1.0,13.399981529584963,0.8713439571287546,1.295722434759524,1.1548441686645041,1,0.0,0.0,0.0,0.0,0.38433622760177577,1.1627426107455252,55.15660784642505,14.149819030884219,6.560549729304995,0.0,0.0,0.0,0.0,0.0,7091,57199,6.939393729109281,0.06506550189927729,2.3399108248561133,8.067559943582511,2026-06-22T00:00:00.000000,1045643
2026-04-06T00:00:00.000000,Cargo,88.0,12.0,5.7,3.1,2.6,9.352078920041537,12.7,1.53531334709166,7.9,9.1,11.4,0.0036517553323927297,0.2872852518881235,81.6254789313559,4.765453564611171,6.337747584844862,2.7604158021412566,1,0.0,0.0,1.0,0.0,0.3675414517764608,1.6063908973697683,54.8752806671093,12.391927553116442,9.26988980527998,0.0,0.0,0.0,0.0,0.0,24098,474503,7.3333327222222735,0.06477272653667357,2.279663449136678,19.691372370004565,2026-04-06T00:00:00.000000,9194270
2025-11-24T00:00:00.000000,Cargo,89.0,13.0,5.4,3.6,1.8000000000000003,8.93430608587236,12.7,1.5724463158128401,7.0,9.5,10.9,0.0001168815989402735,0.27899637667043287,115.18587189855823,0.0,0.0,3.3785794989675457,1,0.0,0.0,1.0,0.0,1.0102904814141378,2.1328805185359734,56.06443740803367,10.320152879222348,19.82187672654,0.0,0.0,0.0,0.0,0.0,25667,583631,6.846153319526668,0.0606741566216387,2.4802102816296814,22.73946076521468,2025-11-24T00:00:00.000000,9263576
2025-08-11T00:00:00.000000,Cargo,128.0,16.0,7.0,4.5,2.5,10.319612970711296,13.8,5.441238651135499,0.0,0.4,12.0,0.5307881773399015,0.32561576354679805,86.09948190004593,0.0,0.0,22.85254572417202,3,0.0,0.28029556650246307,0.4751231527093596,0.24458128078817734,0.1595274942214275,0.7669809309378376,53.844373128078814,8.828039985221675,1.6881366285719726,0.0,0.0,0.0,0.0,0.0,4060,387739,7.999999500000031,0.05468749957275391,2.205379797505481,95.52574525745257,2025-08-11T00:00:00.000000,9385881
2025-10-06T00:00:00.000000,Cargo,117.0,16.0,6.1,4.5,1.5999999999999996,6.465190273172273,10.7,3.800688387007668,0.0,6.4,9.3,0.2854688267059401,0.003865979381443299,75.74921029810594,4.850536974532065,7.003862551098486,25.652353482663393,4,0.0,0.13003190967108494,0.8121011291114384,0.05780559646539028,0.43376490886003566,0.6508807384312856,57.378175332658316,11.55087383873343,415.753578206946,0.0,0.0,0.0,0.0,0.0,16296,421660,7.312499542968778,0.05213675169113887,2.4469245057991995,25.876649278919913,2025-10-06T00:00:00.000000,9301598
2025-06-16T00:00:00.000000,Cargo,88.0,14.0,5.4,4.0,1.4000000000000004,11.163222406442443,13.1,0.6342528519336905,10.2,11.3,11.6,0.0,0.9275817148270962,86.18564720159398,0.0,0.0,2.093658218853624,1,0.0,0.0,1.0,0.0,0.9234719752688418,2.599247956793031,56.44293287514803,10.702130966810753,39.54000190679997,0.0,0.0,0.0,0.0,0.0,33776,498114,6.285713836734726,0.06136363566632233,2.2073180883832717,14.748008882309401,2025-06-16T00:00:00.000000,9137038
2025-06-16T00:00:00.000000,Cargo,150.0,16.0,5.1,4.8,0.2999999999999998,6.67182215466464,15.2,4.066608072334687,0.7,4.7,13.9,0.10244182706118932,0.19988509049123815,123.59629581685286,0.0,0.0,14.011261131858662,3,0.0,0.062453318012065495,0.9365699511634588,0.0009767308244757254,0.1264068862920219,0.19508153624286398,53.915963379546106,7.98361541413387,0.9566690457060015,0.0,0.0,0.0,0.0,0.0,17405,498352,9.374999414062536,0.03399999977333333,3.245947610209242,28.634336934038153,2025-06-16T00:00:00.000000,9997282
2025-12-15T00:00:00.000000,Cargo,88.0,14.0,5.9,3.9,2.0000000000000004,8.662756703649565,12.0,2.1794499730857426,4.6,8.7,10.9,0.007493220419620344,0.2871925400827822,139.62944422465912,0.0,0.0,3.0773276559303486,2,0.0,0.0,0.9931728436176792,0.0068271563823207575,1.2901279203589866,0.8020601028525021,56.04865837171131,11.050770293329844,23.278620232725018,0.0,0.0,0.0,0.0,0.0,42038,397151,6.285713836734726,0.06704545378357439,2.8906362555521223,9.44765325784428,2025-12-15T00:00:00.000000,9225574
2025-06-30T00:00:00.000000,Cargo,197.0,33.0,11.7,11.7,0.0,10.968001860356956,13.0,1.351321235971387,8.9,11.3,12.0,0.0,0.8769257601302249,119.49154405218329,0.0,0.0,1.9452996918783796,1,0.0,0.0,1.0,0.0,0.3645085619677185,1.4235649616549215,54.95614127178652,11.923119169525027,6.640144654078009,0.0,0.0,0.0,0.0,0.0,17201,86556,5.9696967887970676,0.059390862642685976,2.294049426169318,5.032325581395349,2025-06-30T00:00:00.000000,9640592
2025-06-23T00:00:00.000000,Cargo,337.0,46.0,13.5,13.5,0.0,4.443647540983607,9.1,3.14466825763996,0.5,2.5,8.4,0.23411978221415608,0.0,110.71657964847127,0.0,0.0,49.24038112522686,1,0.0,0.0,1.0,0.0,0.018177350422126065,0.0907313225962577,54.26834511252269,7.362794793103448,0.05475054265200006,0.0,0.0,0.0,0.0,0.0,1102,67877,7.326086797258983,0.040059347062138435,2.512187881382751,61.6503178928247,2025-06-23T00:00:00.000000,9304435
2026-01-26T00:00:00.000000,Cargo,90.0,15.0,4.8,4.8,0.0,9.077460901563937,10.8,0.5293424774628824,8.5,9.0,9.8,0.0,0.04569150567310641,28.36523151026008,0.0,0.0,2.9703771849126035,1,0.0,0.0,1.0,0.0,0.060697029360188504,0.4643137849636554,54.51289515348053,10.998212489420423,0.7963312724640125,0.0,0.0,0.0,0.0,0.0,6522,41297,5.999999600000027,0.053333332740740744,2.4558723311956867,6.332924398098451,2026-01-26T00:00:00.000000,9728784
2025-09-01T00:00:00.000000,Cargo,94.0,18.0,7.5,7.5,0.0,8.849507826367597,16.4,5.615216546399898,0.0,4.9,14.3,0.22499684701727835,0.37977676882330685,90.89804636988747,0.0,0.0,25.228884474713077,4,0.0,0.0,0.7575040988775381,0.09433724303190819,0.2001123540319666,0.7013682435980868,57.79690388125867,9.09172484294993,2.625074580500005,0.0,0.0,0.0,0.0,0.0,31716,602853,5.2222219320987815,0.07978723319375285,2.5466511104575464,19.008450260129276,2025-09-01T00:00:00.000000,9829083
2025-12-01T00:00:00.000000,Cargo,225.0,32.0,14.8,14.8,0.0,9.816350756270344,10.7,0.4527086964149785,9.3,9.7,10.5,0.0,0.31342140532261153,12.068477647326228,0.0,0.0,1.7146276086540302,1,0.0,0.0,1.0,0.0,0.33564778756075103,1.0030324802580335,55.10641052938924,13.844069121769099,3.5356528347000094,0.0,0.0,0.0,0.0,0.0,5223,48992,7.031249780273445,0.0657777774854321,2.6507053184476383,9.381846036001532,2025-12-01T00:00:00.000000,9442469
2026-06-15T00:00:00.000000,Cargo,112.0,14.0,5.7,5.6,0.10000000000000053,6.8998919640303775,102.2,3.3135395278389908,2.2,8.3,9.5,0.02781912914030517,0.044070214613571516,26.24168612013555,0.0,0.0,4.982709220298953,1,0.0,0.0,1.0,0.0,0.49124431226467336,2.463921119930821,54.55736494175661,11.14255578126163,49.63784589560003,0.0,0.0,0.0,0.0,0.0,32244,243548,7.99999942857147,0.05089285668845664,2.2030815493785068,7.55351549173464,2026-06-15T00:00:00.000000,9268851
2025-07-14T00:00:00.000000,Cargo,176.0,31.0,8.3,7.9,0.40000000000000036,14.950939457202505,18.2,2.828426044965209,11.2,15.5,18.1,0.0,0.9613778705636743,29.389068869346364,0.0,0.0,1.3606471816283923,1,0.0,0.0,1.0,0.0,0.08795899036493544,0.559401526480335,53.90516050626306,8.691736124217119,1.3666237487210093,0.0,0.0,0.0,0.0,0.0,958,129335,5.6774191716961555,0.047159090641141536,2.4395184639046876,135.14629049111807,2025-07-14T00:00:00.000000,9318527
2026-05-04T00:00:00.000000,Cargo,88.0,11.0,4.8,4.8,0.0,8.293777946511431,9.5,2.8715250756652817,0.0,8.4,9.0,0.12396969136943264,0.0,81.1845989858267,0.0,0.0,11.423104786545926,1,0.0,0.0,1.0,0.0,0.7237267761470738,2.1788197035975156,56.92360413224912,10.092982036887822,23.518705472249998,0.0,0.0,0.0,0.0,0.0,27055,210567,7.999999272727339,0.05454545392561984,3.1342219303771635,7.7832113550676425,2026-05-04T00:00:00.000000,9145140
2025-06-16T00:00:00.000000,Cargo,183.0,25.0,6.5,6.0,0.5,15.676061752250956,20.1,4.447501631315704,11.8,15.0,19.1,0.043728241895876686,0.9187467332024971,100.40548661336872,2.6917178670401087,3.8794854239480965,6.362354658329964,2,0.0,0.0,0.9857690904249549,0.014230909575045119,0.31325880093249964,1.510308412620193,55.718025092821435,12.065678648280556,8.836433199460986,0.0,0.0,0.0,0.0,0.0,101399,578592,7.319999707200012,0.035519125488966526,1.6413705859552112,5.706148050257402,2025-06-16T00:00:00.000000,9129598
2025-12-22T00:00:00.000000,Cargo,114.0,23.0,7.4,7.4,0.0,13.535839999999999,17.7,1.4782150013012516,12.5,12.9,16.2,0.0,1.0,34.77591799245239,4.7628,5.387596599384011,1.9383199999999996,1,0.0,0.0,1.0,0.0,0.9488763338653731,1.134775317375424,54.8559014832,7.569027978399999,12.776274860271988,0.0,0.0,0.0,0.0,0.0,1250,80060,4.956521523629498,0.06491228013234843,2.503017148199549,64.09927942353883,2025-12-22T00:00:00.000000,9618135
2026-05-25T00:00:00.000000,Cargo,149.0,26.0,8.4,8.4,0.0,14.999497487437186,15.8,0.3629978277806271,14.4,15.0,15.4,0.0,1.0,8.177550697760667,0.39497487437185924,0.8772517199604657,1.1964824120603013,1,0.0,0.0,1.0,0.0,0.6984457564153533,0.3102390719499085,53.662299,4.7803333517587925,2.3860381597910005,0.0,0.0,0.0,0.0,0.0,199,35638,5.730769010355038,0.05637583854781317,2.754829832685672,179.989898989899,2026-05-25T00:00:00.000000,9981790
2025-11-17T00:00:00.000000,Cargo,172.0,27.0,5.8,5.8,0.0,11.324471235194585,14.5,1.5180854047416712,9.7,10.7,13.7,0.0,0.7787119289340102,63.27649442391509,0.0,0.0,7.10080372250423,1,0.0,0.0,1.0,0.0,0.6111689510045756,1.2792761891929931,57.07063656995559,10.578841085395517,8.567402605650004,0.0,0.0,0.0,0.0,0.0,18912,83237,6.370370134430735,0.03372093003650622,2.6348961347036566,4.401512347311089,2025-11-17T00:00:00.000000,9211559
2026-05-18T00:00:00.000000,Cargo,101.0,15.0,4.3,4.0,0.2999999999999998,10.025973473295979,12.2,1.7457140971180027,9.0,9.8,11.8,0.013787793952967526,0.3357362821948488,37.684930818492674,0.0,0.0,3.089144736842105,3,0.0,0.0029395296752519596,0.9967105263157895,0.0003499440089585666,0.36475076942084905,2.0197303305875582,54.65265753205487,12.422608021626539,21.927691345769954,0.0,0.0,0.0,0.0,0.0,14288,491253,6.733332884444475,0.04257425700421528,1.603927241405264,34.38461538461539,2026-05-18T00:00:00.000000,9857119
2026-06-01T00:00:00.000000,Cargo,88.0,12.0,5.8,5.8,0.0,9.574921903006095,11.5,0.9004311376291645,8.9,9.6,10.4,0.0031400781190166196,0.20469224681524598,39.22192685049069,0.0,0.0,2.640006637563503,2,0.0,0.0013275127007224732,0.9986724872992775,0.0,0.9640528928454213,1.5073259778495727,56.81050916407547,11.663809828470042,28.141086478960005,0.0,0.0,0.0,0.0,0.0,39171,174492,7.3333327222222735,0.06590909016012397,1.6658667958581488,4.454735767168752,2026-06-01T00:00:00.000000,9383924
2026-06-01T00:00:00.000000,Cargo,134.0,22.0,7.8,7.1,0.7000000000000002,13.44274654998317,17.1,4.089675169378602,9.3,12.4,16.6,0.05300490363781503,0.8648648648648649,105.08522100141042,0.0,0.0,8.159172083475882,2,0.0,0.0,0.9673394913901243,0.032660508609875696,0.7627090703827942,0.9608250522952939,56.94126976670088,10.884203522362869,16.715538414180013,1.0,0.0,0.0,0.0,0.0,43845,321009,6.090908814049599,0.058208954789485415,1.7849824039024547,7.3216175531429615,2026-06-01T00:00:00.000000,9231834
2025-06-23T00:00:00.000000,Cargo,223.0,32.0,9.9,9.9,0.0,15.061290322580644,15.9,6.19475616025392,0.0,0.0,15.0,0.7847222222222222,0.2152777777777778,59.627971424528205,0.0,0.0,73.07708333333333,2,0.0,0.7847222222222222,0.2152777777777778,0.0,0.03901069636570139,0.18319852641393664,54.04366501388889,8.174581499999999,0.04979731417200005,1.0,0.0,0.0,0.0,0.0,144,76450,6.96874978222657,0.044394618635001715,2.4214024233655604,534.6153846153846,2025-06-23T00:00:00.000000,9355288
2026-03-16T00:00:00.000000,Cargo,180.0,30.0,10.4,10.4,0.0,11.397368328342434,12.7,0.5256898556583881,10.7,11.5,12.0,0.0,0.9714990311784393,124.28304734552513,0.0,0.0,1.544107803417298,1,0.0,0.0,1.0,0.0,0.6872079253068591,1.1450601222971428,55.30478747708296,11.879755288462215,11.504328314185011,0.0,0.0,0.0,0.0,0.0,28385,108395,5.9999998000000065,0.05777777745679013,2.472936300883242,3.8188768320180384,2026-03-16T00:00:00.000000,9450818
2025-05-26T00:00:00.000000,Cargo,156.0,26.0,6.2,6.2,0.0,10.446774193548388,13.4,1.3024504193200763,9.3,10.1,12.9,0.0,0.5111436950146627,28.01371241949602,1.4140762463343108,1.7561528545073284,2.2036950146627565,1,0.0,0.0,1.0,0.0,0.8099585848348736,0.7998736271329081,54.90255482785924,7.424430709384165,7.872565247919988,0.0,0.0,0.0,0.0,0.0,3410,72863,5.999999769230778,0.039743589488823144,2.764018639466278,21.373716632443532,2025-05-26T00:00:00.000000,9381706
2025-06-16T00:00:00.000000,Cargo,90.0,14.0,4.1,4.1,0.0,6.125811642877134,10.1,1.0667202815770678,5.5,6.1,6.7,0.019971175622812434,0.0041863976391462495,24.37743230272903,0.0,0.0,5.4601262782238695,2,0.0,0.0,0.983597556790886,0.016402443209113993,0.44662510846484393,1.20876609154121,54.90659021686912,13.268325565781348,7.295180912751986,0.0,0.0,0.0,0.0,0.0,14571,150795,6.428570969387788,0.04555555504938272,1.124942401285826,10.349691146190803,2025-06-16T00:00:00.000000,9167332
2025-06-23T00:00:00.000000,Cargo,110.0,14.0,5.7,4.6,1.1000000000000005,8.810361637302954,12.8,1.4493116940428192,7.6,8.2,11.1,0.0,0.2707836591956764,50.66582583654895,0.0,0.0,2.9353265333156706,2,0.0,0.0,0.999973507126583,0.0,0.8733463873665006,1.5016150495177563,57.093481956949084,10.598342070577015,499.967521674105,0.0,0.0,0.0,0.0,0.0,37746,307732,7.857142295918408,0.051818181347107445,2.414937793884109,8.152920916677706,2025-06-23T00:00:00.000000,9341720
2025-08-18T00:00:00.000000,Cargo,89.0,14.0,5.1,4.4,0.6999999999999993,10.541152726310216,13.5,3.66864333480764,0.0,10.8,12.2,0.10897814530419374,0.7142350856467808,87.13364763999915,0.0,0.0,18.018275251033668,2,0.0,0.0,0.9044300059066746,0.09556999409332546,0.7150503620740415,0.8525658742181154,57.49210785428234,9.058094795924395,8.400861636471996,0.0,0.0,0.0,0.0,0.0,16930,327714,6.357142403061257,0.05730337014265876,3.3254790834445083,19.358142831827042,2025-08-18T00:00:00.000000,7724203
2025-07-14T00:00:00.000000,Cargo,100.0,13.0,6.2,6.2,0.0,9.142958421153477,10.8,0.5781542569956053,8.8,9.0,9.9,0.0013394565633371603,0.06314580941446613,65.66422402548508,0.0,0.0,1.4777267508610785,2,0.0,0.0,0.9986605434366629,0.0013394565633371603,0.8297673835830408,2.1562456242697463,56.96382254688099,10.437003399349408,191.45783929483804,0.0,0.0,0.0,0.0,0.0,5226,191616,7.692307100591762,0.06199999938000001,1.9026031272571495,36.67291866028708,2025-07-14T00:00:00.000000,9518244
2025-11-10T00:00:00.000000,Cargo,90.0,13.0,6.1,4.1,2.0,8.326190169564285,10.6,2.075708655932131,6.7,8.0,9.9,0.040113962466709334,0.056547680492185726,105.85749912678071,0.0,0.0,3.7583214617528644,3,0.0,0.025827363379234882,0.9108532733241117,0.06331936329665339,0.7456627532525485,1.477341945608207,56.10131926547887,12.158593334950552,15.780573515299977,0.0,0.0,0.0,0.0,0.0,48437,604698,6.923076390532586,0.06777777702469136,1.5416414289227691,12.4844743579156,2025-11-10T00:00:00.000000,9851751
2025-06-23T00:00:00.000000,Cargo,172.0,28.0,9.3,7.8,1.5000000000000009,14.95385800464037,17.7,1.4497756745383232,13.7,15.1,16.6,0.00031543985304213903,0.9994062308648619,67.59261822758258,2.378412380316188,3.946503064328823,2.2459084836339347,3,0.0,0.0,0.9996660048614848,0.00031543985304213903,1.153006060451701,1.9531172375072268,56.00564966001151,11.27303719111944,640.1276578682961,0.0,0.0,0.0,0.0,0.0,53893,604604,6.142856923469395,0.05406976712750136,2.0003080825696813,11.218807986343057,2025-06-23T00:00:00.000000,9629160
2026-04-20T00:00:00.000000,Cargo,90.0,13.0,5.6,3.4,2.1999999999999997,9.520329670329671,13.7,2.8692999787645155,6.2,9.8,10.7,0.0779155453836674,0.4244108548577752,86.65342736520674,0.0,0.0,4.762790171273358,3,0.0,0.0035210382032645053,0.9326475692261261,0.0638313925706094,0.5987251086154074,0.9189285816636986,55.87780733306508,13.17315901747944,9.70292815875601,0.0,0.0,0.0,0.0,0.0,39761,604676,6.923076390532586,0.0622222215308642,1.5683262346139937,15.20814889336016,2026-04-20T00:00:00.000000,9374698
2026-04-27T00:00:00.000000,Cargo,87.0,11.0,4.3,2.4,1.9,7.188298210314518,10.6,2.8874376732219322,0.0,6.9,9.6,0.11049525856380672,0.022396923250947345,87.44123090713875,0.0,0.0,9.250293169434965,3,0.0,0.0,0.9018155081726147,0.0981467865693871,0.5301486059652777,0.4738102819416433,55.55736923667591,11.024694221047078,442.52797099472394,0.0,0.0,0.0,0.0,0.0,53043,381192,7.90909019008271,0.049425286788215096,3.3247459379935136,7.18660683986275,2026-04-27T00:00:00.000000,9479565
2025-11-03T00:00:00.000000,Cargo,90.0,13.0,6.1,3.9,2.1999999999999997,7.037548854342261,10.1,1.9120395264640249,5.6,6.9,8.3,0.056838722635067285,0.00022447219498363715,97.32641823133007,0.0,0.0,7.327129382284106,3,0.0,0.0,0.9650295948867597,0.03495859078718855,1.0884513363878925,0.30584402771988917,56.277385804283874,10.82459156200749,414.36480059211993,0.0,0.0,0.0,0.0,0.0,84643,604789,6.923076390532586,0.06777777702469136,1.412103960470527,7.145258854941991,2025-11-03T00:00:00.000000,9851775
2026-03-30T00:00:00.000000,Cargo,55.0,9.0,3.0,2.6,0.3999999999999999,8.490845723184162,11.0,3.2925033316323806,0.0,8.3,9.5,0.1676086352265357,0.02615893017078971,114.25294663967908,0.0,0.0,20.33018314339541,3,0.0,0.0001853052904660428,0.9893140615831248,0.010500633126409092,0.5926756949835509,1.5803534442086935,55.18574573022639,12.107289380462644,13.035844056592005,0.0,0.0,0.0,0.0,0.0,32379,604590,6.111110432098841,0.05454545355371903,2.8853416861839096,18.67286429056767,2026-03-30T00:00:00.000000,6604690
2025-10-13T00:00:00.000000,Cargo,90.0,14.0,6.1,6.0,0.09999999999999964,9.673351659139996,11.4,0.5271514433247395,9.1,9.7,10.4,0.0,0.17219713332024347,99.04389367093165,0.0,0.0,2.9010602788140587,1,0.0,0.0,1.0,0.0,1.0209513221779463,1.8139667423729149,56.92795905317102,11.196118108423327,24.38484009073498,0.0,0.0,0.0,0.0,0.0,25465,603868,6.428570969387788,0.06777777702469136,2.466079815168697,23.714577442664154,2025-10-13T00:00:00.000000,9291705
2025-09-29T00:00:00.000000,Cargo,88.0,13.0,5.8,5.8,0.0,7.347477064220183,8.2,0.27083194420429135,7.1,7.3,7.9,0.0,0.0,6.474622073318398,4.619036697247707,3.1275534838036765,0.9440366972477069,1,0.0,0.0,1.0,0.0,0.023762597553170735,0.20234767159541128,54.01245626146789,7.659196474770643,0.07101897144999764,0.0,0.0,0.0,0.0,0.0,436,13744,6.76923024852075,0.06590909016012397,2.9538503978916046,31.595402298850576,2025-09-29T00:00:00.000000,9148180
2026-04-06T00:00:00.000000,Cargo,31.0,7.0,2.1,2.1,0.0,7.124193022497554,11.0,3.717817635791763,0.0,5.1,8.5,0.43106522259772745,0.0018893530961441231,106.986350595213,0.0,0.0,47.945705048032146,2,0.0,0.0,0.882035179222438,0.11796482077756193,0.18656827015184763,0.44459557948121115,55.2035713003007,10.516516435695467,1.0263412578320035,0.0,0.0,0.0,0.0,0.0,75158,604432,4.428570795918458,0.06774193329864732,2.286286888276303,8.042258206155115,2026-04-06T00:00:00.000000,5170109
2025-09-29T00:00:00.000000,Cargo,68.0,14.0,3.0,3.0,0.0,4.774405517790892,7.2,2.053966642847396,0.0,4.6,5.5,0.21618772450413867,0.0,91.26846531076347,0.0,0.0,38.56554209806603,2,0.0,0.0,0.9412580040605966,0.05874199593940341,0.7924542033915337,1.1847165313899186,56.691076967222386,9.470307736334531,7.5109024598600085,0.0,0.0,0.0,0.0,0.0,51224,604401,4.857142510204107,0.044117646410034614,2.6777442279350616,11.79940651660387,2025-09-29T00:00:00.000000,9808871
2026-06-22T00:00:00.000000,Cargo,366.0,48.0,13.0,12.5,0.5,13.687343707660744,19.4,4.999668120836421,8.8,13.3,18.4,0.041450001870487446,0.6149975683663162,108.44224317659591,0.0,0.0,5.735237008492649,5,0.0,0.014384048483034678,0.5319292207549288,0.0009726534734951929,1.3058568995597162,2.212930840404375,56.107746033575246,10.402036239347574,653.027942014656,1.0,0.0,0.0,0.0,0.0,53462,512142,7.624999841145837,0.03551912558601332,1.920127066007513,9.579731018873572,2026-06-22T00:00:00.000000,9467392
2025-09-22T00:00:00.000000,Cargo,166.0,23.0,9.3,9.3,0.0,13.540010604749812,16.4,1.694100571669018,11.6,14.4,15.1,0.0,0.9842882259369855,57.15207340897088,0.0,0.0,1.4104289342226435,1,0.0,0.0,1.0,0.0,1.1338625031752638,1.2998361874686908,56.1188446135964,11.342619374068596,28.270896604301033,0.0,0.0,0.0,0.0,0.0,35833,142573,7.217390990548218,0.05602409604804762,2.0659918263057997,3.97892944853762,2025-09-22T00:00:00.000000,9419008
2025-07-14T00:00:00.000000,Cargo,53.0,8.0,1.2,1.2,0.0,6.280597014925373,7.2,3.1010424847162206,0.0,5.9,6.8,0.3853211009174312,0.0,101.0416440608653,0.0,0.0,2.359633027522934,1,0.0,0.0,1.0,0.0,0.02992203454327259,0.010662703563363081,53.65597606422018,7.1492640825688065,0.0022453843000000482,0.0,0.0,0.0,0.0,0.0,109,28690,6.624999171875104,0.022641509006763982,2.1928102696767806,265.64814814814815,2025-07-14T00:00:00.000000,8891807
2026-05-04T00:00:00.000000,Cargo,82.0,12.0,5.5,3.7,1.7999999999999998,10.328834073847096,12.0,2.3312880155656366,8.4,10.6,11.4,0.03482979773063641,0.752047360631475,106.47957386657338,0.0,0.0,7.387597434632462,2,0.0,0.0,0.967094227923039,0.03290577207696103,0.8702576276556102,0.9835692340312705,57.015395520078926,11.692869828663047,11.822933335424,0.0,0.0,0.0,0.0,0.0,20270,416367,6.8333327638889365,0.06707316991374183,1.2868417343235818,20.54205930238295,2026-05-04T00:00:00.000000,9197806
2025-06-09T00:00:00.000000,Cargo,113.0,16.0,4.5,4.5,0.0,7.070524412296564,7.3,0.12517775709107176,6.9,7.1,7.2,0.0,0.0,7.758632802907954,0.0,0.0,3.3640144665461116,1,0.0,0.0,1.0,0.0,0.029211107997331138,0.1137308821200808,57.73347443942134,8.02092208318264,0.035086553205000946,0.0,0.0,0.0,0.0,0.0,553,6919,7.062499558593777,0.039823008497141515,2.3965727649919044,12.534420289855072,2025-06-09T00:00:00.000000,8918485
2025-06-23T00:00:00.000000,Cargo,366.0,52.0,12.7,12.5,0.1999999999999993,12.633333333333335,19.0,2.601424578200485,11.5,12.2,18.6,0.0,0.9640522875816994,25.1551232869083,0.0,0.0,2.413725490196079,1,0.0,0.0,1.0,0.0,0.26938508586732995,1.4405743687905774,53.60854724509804,5.9237869477124185,2.9147820622829874,1.0,0.0,0.0,0.0,0.0,306,46210,7.038461403106512,0.03469945345710532,2.7292727723971133,151.50819672131146,2025-06-23T00:00:00.000000,9516416
2025-12-22T00:00:00.000000,Cargo,107.0,18.0,6.3,4.2,2.0999999999999996,10.937614039533704,14.0,1.919732455494185,10.0,10.9,12.6,0.0191166364715437,0.883800837133754,75.06641606613343,0.0,0.0,5.219124078470573,3,0.0,0.0,0.9879427750359218,0.011994752295870556,0.5466184704226844,1.2793958540415635,54.730400600362344,12.812964576185419,592.168422656064,0.0,0.0,0.0,0.0,0.0,16007,304952,5.944444114197549,0.0588785041226308,1.3543546853126534,19.052355366737473,2025-12-22T00:00:00.000000,9053828
2026-05-25T00:00:00.000000,Cargo,202.0,31.0,9.7,9.7,0.0,15.601335628635876,17.1,0.6392112446657165,14.8,15.6,16.4,0.0,1.0,132.0435297929684,0.0,0.0,1.7350320550872609,1,0.0,0.0,1.0,0.0,1.033682159914113,1.1760564887752147,55.80034003383592,11.7342506958922,19.481647975256983,0.0,1.0,0.0,0.0,0.0,33692,100758,6.51612882206036,0.04801980174247623,2.5030809615306047,2.990650322044463,2026-05-25T00:00:00.000000,9039250
2025-08-04T00:00:00.000000,Cargo,89.0,13.0,5.5,3.4,2.1,9.082775867458581,12.8,2.1196655994531985,6.4,9.1,11.4,0.01383700264770955,0.3141344165971492,99.69108278731059,0.0,0.0,2.777021145406405,2,0.0,0.0,0.9822458380182075,0.017754161981792464,0.9148921362871131,2.047953869973322,56.45818349780567,11.255209098708788,34.939470199637,0.0,0.0,0.0,0.0,0.0,55142,602434,6.846153319526668,0.061797752114632,2.358861531002012,10.925336863676756,2025-08-04T00:00:00.000000,9007063
2026-04-27T00:00:00.000000,Cargo,110.0,15.0,6.5,4.5,2.0,11.370168537529182,12.6,0.7436429062588712,10.1,11.7,12.0,0.0,0.9156992548530494,106.37225649762894,0.0,0.0,1.375490102017973,1,0.0,0.0,1.0,0.0,1.026538714813537,1.9512179931960523,56.21685740727237,12.431234102945409,35.78160567456001,0.0,0.0,0.0,0.0,0.0,31269,474990,7.333332844444477,0.05909090855371901,2.554986309991476,15.190930024306,2026-04-27T00:00:00.000000,9247132
2026-03-02T00:00:00.000000,Cargo,90.0,14.0,3.4,3.4,0.0,11.565714285714286,11.8,0.0882802159875887,11.5,11.6,11.7,0.0,1.0,3.4853248594088027,0.0,0.0,1.354857142857147,1,0.0,0.0,1.0,0.0,0.17363495851051072,0.03969571901812618,56.02830625142858,3.688807122285714,0.0912275621999998,0.0,0.0,0.0,0.0,0.0,875,13168,6.428570969387788,0.0377777773580247,2.2654875984956635,15.066361556064074,2026-03-02T00:00:00.000000,9488815
2025-12-22T00:00:00.000000,Cargo,139.0,22.0,8.9,8.9,0.0,12.795652173913043,13.3,0.2527905682577575,12.4,12.9,13.1,0.0,1.0,17.112648434512472,9.749885583524026,7.582683751600557,3.7983981693363846,1,0.0,0.0,1.0,0.0,0.2884846088982074,0.07378605421710784,56.40707364988558,6.367135169336385,0.18237486539399994,1.0,0.0,0.0,0.0,0.0,437,14113,6.318181530991748,0.0640287765177786,2.7690797000248377,32.36926605504587,2025-12-22T00:00:00.000000,9347803
2025-06-09T00:00:00.000000,Cargo,108.0,18.0,5.5,5.3,0.20000000000000018,11.334855827900004,12.9,1.8280462860302384,10.4,11.4,12.2,0.019869361512944154,0.9249341677781198,60.57223713974014,3.682565575732704,4.779077648601038,3.829533873670531,2,0.0,0.019527375944735133,0.9804726240552649,0.0,0.8498622958205844,2.0329359839094727,56.691182825518965,11.171637338497316,24.159846097024985,0.0,0.0,0.0,0.0,0.0,29241,192195,5.999999666666685,0.05092592545438958,0.9846572425972927,6.573016415868673,2025-06-09T00:00:00.000000,9516179
2026-01-26T00:00:00.000000,Cargo,190.0,26.0,6.8,6.5,0.2999999999999998,14.126936026936026,16.5,0.5132206908680689,13.7,14.1,14.5,0.0,0.9990822881615172,144.7324937346354,0.0,0.0,3.480808080808081,2,0.0,0.0,0.9993881921076782,0.0,1.292695360167183,0.5564067182967938,55.90222816488224,11.198651048332824,441.1301019433,0.0,0.0,0.0,0.0,0.0,3269,189546,7.30769202662723,0.035789473495844874,1.558780570335739,58.00061199510404,2026-01-26T00:00:00.000000,9343273
2026-05-25T00:00:00.000000,Cargo,168.0,25.0,10.4,7.8,2.6000000000000005,11.623761246139384,14.5,0.4934186589578606,11.1,11.6,12.2,0.0,0.999093625163651,58.5761287094756,0.0,0.0,1.630656640257822,2,0.0,0.0,0.9999664305616167,0.0,1.1716519599729607,1.0430369749581043,56.21780892144751,10.809947062204168,485.28640875,0.0,0.0,0.0,0.0,0.0,29789,357331,6.71999973120001,0.06190476153628118,2.2293396301300246,11.99580367933396,2026-05-25T00:00:00.000000,9306067
2026-05-11T00:00:00.000000,Cargo,108.0,18.0,6.7,6.7,0.0,7.926198547215496,11.0,3.4903801715831593,1.0,9.8,10.5,0.0758320726172466,0.3033282904689864,35.76067805747308,0.0,0.0,18.169686081694397,1,0.0,0.0,1.0,0.0,0.11125724486764887,0.9436813806541801,54.5624808075832,11.236952487802572,3.2795411048760057,0.0,0.0,0.0,0.0,0.0,10576,85558,5.999999666666685,0.062037036462620036,2.721765770840155,8.090591016548464,2026-05-11T00:00:00.000000,9421063
2025-08-04T00:00:00.000000,Cargo,257.0,32.0,10.3,10.3,0.0,13.941085246167571,79.1,1.934089631497597,13.3,13.9,14.7,0.00035675482835227916,0.9878216874503382,65.94863662354271,0.0,0.0,2.2494429759839134,1,0.0,0.0,1.0,0.0,1.1286113933466477,2.005398847672707,55.86643275512024,10.749691322230692,36.81228486716594,1.0,0.0,0.0,0.0,0.0,61667,184600,8.031249749023447,0.04007782085572833,0.7238543929639721,2.9935458761716345,2025-08-04T00:00:00.000000,9227285
2025-06-16T00:00:00.000000,Cargo,177.0,28.0,10.0,10.0,0.0,11.159165051679587,13.0,3.083771554045345,10.0,11.1,12.4,0.07144738327250837,0.8836299334060724,118.86138315045957,0.0,0.0,8.725945295157832,2,0.0,0.06380977463410964,0.9361902253658904,0.0,0.7589652649341488,1.4687820692944549,56.97601471439858,10.357801422965501,17.431482292321995,0.0,0.0,0.0,0.0,0.0,26579,224205,6.321428345663273,0.05649717482204986,0.7782675142016033,8.43573632327489,2025-06-16T00:00:00.000000,9338137
2026-06-08T00:00:00.000000,Cargo,143.0,23.0,9.9,9.9,0.0,13.327237890864499,14.6,0.7716801780962518,12.0,13.4,14.2,0.0,1.0,131.1175763776018,0.0,0.0,1.9615266707541386,1,0.0,0.0,1.0,0.0,0.8170073858930037,1.4908380577978195,55.64002668056407,11.14482702272379,23.045637407519976,0.0,0.0,0.0,0.0,0.0,26096,200584,6.217391034026477,0.06923076874663799,2.850918309848414,7.686683272657597,2026-06-08T00:00:00.000000,9208198
2025-11-24T00:00:00.000000,Cargo,170.0,26.0,9.4,9.4,0.0,13.992118165456464,16.2,3.068345100720061,7.6,14.9,15.5,0.007951673549898293,0.8916353325525489,28.549879424124004,1.5581704986747211,3.194076768401343,2.0577821611292615,1,0.0,0.0,1.0,0.0,0.19266966248809456,1.818410188699464,54.6012463207175,12.119190317697097,8.52493403780198,1.0,0.0,0.0,0.0,0.0,16223,87439,6.538461286982258,0.05529411732179931,2.5746769564704826,5.390149180125755,2025-11-24T00:00:00.000000,9387425
2025-10-27T00:00:00.000000,Cargo,117.0,17.0,4.2,4.2,0.0,10.51858407079646,11.1,0.17987726972606743,10.3,10.5,10.8,0.0,1.0,4.268692440102123,0.8553097345132743,0.7925098550311238,1.4117699115044244,1,0.0,0.0,1.0,0.0,0.06575655518695384,0.2709184765954223,55.55504846902655,15.269981067256637,0.2217984738099984,0.0,0.0,0.0,0.0,0.0,1130,12322,6.882352536332204,0.03589743559062021,2.779657602674513,10.9140832595217,2025-10-27T00:00:00.000000,9350771
2026-01-19T00:00:00.000000,Cargo,210.0,30.0,10.1,8.9,1.1999999999999993,12.884384316389298,20.0,4.254437364680581,8.8,11.1,17.2,0.03271856550110585,0.754226909649235,100.94143627887736,0.0,0.0,5.840720905152717,2,0.0,0.0,0.9721069659471019,0.02789303405289806,0.7682831035699712,1.48665214406254,57.0254052933521,8.985864091520591,20.4630887377,0.0,0.0,0.0,0.0,0.0,54709,598821,6.999999766666674,0.04809523786621315,1.9744086715969293,10.945766615485852,2026-01-19T00:00:00.000000,9434943
2026-04-06T00:00:00.000000,Cargo,89.0,16.0,6.3,3.9,2.4,10.06891293147862,11.3,2.9884112025514806,6.6,10.3,10.6,0.0826548002272297,0.6964590039765196,80.46587857613943,0.0,0.0,4.029359969702709,2,0.0,0.0,0.9248248437795872,0.0751751562204128,0.28185269954138026,0.6919278155658931,55.346898918292,14.644838871331189,3.8920542259200173,0.0,0.0,0.0,0.0,1.0,10562,411811,5.562499652343772,0.07078651605857847,1.3385034355651588,38.99356121579396,2026-04-06T00:00:00.000000,9968176
2025-12-22T00:00:00.000000,Cargo,166.0,21.0,9.5,6.1,3.4000000000000004,8.499075636208975,92.6,1.7304867673335544,6.4,8.7,10.0,2.8353511582409482e-05,0.09389265360514899,92.38804590833776,0.0,0.0,2.694811307380419,1,0.0,0.0,1.0,0.0,1.144742922870351,1.7494933887714206,56.724054087045275,10.520559482576768,27.98601195850204,0.0,0.0,0.0,0.0,0.0,70538,395942,7.904761528344689,0.0572289153178981,2.080338311519595,5.613252619192764,2025-12-22T00:00:00.000000,9101730
2026-01-05T00:00:00.000000,Cargo,272.0,40.0,10.4,10.4,0.0,13.758099173553719,17.7,2.6743906096121144,11.4,13.9,17.3,0.0,0.9578512396694215,59.5758382051188,0.0,0.0,3.0663636363636373,1,0.0,0.0,1.0,0.0,0.1403459687449952,0.47497945140069175,53.8128155714876,9.131302591735539,2.1385966036850115,0.0,0.0,0.0,0.0,0.0,2420,328039,6.799999830000004,0.038235293977076125,2.2061092245408735,135.60934270359652,2026-01-05T00:00:00.000000,9283198
2025-09-01T00:00:00.000000,Cargo,87.0,11.0,3.7,2.7,1.0,9.635304825946427,52.3,2.616185094719615,8.6,9.7,10.5,0.02364607170099161,0.2202690520768324,82.8679946619685,0.0,0.0,4.198086679228874,3,0.0,0.0,0.9798904375563414,0.020040219124887317,0.644267138051383,1.9814891459743018,55.299626554885236,12.927335006795646,749.541047634306,0.0,0.0,0.0,0.0,0.0,28842,501234,7.90909019008271,0.04252873514334787,0.72624803099247,17.379217086786173,2025-09-01T00:00:00.000000,9479565
2026-05-25T00:00:00.000000,Cargo,82.0,19.0,5.8,5.8,0.0,0.6525000000000001,0.8,0.1054996466559967,0.0,0.1,0.3,1.0,0.0,77.39752059662216,0.0,0.0,94.33366470459995,1,0.0,0.0,0.0,0.0,2.071567217311525e-05,3.850293711020086e-05,56.90097966069326,3.6685961994767813,4.4805000001064896e-08,0.0,0.0,0.0,0.0,0.0,22935,46935,4.315789246537408,0.07073170645449138,2.8435844661521594,2.0465248103252813,2026-05-25T00:00:00.000000,9627289
2026-03-02T00:00:00.000000,Cargo,115.0,18.0,6.2,6.1,0.10000000000000053,12.578499242041433,48.3,1.7807377042595145,11.8,12.4,13.6,0.0,0.9909044972208186,108.98860783795482,0.0,0.0,1.0964881253158159,1,0.0,0.0,1.0,0.0,0.4125125126367104,1.0451473192400749,55.671611299477846,13.314914083459657,6.263578921849982,0.0,0.0,0.0,0.0,0.0,11874,60320,6.388888533950636,0.0539130430094518,1.010816463804831,5.080434599511497,2026-03-02T00:00:00.000000,9795995
2026-03-09T00:00:00.000000,Cargo,147.0,23.0,7.0,6.9,0.09999999999999964,13.679721773469755,15.9,2.4318959535205633,12.2,14.2,15.2,0.017742191495740817,0.964656707994568,142.0429348147408,1.7094289040177784,3.9204474356641996,3.4412569270410502,4,0.0,0.0065960035978201445,0.9823636267437964,0.01098746053861484,1.106673202100773,0.9431191860890935,56.19809546136753,10.728822975838167,446.10524140608396,0.0,0.0,0.0,0.0,0.0,56701,247089,6.391304069943301,0.047619047295108526,1.2336049007574172,4.357830687830687,2026-03-09T00:00:00.000000,1034333
2026-02-09T00:00:00.000000,Cargo,135.0,17.0,6.6,6.6,0.0,10.51014734375704,12.8,1.6387104842876716,9.5,10.6,11.6,0.012115812917594655,0.7385746102449888,90.18153791456015,0.0,0.0,2.9804988864142543,2,0.0,0.008017817371937639,0.9919821826280624,0.0,0.9346244506249827,1.7965542056005468,56.676717972472154,11.694840101024498,21.933029501999954,0.0,0.0,0.0,0.0,0.0,22450,162373,7.941176003460234,0.04888888852674897,1.2814946499949897,7.232972515479531,2026-02-09T00:00:00.000000,9142514
2025-12-01T00:00:00.000000,Cargo,88.0,13.0,6.0,6.0,0.0,8.696267243711116,9.6,0.3872174601718113,8.2,8.7,9.1,0.0,0.0,24.93553085016241,0.0,0.0,1.628698945090614,1,0.0,0.0,1.0,0.0,0.08119976062296574,1.4517201222558125,54.582559637002966,12.270374878550177,1.770466648525009,0.0,0.0,0.0,0.0,0.0,3697,78133,6.76923024852075,0.06818181740702481,2.3242693532758345,21.139880952380953,2025-12-01T00:00:00.000000,9139335
2025-07-14T00:00:00.000000,Cargo,88.0,13.0,5.3,5.3,0.0,9.074605629446335,10.0,0.5274885392969095,8.4,9.0,9.9,0.0,0.0,7.679913972169543,2.9630992885864518,2.7146904935179346,2.0704918032786876,1,0.0,0.0,1.0,0.0,0.18078855905388416,0.5250350462982453,58.245305057222396,8.687212661614598,2.0484546970199884,0.0,1.0,0.0,0.0,0.0,3233,36540,6.76923024852075,0.060227272042871906,2.8436582875166567,11.305693069306932,2025-07-14T00:00:00.000000,9171058
2026-05-25T00:00:00.000000,Cargo,25.0,10.0,2.4,2.4,0.0,3.4176189210736116,12.9,3.7674487482187433,0.3,1.1,10.8,0.41008293321693584,0.13029244871235268,106.2260832627469,0.0,0.0,74.57708424268878,1,0.0,0.0,1.0,0.0,0.011185383793879686,0.045095421974962226,54.03227755521606,6.188644323439545,0.130292312288,0.0,0.0,0.0,0.0,0.0,4582,452147,2.499999750000025,0.09599999616000014,2.78703120193293,98.70050207378301,2026-05-25T00:00:00.000000,9672959
2025-07-07T00:00:00.000000,Cargo,190.0,24.0,6.2,6.2,0.0,11.90180563944432,13.1,0.9971123553138492,11.2,12.1,12.6,0.0021570182394924664,0.9597779540047582,46.10833041317989,0.0,0.0,2.1525265662172877,2,0.0,0.0,0.9978429817605076,0.0021570182394924664,0.8225301647366856,2.0136261250185306,56.91345730804124,10.74391970004758,33.09835358176605,0.0,0.0,0.0,0.0,0.0,31525,326018,7.9166663368055685,0.03263157877562327,1.4040530021376951,10.341898236264434,2025-07-07T00:00:00.000000,9393474
2026-03-16T00:00:00.000000,Cargo,231.0,30.0,7.4,6.7,0.7000000000000002,19.48113976833977,22.8,6.135754378003978,5.7,20.1,21.9,0.09011619728216526,0.8951973665700701,95.99309056639447,2.140668421719483,3.2666613929949206,9.89784588959128,2,0.0,0.0,0.9913766423768393,0.00862335762316068,0.6390448619557997,1.6588705966588742,57.32412872925752,9.407195503390257,22.867834939069965,0.0,0.0,1.0,0.0,0.0,71086,447775,7.699999743333342,0.03203463189595398,2.6402617122050294,6.29914890623901,2026-03-16T00:00:00.000000,9262089
2026-05-11T00:00:00.000000,Cargo,270.0,42.0,11.7,11.7,0.0,14.827505827505828,16.1,1.4868704442014413,12.5,15.4,15.9,0.0,0.9766899766899767,14.846796990938412,1.3529137529137532,2.003774975829126,1.2130536130536136,1,0.0,0.0,1.0,0.0,0.049611737967430576,0.20416509111891515,53.948182310023306,8.5701068997669,0.15402615160299787,1.0,0.0,0.0,0.0,0.0,429,10972,6.428571275510208,0.0433333331728395,2.286680542059942,25.635514018691588,2026-05-11T00:00:00.000000,9635688
2026-05-25T00:00:00.000000,Cargo,107.0,17.0,6.2,6.1,0.10000000000000053,9.694147818865712,10.4,1.147495772027455,9.2,9.9,10.2,0.007355797242182948,0.23727908331714895,60.485198976979035,0.0,0.0,2.361766847931637,2,0.0,0.00667605360264129,0.9933239463973587,0.0,0.8830090899347559,1.5780246451180993,57.085190573460864,8.901166016896486,61.33610190604997,0.0,0.0,0.0,0.0,0.0,41192,342898,6.29411727681663,0.057943924692112854,0.8714621464539284,8.324585467699254,2026-05-25T00:00:00.000000,8805602
2026-02-23T00:00:00.000000,Cargo,200.0,36.0,11.5,8.4,3.0999999999999996,12.549054984047043,17.5,2.21244228132397,10.4,11.8,15.5,0.0,0.9559755626457586,86.85665584488359,1.2374501022992288,2.789446472516725,1.9146523972357745,1,0.0,0.0,1.0,0.0,1.090995523620854,1.8415370522977026,56.48323269736598,10.220787993933584,35.58676564867798,0.0,0.0,0.0,0.0,0.0,69893,453920,5.555555401234573,0.0574999997125,2.3051438394154258,6.494591655697362,2026-02-23T00:00:00.000000,9775763
2026-03-02T00:00:00.000000,Cargo,107.0,16.0,5.3,4.0,1.2999999999999998,10.11150047677428,11.9,2.459167229460651,8.4,10.3,11.0,0.04770105605199025,0.6484484159220146,101.88865825132227,0.0,0.0,5.981991876523152,3,0.0,0.0,0.5180503655564581,0.039317627944760354,0.34065419609718484,1.1979855023558352,55.72828361367993,13.006015535434607,7.736819131949982,0.0,0.0,0.0,0.0,0.0,30775,253428,6.6874995820312755,0.04953270981745131,1.0572680505758796,8.235133554299084,2026-03-02T00:00:00.000000,9436783
2025-12-22T00:00:00.000000,Cargo,90.0,14.0,6.5,3.9,2.6,9.118304594236102,11.3,2.1009402177406815,7.2,9.2,10.7,0.04274063245364315,0.15645918288835886,50.34970282506804,0.0,0.0,5.368784392196097,3,0.0,0.0,0.9578748942063553,0.04185581287989536,1.3188345345032813,1.6595860639508289,56.31324385300454,12.301305601215665,610.259448849145,0.0,0.0,0.0,0.0,0.0,25994,427306,6.428570969387788,0.0722222214197531,1.6659200031135772,16.43927211172239,2025-12-22T00:00:00.000000,9115999
2025-11-24T00:00:00.000000,Cargo,207.0,30.0,11.2,8.9,2.299999999999999,17.519698146267647,91.8,1.9248474446448636,14.8,18.0,19.4,0.0,0.9993031775105519,64.73737993774502,0.0,0.0,1.8450052764669576,2,0.0,0.0,0.9999203631440631,0.0,1.1263178857019605,1.7876220581738076,56.263205536573224,10.626386900274746,587.740607758871,1.0,0.0,0.0,0.0,0.0,50228,582182,6.899999770000007,0.05410627993185372,2.389798538579853,11.59101678380154,2025-11-24T00:00:00.000000,9307839
2025-11-03T00:00:00.000000,Cargo,89.0,13.0,5.7,3.8,1.9000000000000004,9.0759971489665,12.1,1.4537986059534007,8.4,9.4,9.7,0.016924415504224088,0.03460664065789104,111.29881863933718,0.0,0.0,4.43872407308653,2,0.0,0.010384798899772656,0.9896152011002274,0.0,1.0124752725411357,1.3525188197492894,56.55900114642567,12.267785368014819,27.71754097416,0.0,0.0,0.0,0.0,0.0,35629,489520,6.846153319526668,0.06404494310061862,0.8942085241159905,13.739755248680813,2025-11-03T00:00:00.000000,9924730
2026-03-23T00:00:00.000000,Cargo,116.0,17.0,6.1,4.4,1.6999999999999993,9.362122886953708,12.0,2.271226682757004,8.4,9.4,10.0,0.05328256369630217,0.07858219825713629,98.46896956595353,0.0,0.0,7.389885257212951,2,0.0,0.0,0.9502696072167847,0.04973039278321535,0.4269765213092309,1.4641867815461886,55.0801114966906,12.025791096164166,7.744595736882991,0.0,0.0,0.0,0.0,0.0,39131,384334,6.823529010380646,0.05258620644322236,0.7044648196863237,9.821978021978023,2026-03-23T00:00:00.000000,9350783
2025-08-18T00:00:00.000000,Cargo,86.0,13.0,4.8,2.9,1.9,8.946377622377621,9.8,1.3132517764612792,8.6,9.1,9.5,0.01406896551724138,0.0,68.9471115810201,0.0,0.0,3.533531034482759,2,0.0,0.0,0.9895172413793103,0.010482758620689656,0.5061993757161777,1.2840530444802014,54.90489829296551,13.590252985931036,7.344101253863971,0.0,0.0,0.0,0.0,0.0,7250,118661,6.615384106508915,0.05581395283937264,0.6853212238584874,16.369292316181543,2025-08-18T00:00:00.000000,9147459
2026-04-20T00:00:00.000000,Cargo,229.0,32.0,14.6,14.5,0.09999999999999964,10.4136122406782,11.8,1.1913879702242847,10.0,10.6,11.2,0.0,0.8769212213109104,111.89765098573342,0.0,0.0,1.7776035564132604,2,0.0,0.0,0.4524605417327176,0.0,1.1520762785065077,2.1754903062372604,56.27061011186161,10.544280450565166,63.90112154106003,0.0,0.0,0.0,0.0,0.0,58036,293085,7.156249776367195,0.06375545823687573,1.007227723263288,5.050142155595761,2026-04-20T00:00:00.000000,9593799
2025-06-16T00:00:00.000000,Cargo,89.0,12.0,2.9,2.9,0.0,8.663770872965546,10.8,1.1935265718275192,7.5,8.4,10.0,0.005047318611987382,0.08222923238696109,27.151179272255543,0.0,0.0,3.3403995793901156,2,0.0,0.0,0.9949526813880126,0.005047318611987382,0.13407618289039216,1.2833849262712804,54.63883552870662,13.699428322397475,3.8029045356419857,0.0,0.0,0.0,0.0,0.0,4755,333827,7.416666048611163,0.03258426929680596,2.094631124584765,70.22023559108119,2025-06-16T00:00:00.000000,9201970
2025-08-04T00:00:00.000000,Cargo,90.0,16.0,6.7,6.7,0.0,7.521785714285714,8.4,0.20405483786501802,7.3,7.5,7.8,0.0,0.0,7.350136140241343,5.236071428571429,3.7945091808025824,6.368571428571427,1,0.0,0.0,1.0,0.0,0.032584338027954435,0.011895109479084247,55.40951986428571,6.944386517857144,0.004842188502999913,0.0,0.0,0.0,0.0,0.0,280,3417,5.624999648437521,0.07444444361728396,2.450309705575528,12.24731182795699,2025-08-04T00:00:00.000000,9967548
2025-06-30T00:00:00.000000,Cargo,166.0,21.0,9.6,6.1,3.5,10.189511734671987,95.2,3.3161732490407023,7.7,10.2,11.5,0.05824986821296784,0.5470378330156928,84.52148393784702,0.0,0.0,8.874299918831168,2,0.0,0.0,0.9817931146344431,0.018206885365556952,1.1491036448991545,3.154023678615653,56.50789560865335,8.447853986395522,45.906787878048,0.0,0.0,0.0,0.0,0.0,49322,519361,7.904761528344689,0.057831324952823344,1.1458987720863154,10.530220392936071,2025-06-30T00:00:00.000000,9101730
2025-07-07T00:00:00.000000,Cargo,95.0,14.0,5.9,5.9,0.0,10.277855642707127,11.1,0.43241616388437565,9.7,10.4,10.7,0.0,0.749024902490249,48.29205984958955,0.0,0.0,1.48016587373023,1,0.0,0.0,1.0,0.0,0.8239965843522941,2.2195960071491165,56.89233267118854,10.349918566735244,41.374009526778025,0.0,0.0,0.0,0.0,0.0,46662,209360,6.785713801020443,0.062105262504155136,2.31258165382952,4.486830543708879,2025-07-07T00:00:00.000000,9195949
2026-04-20T00:00:00.000000,Cargo,200.0,32.0,10.2,6.8,3.3999999999999995,12.26379726468222,15.1,6.057042566680378,0.0,11.2,14.6,0.3651685393258427,0.5689479060265578,108.33463692538871,0.0,0.0,31.633248212461698,2,0.0,0.36465781409601633,0.6353421859039836,0.0,0.513641945034255,0.7502981287168152,54.10309004187947,7.619320456077629,6.904737959125999,0.0,0.0,0.0,0.0,0.0,1958,412336,6.249999804687507,0.050999999744999996,2.410416870750968,210.69800715380686,2026-04-20T00:00:00.000000,9838498
2026-05-25T00:00:00.000000,Cargo,105.0,16.0,6.1,6.1,0.0,11.043915003219576,11.3,0.13112566958647195,10.9,11.1,11.2,0.0,1.0,8.68241949689787,0.0,0.0,1.2160334835801672,1,0.0,0.0,1.0,0.0,0.2697112157168398,0.355353371648451,55.80876864069542,16.301362948486798,1.9799200677750022,0.0,0.0,0.0,0.0,0.0,1553,29662,6.5624995898437755,0.05809523754195012,2.2878641007667997,19.112113402061855,2026-05-25T00:00:00.000000,9019200
2026-05-25T00:00:00.000000,Cargo,89.0,14.0,4.9,3.5,1.4000000000000004,8.281818181818181,13.5,1.345571237386704,7.5,8.3,9.0,0.011887360275150473,0.04086414445399828,62.325665698835074,1.78432683419678,3.794748098680509,2.2543928287366444,4,0.0,0.0001289767841788478,0.987274290627687,0.01257523645743766,1.1486760562163445,1.0645705680135862,56.00025362035684,12.556581461435941,665.041065955689,0.0,0.0,0.0,0.0,0.0,46520,604186,6.357142403061257,0.05505617915667215,1.1147673520027563,12.987940411444786,2026-05-25T00:00:00.000000,9677399
2026-01-12T00:00:00.000000,Cargo,90.0,13.0,6.1,4.2,1.8999999999999995,8.048799712243717,10.9,1.8299807553828324,6.6,8.0,9.6,0.038236051567163046,0.023147657208647043,97.38263682738769,0.0,0.0,7.509380254806017,2,0.0,0.0,0.981957552529124,0.018042447470876067,0.3191281563324762,0.49923773082084977,57.48016415195952,10.276727777294694,2.1966937864250067,0.0,0.0,0.0,0.0,0.0,66011,198131,6.923076390532586,0.06777777702469136,1.6393606062877932,3.001530071201333,2026-01-12T00:00:00.000000,9851751
2025-12-01T00:00:00.000000,Cargo,102.0,16.0,5.2,4.5,0.7000000000000002,13.01196736785329,15.9,1.165004216294283,11.4,13.1,14.1,0.0008084619012329044,0.993734420265445,103.55626936215351,3.1596173280334163,4.648817572881086,1.7592130970828,1,0.0,0.0,1.0,0.0,1.063380672187823,1.1417783693401182,56.78918145334501,11.834858481506435,31.18772680786002,0.0,0.0,0.0,0.0,0.0,14843,165117,6.374999601562524,0.05098039165705499,2.317586189517947,11.124983155908907,2025-12-01T00:00:00.000000,7915541
2025-09-15T00:00:00.000000,Cargo,90.0,15.0,6.4,6.4,0.0,10.099511918274688,13.4,4.579793397009074,0.0,10.3,11.1,0.2478012125352233,0.5885919221244983,47.27911349049076,0.0,0.0,12.844115134950458,3,0.0,0.0,0.7526257364870634,0.2471180940995645,0.6727161818822551,1.687444998776155,57.042093067031,10.854322824182393,444.12081456283,0.0,0.0,0.0,0.0,0.0,11711,448311,5.999999600000027,0.07111111032098767,2.423689589045542,38.28445772843723,2025-09-15T00:00:00.000000,9841782
2026-06-22T00:00:00.000000,Cargo,218.0,26.0,6.9,6.9,0.0,18.488367346938773,52.9,6.58512665288333,13.8,18.8,19.4,0.0,0.6217331499312242,39.7686022133868,0.7524071526822559,1.5794624078813022,19.784285714285712,1,0.0,0.0,1.0,0.0,0.9938822576429658,0.40923666873059084,56.0722728088033,19.966457320495188,4.448750681151991,0.0,1.0,0.0,0.0,0.0,727,41176,8.38461506213019,0.031651376001599195,0.8504011304242539,56.71625344352617,2026-06-22T00:00:00.000000,9468920
2025-07-14T00:00:00.000000,Cargo,173.0,25.0,7.0,7.0,0.0,15.004991177212,17.2,1.9684721341455507,12.9,15.1,16.9,0.004018081366147665,0.9756403817177298,31.543648228187482,2.6750376695128075,3.516773555866626,2.131064791562029,2,0.0,0.0,0.9967353088900051,0.0032646911099949772,0.13358922251999467,0.5955864932149701,53.81146944676043,9.011265545454544,1.2743744587499906,0.0,0.0,0.0,0.0,0.0,3982,151056,6.919999723200011,0.04046242751177788,2.0320317969370034,37.944235116804826,2025-07-14T00:00:00.000000,9202510
2026-01-26T00:00:00.000000,Cargo,88.0,13.0,5.6,5.6,0.0,7.668852126255962,8.3,0.23570600351318916,7.4,7.7,8.0,0.0,0.0,2.613490529713024,0.0,0.0,3.722247031361007,1,0.0,0.0,1.0,0.0,0.2683453124971104,0.20504554964833072,55.15425949639704,15.325161816807064,0.7129142529600014,0.0,0.0,0.0,0.0,1.0,9853,29842,6.76923024852075,0.06363636291322315,2.545533187631509,3.0290296386520503,2026-01-26T00:00:00.000000,9194282
2025-11-10T00:00:00.000000,Cargo,148.0,27.0,7.7,7.7,0.0,15.40702930605474,17.1,2.641853055912789,14.3,16.0,16.7,0.005439272927568163,0.944643348939686,27.156089966089137,1.3528986505095015,3.0055642580811512,0.8176466538143762,1,0.0,0.0,1.0,0.0,0.3599809403188598,1.5418424094565975,54.753577533186444,12.178442802051775,12.632634677007985,0.0,0.0,0.0,0.0,0.0,14524,100828,5.481481278463656,0.05202702667549307,0.9084529081493008,6.942642704675342,2025-11-10T00:00:00.000000,9985978
2025-12-01T00:00:00.000000,Cargo,89.0,14.0,4.6,4.2,0.39999999999999947,10.135032855672552,13.0,5.1969042205648215,0.0,10.3,12.7,0.2646090534979424,0.5162257495590828,73.10616049876711,3.3713965263090437,10.046090885314355,20.133455104787544,4,0.0,0.0,0.7522045855379189,0.2396825396825397,0.7221591466323789,0.5547237518837119,56.249015555202824,12.693897738859494,527.431853140871,0.0,0.0,0.0,0.0,0.0,17010,604315,6.357142403061257,0.05168539267769221,2.443762097054314,35.5291316361926,2025-12-01T00:00:00.000000,9818319
2025-11-03T00:00:00.000000,Cargo,88.0,13.0,4.6,4.6,0.0,9.01662198391421,9.3,0.29396255085501016,8.9,9.1,9.2,0.0,0.0,2.8352597562556237,0.0,0.0,1.7262734584450408,1,0.0,0.0,1.0,0.0,0.07819974068597679,0.2230458711585112,55.65726316711349,15.252134791778374,0.22712913311600424,0.0,0.0,0.0,0.0,0.0,1119,13003,6.76923024852075,0.05227272667871901,1.020534685771183,11.630590339892665,2025-11-03T00:00:00.000000,9409613
2026-03-09T00:00:00.000000,Cargo,229.0,32.0,7.2,7.1,0.10000000000000053,12.162363762363762,14.5,2.147500013372935,7.9,12.7,14.0,0.0,0.8741888741888741,47.79179796311435,0.0,0.0,3.362760662760663,1,0.0,0.0,1.0,0.0,0.9452369821788328,1.7002595207664353,56.632445164430166,11.67316733843634,20.922242852159993,0.0,0.0,0.0,0.0,0.0,15873,117661,7.156249776367195,0.031441047897637346,2.840510883121373,7.413117439516129,2026-03-09T00:00:00.000000,9593787
2026-01-05T00:00:00.000000,Cargo,172.0,28.0,8.5,7.5,1.0,11.970126902700462,19.5,6.5370608722233445,1.8,16.0,18.0,0.028984714963591438,0.66517242133345,109.50169187572189,3.53983730948372,4.958962135479195,23.336194266471328,2,0.0,0.0,0.9810303732697733,0.01896962673022676,0.7759888878839784,1.0342863581614525,56.755938642758736,10.507895708775228,11.310903573714008,0.0,0.0,0.0,0.0,0.0,91462,604551,6.142856923469395,0.04941860436384533,2.4781775538694966,6.609932102207498,2026-01-05T00:00:00.000000,9966984
2026-04-20T00:00:00.000000,Cargo,169.0,28.0,8.2,7.2,0.9999999999999991,13.308331328561977,17.3,2.6483232697690466,11.7,12.7,15.8,0.01893491124260355,0.9579289940828403,101.25658383085863,1.7015325443786986,3.8635849781507066,3.8473195266272184,2,0.0,0.0,0.9907544378698225,0.009245562130177515,0.9766634898523847,1.4047736252521719,57.13111699112426,9.265378386715978,31.45593192170799,0.0,0.0,0.0,0.0,0.0,67600,445540,6.035714070153069,0.0485207097720668,1.548148784800266,6.590925901270729,2026-04-20T00:00:00.000000,9881304
2025-12-29T00:00:00.000000,Cargo,90.0,14.0,4.2,4.2,0.0,,0.2,0.05357726585015292,0.0,0.0,0.1,1.0,0.0,23.354678155254827,0.0,0.0,84.02727272727267,1,0.0,1.0,0.0,0.0,0.00010324770423440439,0.00014102062692252635,56.11400585950413,14.846593685950417,5.299919999973213e-07,0.0,0.0,0.0,0.0,1.0,121,13680,6.428570969387788,0.046666666148148156,1.8664284558906565,114.0,2025-12-29T00:00:00.000000,9155963
2025-09-15T00:00:00.000000,Cargo,101.0,18.0,6.0,5.7,0.2999999999999998,13.528357484993634,15.5,1.4874841089258217,12.0,14.1,14.7,0.0,0.9711532634385794,88.99403369494503,0.0,0.0,1.7521312071788029,1,0.0,0.0,1.0,0.0,0.43928809448547995,1.6866493859430955,54.964245236652324,12.827877916065692,11.074956224807021,0.0,0.0,0.0,0.0,0.0,16501,528514,5.611110799382733,0.059405940005881785,1.81514422147714,32.031151515151514,2025-09-15T00:00:00.000000,9165308
2025-06-09T00:00:00.000000,Cargo,133.0,23.0,8.9,8.1,0.8000000000000007,11.76515146616663,52.9,3.413670917222896,9.5,11.1,16.0,0.01940331631844266,0.7519419168701056,89.74242957377909,0.0,0.0,4.992726926857107,1,0.0,0.0,1.0,0.0,0.7796903756698944,2.663734163609543,55.24378458767952,13.991957012174627,38.593275566526074,0.0,0.0,0.0,0.0,0.0,31541,453391,5.782608444234415,0.06691729272994518,1.9041079979612996,14.375110970196575,2025-06-09T00:00:00.000000,9231846
2025-06-09T00:00:00.000000,Cargo,279.0,40.0,13.0,11.4,1.5999999999999996,13.068599237746044,19.1,3.118033113079436,10.8,12.9,16.3,0.028965662523699177,0.904278725744915,122.06679816310188,0.0,0.0,4.975311978566896,3,0.0,0.0,0.4347541137092433,0.025267420359057182,1.189720299500747,1.961842247487394,56.32435949687522,10.59223960589144,40.93678833884996,0.0,0.0,0.0,1.0,0.0,85446,407911,6.974999825625005,0.04659498191184595,1.7639319521645913,4.7739598572180935,2025-06-09T00:00:00.000000,9261451
2025-06-16T00:00:00.000000,Cargo,101.0,15.0,5.7,5.7,0.0,23.869647696476964,93.1,15.311442514878033,10.6,15.8,47.5,0.0,0.962059620596206,35.6877110136151,0.0,0.0,35.128184281842806,1,0.0,0.0,1.0,0.0,0.35339706020756617,0.13899291999153862,57.82364383468836,19.853175907859082,3.2220551058990057,0.0,0.0,0.0,0.0,0.0,369,4530,6.733332884444475,0.0564356430055877,2.40996219358054,12.309782608695652,2025-06-16T00:00:00.000000,9180841
2025-10-06T00:00:00.000000,Cargo,229.0,32.0,12.5,12.5,0.0,12.591203518592563,13.0,0.15552038761401737,12.4,12.6,12.8,0.0,1.0,5.154985589720684,2.229188324670132,2.156314378962315,1.8357457017193117,1,0.0,0.0,1.0,0.0,0.42719942802260963,0.1101770533164601,55.97867105477809,5.29513818632547,0.744328157348,0.0,0.0,0.0,0.0,0.0,2501,31955,7.156249776367195,0.054585152600064836,2.571993512511251,12.782,2025-10-06T00:00:00.000000,9952438
2025-09-15T00:00:00.000000,Cargo,90.0,12.0,4.7,3.5,1.2000000000000002,8.729367421909837,11.6,3.721973275374141,0.0,8.8,9.9,0.20159592529711376,0.04692699490662139,104.49961637888242,0.0,0.0,9.696667232597623,2,0.0,0.0,0.9809337860780984,0.01906621392190153,0.9132469877575835,0.4063582858409884,55.95605125308998,11.139306048268255,6.639177001200004,0.0,0.0,0.0,0.0,0.0,58900,333950,7.499999375000052,0.05222222164197532,2.659878673934368,5.669875549669774,2025-09-15T00:00:00.000000,9199256
2025-12-15T00:00:00.000000,Cargo,118.0,13.0,6.3,4.0,2.3,11.44172737121297,12.4,0.5509816582653947,10.6,11.6,12.0,0.0,0.9683962792782697,53.00451890963945,0.0,0.0,1.5107699204303484,1,0.0,0.0,1.0,0.0,0.890121472733582,2.7346816641568292,56.62911628286451,10.905079998094811,32.70033592972896,0.0,0.0,0.0,0.0,0.0,26769,478587,9.07692237869828,0.05338983005601839,2.5409148164617097,17.87907202630006,2025-12-15T00:00:00.000000,9534547
2026-05-04T00:00:00.000000,Cargo,100.0,15.0,6.2,6.2,0.0,11.029632396094541,102.2,6.967887466612955,9.3,10.3,10.8,0.011613175675675675,0.6885557432432432,47.34659445760626,1.277565456081081,2.3086744207668213,7.275968746700454,1,0.0,0.0,1.0,0.0,1.3405100302645852,4.1759457653883665,54.72795737278294,12.835120773859797,5379.584903404528,0.0,0.0,0.0,0.0,0.0,18944,141072,6.666666222222252,0.06199999938000001,0.21527325059626568,7.447183656231854,2026-05-04T00:00:00.000000,9518268
2026-05-25T00:00:00.000000,Cargo,100.0,16.0,5.8,5.8,0.0,9.397292831723437,10.4,0.7262772086036527,8.5,9.6,10.0,0.0,0.08723097780037282,39.58606912440738,0.0,0.0,1.4949161159125572,1,0.0,0.0,1.0,0.0,0.9676696705214882,1.6496319100082009,56.57221983905271,11.924265928486696,20.996740113778024,0.0,0.0,0.0,0.0,0.0,23604,145776,6.249999609375024,0.057999999420000004,2.065324254852572,6.176164046943185,2026-05-25T00:00:00.000000,9226798
2026-04-06T00:00:00.000000,Cargo,180.0,28.0,9.6,9.6,0.0,10.323747127560749,12.6,1.8956400084540013,8.7,10.8,11.9,0.005999414691249635,0.5976490098526973,129.92707875663595,0.0,0.0,2.250926738854746,1,0.0,0.0,1.0,0.0,1.174159779293819,1.2526729316954848,56.16591731909082,11.05753536659838,28.98480677399997,0.0,0.0,0.0,0.0,0.0,20502,204256,6.4285711989796,0.05333333303703704,1.6880833373665913,9.963221306277742,2026-04-06T00:00:00.000000,9597989
2025-05-26T00:00:00.000000,Cargo,189.0,32.0,12.0,12.0,0.0,11.977230046948357,12.2,0.12742714289327725,11.8,12.0,12.2,0.0,1.0,1.3430942283889362,0.0,0.0,0.8477699530516425,1,0.0,0.0,1.0,0.0,0.032379183555359244,0.3624190807923505,54.71216147300469,15.734488444835682,0.24687628324000355,0.0,0.0,0.0,0.0,0.0,852,17701,5.906249815429693,0.06349206315612665,3.1390240092803037,20.80023501762632,2025-05-26T00:00:00.000000,9624500
2025-09-29T00:00:00.000000,Cargo,170.0,24.0,6.9,6.9,0.0,14.875123610477962,16.6,0.7067504274409275,14.0,14.9,15.8,0.0,1.0,72.94026371402916,0.0,0.0,1.1353788967984013,1,0.0,0.0,1.0,0.0,0.837301913791176,2.104146245876124,56.79415057397341,10.976564633201248,25.492714499789965,0.0,0.0,0.0,0.0,0.0,28517,126157,7.083333038194456,0.040588235055363325,2.546864328972933,4.424077710758872,2025-09-29T00:00:00.000000,9087374
2025-08-11T00:00:00.000000,Cargo,88.0,13.0,4.9,4.9,0.0,7.718,12.7,1.527375792903961,6.8,7.0,10.1,0.00398406374501992,0.11553784860557768,42.4621651548933,0.0,0.0,2.8115537848605574,2,0.0,0.0,0.9960159362549801,0.00398406374501992,0.15785022206469024,0.5339896730965811,53.78425009561752,7.581420836653386,1.3444172098000085,0.0,0.0,0.0,0.0,0.0,251,66290,6.76923024852075,0.05568181754907026,2.1605670685396476,265.16,2025-08-11T00:00:00.000000,9496587
2025-10-27T00:00:00.000000,Cargo,189.0,32.0,12.2,12.2,0.0,9.201627709116963,11.7,3.4974223887610836,0.7,9.8,10.6,0.14199829966398123,0.3777984696975831,122.36528549721746,0.0,0.0,19.058461195903003,1,0.0,0.0,1.0,0.0,1.2609838390713317,1.547920761781342,56.13025660503623,11.518554539350632,25.23467529907601,0.0,0.0,0.0,0.0,0.0,49402,241113,5.906249815429693,0.06455026420872875,2.830655285206103,4.880731159288273,2025-10-27T00:00:00.000000,9287156
2026-03-02T00:00:00.000000,Cargo,151.0,24.0,8.4,7.3,1.1000000000000005,14.445386942733204,18.2,4.9184113153505296,5.0,15.9,17.3,0.061761158021712906,0.850008616232983,102.07027542324681,0.0,0.0,9.119855247285885,3,0.0,0.015509219369291746,0.9686369119420989,0.01585386868860934,0.5612564370340176,1.4920479914691769,55.22529080720317,11.326495413958298,153.11332891476303,1.0,0.0,0.0,0.0,0.0,29015,586498,6.2916664045139,0.05562913870444279,2.500807010752492,20.214310332942716,2026-03-02T00:00:00.000000,9458975
2025-07-07T00:00:00.000000,Cargo,89.0,13.0,4.1,4.1,0.0,8.020056701652793,12.9,3.041080868197665,1.3,8.7,11.2,0.06172394095186555,0.15691049577583355,76.2308366240039,0.0,0.0,13.937283906076186,1,0.0,0.0,1.0,0.0,0.910105206429489,1.8895160177588428,56.93315977914074,11.097413798592946,23.089199876682006,0.0,0.0,0.0,0.0,0.0,33261,178719,6.846153319526668,0.04606741521272567,3.2554204158493625,5.3733914612146725,2025-07-07T00:00:00.000000,9148207
2026-01-12T00:00:00.000000,Cargo,170.0,27.0,9.4,7.9,1.5,12.012384473197782,18.3,3.5737139386341146,6.7,11.7,15.3,0.03823016633420767,0.8437809226129707,108.94554689631687,1.256082428887807,2.743775700280046,4.630405076413212,2,0.0,0.0,0.9894607881634128,0.010539211836587244,0.8417495758041091,1.157206740142597,55.46099465027408,11.328252100884288,22.353233723700036,0.0,0.0,0.0,0.0,0.0,63667,453617,6.2962960631001454,0.05529411732179931,2.4064594260243233,7.124948952345051,2026-01-12T00:00:00.000000,9977426
2025-06-23T00:00:00.000000,Cargo,130.0,20.0,6.8,6.2,0.5999999999999996,14.783923744122584,18.4,2.8598382383456182,13.0,14.6,16.6,0.026023464802795805,0.9628931602596106,113.34173335457113,0.0,0.0,4.4752259111332995,2,0.0,0.0,0.9761857214178732,0.02381427858212681,0.8805437278995584,1.7423285914274849,56.47477024830255,11.0884199781328,40.79153622564003,0.0,0.0,0.0,0.0,0.0,80120,410631,6.499999675000016,0.05230769190532545,1.2588120170288162,5.125263670290443,2025-06-23T00:00:00.000000,9375252
2026-02-09T00:00:00.000000,Cargo,225.0,32.0,12.3,12.3,0.0,9.375541225241824,9.9,0.3799898367912925,8.9,9.5,9.8,0.0,0.0,2.4246044343855506,0.0,0.0,5.411331183786274,1,0.0,0.0,1.0,0.0,0.32089771845854737,0.015762219430155926,56.10623650391525,4.417007367572547,0.08579819260000077,0.0,0.0,0.0,0.0,0.0,2171,29623,7.031249780273445,0.05466666642370371,2.368478165420393,13.65115207373272,2026-02-09T00:00:00.000000,8110681
2025-11-24T00:00:00.000000,Cargo,88.0,12.0,5.6,5.6,0.0,8.181377899045021,11.4,2.7882081157906424,0.8,8.1,10.7,0.10187238236018724,0.10511620267717829,114.56004819450166,0.0,0.0,7.2480249650981365,2,0.0,0.0,0.9161123429416113,0.08388765705838877,0.31007842139297376,1.2610198578067946,54.99544712917796,11.948598290219264,6.689169262230003,0.0,0.0,0.0,0.0,0.0,24354,244942,7.3333327222222735,0.06363636291322315,3.550666248070382,10.057980536278897,2025-11-24T00:00:00.000000,9528512
2026-05-18T00:00:00.000000,Cargo,180.0,30.0,6.5,6.4,0.09999999999999964,10.920963358635554,13.0,1.9497540200991401,9.3,11.4,12.2,0.012252708249745378,0.7570753989074411,51.90233335782063,0.0,0.0,3.097700688250362,2,0.0,0.010832998981512916,0.9891670010184871,0.0,0.8822361048218998,2.1537778973932413,56.7351768746335,11.091119240208636,26.290336004099974,0.0,0.0,0.0,0.0,0.0,32401,179240,5.9999998000000065,0.03611111091049383,1.4873663460820534,5.5320987654320986,2026-05-18T00:00:00.000000,9496343
2025-07-07T00:00:00.000000,Cargo,89.0,12.0,5.6,3.5,2.0999999999999996,7.75800029713267,10.8,2.1173557476484306,6.1,6.4,10.4,0.0117724965050401,0.2365536016481495,71.26892980260666,0.0,0.0,3.192318446030461,2,0.0,0.0,0.995291001397984,0.00470899860201604,0.15580705398301614,0.9889363071981562,54.48037093297034,12.857227909425356,2.215996416878999,0.0,0.0,0.0,0.0,0.0,13591,604169,7.416666048611163,0.0629213476076253,2.03083396540316,44.456880058866815,2025-07-07T00:00:00.000000,9953949
2026-04-27T00:00:00.000000,Cargo,169.0,27.0,10.2,10.0,0.1999999999999993,11.2905933189297,92.4,3.353447742825603,10.4,11.1,11.7,0.0,0.9786245181756146,111.27926351954089,0.0,0.0,2.5460491570180785,1,0.0,0.0,1.0,0.0,1.0810920551922651,1.9787498218166284,56.148101435347925,10.871803048154772,36.97026454995495,0.0,0.0,0.0,0.0,0.0,54221,217973,6.259259027434851,0.060355029228668464,0.38766061439920024,4.020158613057912,2026-04-27T00:00:00.000000,9574200
2026-04-27T00:00:00.000000,Cargo,88.0,14.0,4.3,4.3,0.0,9.925159142101656,11.3,0.39008357129583876,9.5,10.0,10.4,0.0,0.4162178043286652,20.349279980509035,0.0,0.0,1.577729899128391,1,0.0,0.0,1.0,0.0,0.10368394814969235,1.791309733443839,54.59884578004113,12.77418440632651,8.030208193226004,0.0,0.0,0.0,0.0,0.0,10211,142544,6.285713836734726,0.04886363580836777,2.307191994316134,13.961214495592555,2026-04-27T00:00:00.000000,9911434
2026-01-12T00:00:00.000000,Cargo,98.0,13.0,5.7,5.4,0.2999999999999998,9.30542005420054,12.2,1.868322382106842,7.4,9.6,10.8,0.022679832070736684,0.20559607852334827,102.98309906647705,0.0,0.0,4.400037528732936,3,0.0,0.0,0.9829490817834275,0.017027464408846775,0.439992384315083,1.6081865794542993,57.24601493749561,10.009517466238245,438.83783242695995,0.0,0.0,0.0,0.0,0.0,42637,269876,7.538460958579926,0.058163264712619754,1.819813439451762,6.329768270944742,2026-01-12T00:00:00.000000,9835018
2026-06-15T00:00:00.000000,Cargo,134.0,22.0,6.9,6.6,0.3000000000000007,14.285835319036272,20.3,2.884231319509722,10.2,14.6,17.7,0.0,0.9398993910510988,86.16364986087875,0.0,0.0,2.7005295207836912,1,0.0,0.0,1.0,0.0,0.11371028437796485,0.5881014357088318,53.93701599655812,8.591174787132646,1.3400916329999895,0.2602594651840085,0.0,0.0,0.0,0.0,3777,105545,6.090908814049599,0.05149253692916018,2.600345315205015,27.951536016949152,2026-06-15T00:00:00.000000,9237371
2025-07-21T00:00:00.000000,Cargo,204.0,26.0,6.9,6.2,0.7000000000000002,15.452936253715407,21.7,3.8668165448315466,13.1,13.7,20.8,0.008194372815311443,0.9414646725116039,109.68684488599744,0.0,0.0,2.334390579336428,1,0.0,0.0,1.0,0.0,1.131827955600892,2.125183356334172,56.033872865967574,11.34844902825053,32.35954077691403,0.0,0.0,0.0,0.0,0.0,34902,439249,7.846153544378709,0.033823529245963095,1.9913016093277922,12.58557061402252,2025-07-21T00:00:00.000000,1022641
2025-12-29T00:00:00.000000,Cargo,134.0,24.0,8.5,8.5,0.0,11.890910720688419,13.5,2.3060984514595453,9.4,12.5,12.9,0.01627166607711355,0.8616908383445349,29.347764658162387,0.0,0.0,1.63926423770782,1,0.0,0.0,1.0,0.0,0.37438315993635674,1.7085014050778267,54.713338311018745,12.059445562698972,10.631229148669988,1.0,0.0,0.0,0.0,0.0,11308,91225,5.583333100694454,0.06343283534751616,1.517714250261335,8.068010966657823,2025-12-29T00:00:00.000000,9354454
2026-01-05T00:00:00.000000,Passenger,42.0,10.0,2.1,2.1,0.0,7.427723752046327,9.5,3.8701886912037273,0.0,7.3,8.5,0.37628631903020976,0.0,99.97635226087317,0.0,0.0,33.584447181066004,1,0.0,0.0,1.0,0.0,0.013483966721096328,0.036669290601916725,55.735450101904945,11.749652918537617,0.003093925279999433,0.0,0.0,0.0,0.0,0.0,129925,604779,4.199999580000043,0.04999999880952384,2.1962747767426056,4.6548674609771865,2026-01-05T00:00:00.000000,9287613
2025-08-25T00:00:00.000000,Passenger,40.0,11.0,3.0,3.0,0.0,7.931749182952981,10.7,4.318079161065321,0.0,0.1,9.4,0.5217383411694229,0.012784322980013434,107.0380357468472,0.0,0.0,58.81538458047005,1,0.0,0.0,1.0,0.0,0.019492340820241972,0.024920820648502217,55.076734105759975,10.230311839458494,0.02524484932800094,0.0,0.0,0.0,0.0,0.0,220348,604525,3.6363633057851543,0.07499999812500005,2.176893352920273,2.743513639849873,2025-08-25T00:00:00.000000,9628647
2025-07-07T00:00:00.000000,Passenger,285.0,32.0,8.2,8.2,0.0,13.958172508861757,14.7,0.12261582941760023,13.9,13.9,14.0,0.0,1.0,9.01092234694504,0.4382434029145334,0.7428611030540323,0.8281213076014179,1,0.0,0.0,1.0,0.0,0.6239790148197856,0.21472243802454083,56.17457189287121,4.015208259944861,7.162312746179998,0.0,0.0,0.0,0.0,0.0,2539,73532,8.906249721679696,0.028771929723607263,0.8155487340112694,28.972419227738378,2025-07-07T00:00:00.000000,9226906
2025-11-03T00:00:00.000000,Passenger,170.0,27.0,5.3,5.3,0.0,13.11456085369724,18.7,6.101706886198484,0.0,15.0,16.4,0.14995649668357836,0.6783183990779557,96.1836325183417,3.616263460604074,9.718763076963837,20.261849286432614,1,0.0,0.0,1.0,0.0,0.13529457139987647,0.056391964709595975,54.41497966026735,11.983357320054466,0.0791344349999995,0.0,0.0,0.0,0.0,0.0,176998,604589,6.2962960631001454,0.03117647040484429,2.687772064129017,3.4158149573156606,2025-11-03T00:00:00.000000,9587867
2025-08-11T00:00:00.000000,Passenger,32.0,7.0,1.7,1.7,0.0,5.309523809523809,9.2,2.647239843285604,0.0,4.6,7.8,0.2,0.0,111.80240174328866,0.0,0.0,5.587209302325583,2,0.0,0.0,0.67,0.33,0.012862523312007447,0.011341198578562393,53.45816073999998,8.114822439999998,0.003244339177000277,0.0,0.0,0.0,0.0,0.0,100,61980,4.57142791836744,0.053124998339843806,2.946464058902584,626.060606060606,2025-08-11T00:00:00.000000,7636951
2025-07-28T00:00:00.000000,Passenger,,,2.1,2.1,0.0,5.805627263747119,10.7,3.2351056220191086,0.0,0.1,7.4,0.5907165942271259,0.0055583416917418926,102.51469018752373,0.0,0.0,60.90159366989858,3,0.0,0.0,0.9052713696645492,0.09450573944054386,0.012285390232961867,0.011309787389989744,55.765225675317616,11.316662830895464,0.0008406516749999979,0.0,0.0,0.0,0.0,0.0,71784,604560,,,2.287405289715453,8.422049788947243,2025-07-28T00:00:00.000000,9074377
2026-05-18T00:00:00.000000,Passenger,96.0,14.0,4.6,4.6,0.0,6.222493150684931,11.0,3.439853905824666,0.0,0.0,8.1,0.5118078175895765,0.004478827361563518,82.43871643857953,0.0,0.0,7.000366449511402,1,0.0,0.0,1.0,0.0,0.0005523381739687491,0.011649301196636033,58.302015239549405,11.513862812296416,8.80358039998493e-05,0.0,0.0,0.0,0.0,0.0,7368,505862,6.857142367346974,0.047916666167534726,2.3547504827265717,68.66594271752409,2026-05-18T00:00:00.000000,9061241
2025-12-01T00:00:00.000000,Passenger,42.0,8.0,1.1,1.1,0.0,9.449196326061998,16.9,3.21317697519088,0.0,0.1,2.1,0.28085094671950683,0.012613753119037134,47.372202781977435,,,,1,0.0,0.0,0.0,0.0,16.4414747898936,5.985004782581913,79.53875905910574,4.171999190316307,461.13026506916,0.0,0.0,0.0,0.0,0.0,109008,604662,5.2499993437500825,0.026190475566893443,0.6535585691842198,5.547001568706597,2025-12-01T00:00:00.000000,8917065
2025-08-18T00:00:00.000000,Passenger,24.0,6.0,1.3,1.3,0.0,,0.3,0.03168790564447208,0.0,0.0,0.1,1.0,0.0,79.33028204694025,,,,1,0.0,0.0,1.0,0.0,3.545687975331294e-05,4.675683610163416e-05,53.87069774349084,8.707000859691417,2.0098400000101262e-07,0.0,0.0,0.0,0.0,0.0,2074,267435,3.9999993333334443,0.054166664409722315,3.155678555830606,129.00868306801738,2025-08-18T00:00:00.000000,8802105
2026-04-27T00:00:00.000000,Passenger,110.0,18.0,4.3,4.3,0.0,11.988781788351108,15.4,5.855765563092296,0.0,12.4,14.3,0.24867724867724866,0.6213818860877685,95.98322181700522,0.0,0.0,16.25385932150638,2,0.0,0.0,0.9372860255213197,0.06271397447868036,0.004962170006263276,0.05808607331727032,59.41284120152506,10.559399322906941,0.003876506135998932,0.0,0.0,0.0,0.0,0.0,6426,458060,6.111110771604957,0.039090908735537194,2.4420372372986976,71.29338521400778,2026-04-27T00:00:00.000000,9144081
2026-06-15T00:00:00.000000,Passenger,211.0,26.0,6.6,6.6,0.0,11.722646802144371,17.5,3.923880331546338,8.1,11.7,15.9,0.044729960476196165,0.6198550395835075,76.24181621084263,2.12761251955434,4.034397452947301,6.847862961989631,2,0.0,0.0,0.9667689588880796,0.03323104111192043,1.0698969803149267,1.3173936278448102,55.9729735003642,11.593725713219579,40.51302461810001,0.0,0.0,0.0,0.0,0.0,83747,447807,8.11538430325445,0.03127962070483592,1.987827699398378,5.347204642609796,2026-06-15T00:00:00.000000,9437866
2026-04-06T00:00:00.000000,Passenger,178.0,30.0,6.5,6.3,0.20000000000000018,15.944784592898975,18.5,2.412777486113071,15.2,16.1,16.9,0.014952575056831544,0.9733087716547778,97.98261715017703,1.3137796895821903,2.8964923003692045,3.4322626793133177,2,0.0,0.0,0.9925335110135611,0.007466488986438818,0.7296879481863043,0.5611648893673987,56.87126724332719,11.944937731206398,6.068480538971996,0.0,0.0,0.0,0.0,0.0,102056,604515,5.933333135555562,0.03651685372743341,0.7045818792667781,5.923423644113468,2026-04-06T00:00:00.000000,8701674
2025-10-27T00:00:00.000000,Passenger,27.0,7.0,2.8,2.8,0.0,,0.2,0.024192503195567233,0.0,0.0,0.0,0.9971837884167993,0.0,100.94210405598986,0.0,0.0,48.053867028493904,2,0.0,0.0,0.0,0.9980408962899473,2.4397021408692643,0.6362877766644309,55.86660523558222,12.79028337884168,1163.237929771656,0.0,0.0,0.0,0.0,0.0,8167,604602,3.857142306122528,0.10370369986282592,0.0,74.03894195444526,2025-10-27T00:00:00.000000,5305302
2025-06-30T00:00:00.000000,Passenger,98.0,18.0,3.3,3.3,0.0,10.316552155423999,14.4,5.47262464541287,0.0,7.4,12.2,0.4406727843129877,0.3845697971393497,86.4691119339253,2.6869072871146806,5.317833180018696,2.369982284162041,2,0.0,0.0,0.9963783282927816,0.003621671707218415,0.02516173022328129,0.0753648495090491,54.90974516924495,10.907493991590199,0.014148821939000366,0.0,0.0,0.0,0.0,0.0,212609,604497,5.444444141975326,0.03367346904414827,2.229277277576255,2.843246726369657,2025-06-30T00:00:00.000000,9596428
2026-06-01T00:00:00.000000,Passenger,144.0,21.0,4.0,4.0,0.0,9.4025,13.9,5.909207359105214,0.0,4.4,13.6,0.376,0.368,129.99094389300183,0.0,0.0,12.50559999999999,1,0.0,0.0,1.0,0.0,0.0064429440908486384,0.06680979481651458,59.412562216,10.541159567999996,0.003729959959999959,0.0,1.0,0.0,0.0,0.0,125,8893,6.85714253061226,0.027777777584876547,2.3014927167095767,71.71774193548387,2026-06-01T00:00:00.000000,9769219
2026-03-16T00:00:00.000000,Passenger,31.0,10.0,2.0,2.0,0.0,9.215048745073636,12.4,4.774775099127806,0.0,0.0,10.4,0.5910374954148981,0.2072561321271538,106.2619920129572,0.0,0.0,35.503274611991344,1,0.0,0.0,1.0,0.0,0.032831419356438116,0.06022087421373357,54.98937647234886,10.478691960975423,0.017560499874999226,0.0,0.0,0.0,0.0,0.0,209919,604764,3.0999996900000313,0.06451612695109267,2.1781126034160505,2.8809535151821186,2026-03-16T00:00:00.000000,9169794
2026-06-08T00:00:00.000000,Passenger,48.0,12.0,2.5,2.5,0.0,9.681316364043518,11.8,4.687984056994903,0.0,10.3,10.9,0.2665288827754007,0.5670521389912284,99.29890653949612,0.0,0.0,29.449109661007576,3,0.0,0.0,0.9832240048109158,0.016727609541649674,0.2485499710440206,0.10898913431461585,55.83138990749356,11.217829372645522,399.24256704522594,0.0,0.0,0.0,0.0,0.0,144671,591533,3.9999996666666946,0.05208333224826391,2.3250927354677042,4.088843575032834,2026-06-08T00:00:00.000000,9178185
2026-06-22T00:00:00.000000,Passenger,332.0,52.0,8.8,8.8,0.0,18.097828041884497,45.1,3.418292930642108,15.8,18.6,20.3,0.01183851362560135,0.9631950413970954,96.50587680664184,1.4751986909770922,2.205421282135566,3.259148916913051,2,0.0,0.0,0.9908458881901401,0.009154111809859899,1.0869172517701249,1.1356425754886665,56.233569567238234,10.94081748589181,25.711836275826002,0.0,0.0,0.0,0.0,0.0,132618,604642,6.384615261834322,0.026506024016548124,1.3164461837705979,4.559309892396902,2026-06-22T00:00:00.000000,9901544
2025-11-24T00:00:00.000000,Passenger,48.0,12.0,2.5,2.5,0.0,8.839914553859083,10.7,3.9082689320739052,0.0,0.0,9.5,0.7567530438067762,0.0296052066697577,51.49486294994782,0.0,0.0,20.22456854360929,1,0.0,0.0,0.0,0.0,0.02289204020764854,0.07903365909920866,55.77723543054626,10.227770364672953,0.013441668696000412,0.0,0.0,0.0,0.0,0.0,58233,604575,3.9999996666666946,0.05208333224826391,2.4307430564190504,10.382178183816459,2025-11-24T00:00:00.000000,9157105
2025-05-26T00:00:00.000000,Passenger,199.0,26.0,6.1,5.6,0.5,14.542192082111436,16.3,3.7437310149169574,12.1,15.2,15.8,0.02921268257926612,0.9144994656216602,87.8466370718384,2.363733523334521,6.525136114202147,9.01294117647059,2,0.0,0.0,0.9779123619522622,0.0220876380477378,0.08443354929319152,0.46738617366872487,55.97782567652298,15.513748479515497,0.4561506676749945,0.0,0.0,0.0,0.0,0.0,2807,51240,7.6538458594674665,0.030653266177621777,0.9883186043384768,18.26086956521739,2025-05-26T00:00:00.000000,9458535
2026-01-12T00:00:00.000000,Passenger,219.0,31.0,7.1,7.1,0.0,21.849852234471772,23.7,1.2431083485491083,20.1,22.3,23.1,0.00010278284554307886,0.999768738597528,89.48353566924182,1.5952154585399696,2.0071363143944936,1.3870801963152348,2,0.0,0.0,0.9999743042886142,2.5695711385769716e-05,0.4423558879983253,1.2311626195824599,54.960350962946784,13.485143205205949,9.2594896875,0.0,0.0,0.0,0.0,0.0,38917,546672,7.064515901144648,0.03242009117616396,2.4133033859824495,14.047486894850447,2026-01-12T00:00:00.000000,9319466
2026-01-19T00:00:00.000000,Passenger,220.0,30.0,6.2,5.7,0.5,14.837708664952451,19.6,5.806863029365158,0.0,15.0,17.6,0.12691923159323001,0.8216989216596443,110.23448874787175,1.8832000285653074,4.506156881896213,15.956112410505455,2,0.0,0.0,0.9965186031564665,0.0034813968435335285,0.3969428549774753,0.6055987941498261,54.91022212497323,12.85367497459473,4.977533635654017,0.0,0.0,0.0,0.0,0.0,56012,604564,7.333333088888897,0.02818181805371901,3.030895834825349,10.793665529985182,2026-01-19T00:00:00.000000,9217242
2026-06-22T00:00:00.000000,Passenger,243.0,30.0,6.0,6.0,0.0,16.111482800142714,20.0,2.139071986424519,15.1,16.1,17.5,0.008064575604935358,0.9800210925342754,110.33121901271613,0.0,0.0,2.281643226420243,3,0.0,0.0,0.995158304632245,0.0038940063277602827,0.9155870619207491,0.43509264280712,55.79765580362925,11.122529532730303,6.106064322930008,0.0,0.0,0.0,0.0,0.0,271186,604678,8.09999973000001,0.02469135792308083,1.1219813513757768,2.2297619706104688,2026-06-22T00:00:00.000000,9235517
2026-03-30T00:00:00.000000,Passenger,48.0,15.0,1.8,1.8,0.0,7.1632409924238045,12.1,3.5606729304160316,0.0,0.0,8.5,0.7134323263355521,0.027922853729305343,65.67079511333846,0.0,0.0,113.01354326676908,1,0.0,0.0,1.0,0.0,0.004836988990243006,0.03746255007499207,54.49858760327701,8.724124761085509,0.0019348330739999947,0.0,0.0,0.0,0.0,0.0,58590,604666,3.199999786666681,0.03749999921875002,2.3871885396163903,10.320469712744714,2026-03-30T00:00:00.000000,9152791
2026-06-08T00:00:00.000000,Passenger,42.0,10.0,2.1,2.1,0.0,7.652853758712954,10.0,4.020651111205185,0.0,7.3,8.8,0.38534822601839686,0.0,100.12187686307804,0.0,0.0,34.80794582679835,1,0.0,0.0,1.0,0.0,0.013583500667565581,0.03692639376952809,55.73559272654826,11.750015990685005,0.0030947076479994513,0.0,0.0,0.0,0.0,0.0,94364,604544,4.199999580000043,0.04999999880952384,2.188699682689586,6.406578849761029,2026-06-08T00:00:00.000000,9287613
2026-05-25T00:00:00.000000,Passenger,142.0,21.0,4.0,4.0,0.0,10.559965928449744,15.0,5.611832190799466,0.0,10.8,13.0,0.32713898567557104,0.535036778939218,107.60434928711913,0.0,0.0,52.94096012388694,2,0.0,0.0,0.9705768486256291,0.029423151374370887,0.008285992379927618,0.0583990575103436,59.41850441618274,10.60417609252807,0.003696480480000319,0.0,0.0,0.0,0.0,0.0,2583,529074,6.761904439909312,0.028169013886133704,2.316533574325293,204.90859798605732,2026-05-25T00:00:00.000000,9771432
2025-10-27T00:00:00.000000,Passenger,33.0,6.0,2.8,2.8,0.0,7.283295711060948,8.9,0.6380170952341507,0.0,0.0,0.0,0.9929836556619132,0.0,81.55311017075809,,,,1,0.0,0.0,1.0,0.0,0.006478363203284448,0.01114986358988437,55.68037779157713,12.594842384938465,0.003021555570000041,0.0,0.0,0.0,0.0,0.0,61428,604499,5.499999083333486,0.08484848227731873,0.0,9.840933140150097,2025-10-27T00:00:00.000000,5161158
2025-10-06T00:00:00.000000,Passenger,55.0,15.0,,,,4.367815699658704,9.4,2.5786528213985616,0.0,0.4,6.2,0.5309547842741413,0.0,89.57569825617696,0.0,0.0,104.24426003571705,1,0.0,0.0,1.0,0.0,0.001294607938937526,0.0014736622602660337,56.80257597074696,9.02309031700184,1.2803690000005995e-05,0.0,0.0,0.0,0.0,0.0,154548,604665,3.6666664222222387,,2.4043553068466403,3.9124991103030147,2025-10-06T00:00:00.000000,9139854
2025-10-27T00:00:00.000000,Passenger,48.0,15.0,1.8,1.8,0.0,7.1524380495603515,11.7,3.384916572631551,0.0,0.0,8.4,0.7462402436702836,0.012079677413772217,62.04983722839798,0.0,0.0,118.51227146814404,1,0.0,0.0,1.0,0.0,0.004591001704496338,0.03637589466773115,54.49893401678695,8.722131148728865,0.0019120176900002752,0.0,0.0,0.0,0.0,0.0,57783,604480,3.199999786666681,0.03749999921875002,2.481596617866695,10.461389360008306,2025-10-27T00:00:00.000000,9152791
2026-04-06T00:00:00.000000,Passenger,225.0,36.0,6.9,6.9,0.0,19.256207781268877,25.9,2.2979445356070127,16.8,19.3,21.3,0.0018368927741507137,0.9947272324886577,105.970001169343,0.0,0.0,1.7316777921689743,2,0.0,0.0,0.9992586035188669,0.0007413964811331194,1.0266686821353053,0.3861931758258722,55.983881813610715,11.10995385839327,8.227689971355996,0.7735476374903176,0.0,0.0,0.0,0.0,180740,604713,6.249999826388894,0.03066666653037037,1.958270955630506,3.345780379442179,2026-04-06T00:00:00.000000,9278234
2025-12-08T00:00:00.000000,Passenger,50.0,14.0,,,,7.075393494228752,12.3,3.82801445345441,0.0,5.9,8.9,0.37572219502090315,0.014334676660012806,95.29829778326062,0.0,0.0,79.96822266581297,1,0.0,0.0,1.0,0.0,0.0037868138604192007,0.012564108518761361,55.4573268368197,8.427877382953561,0.00037385600000006954,0.0,0.0,0.0,0.0,0.0,132755,604573,3.571428316326549,,2.324964490926655,4.554084999322054,2025-12-08T00:00:00.000000,9189378
2026-04-27T00:00:00.000000,Passenger,186.0,29.0,6.0,6.0,0.0,16.182547458665034,17.0,1.6435367656406787,15.9,16.1,16.7,0.008801213960546282,0.9893778452200304,19.95502682079906,0.0,0.0,2.3003034901365704,2,0.0,0.0,0.9893778452200304,0.010622154779969651,0.31404922581402034,0.2635292933563024,54.71227033717753,13.656859401820942,2.2943395063260015,0.0,0.0,0.0,0.0,0.0,3295,521519,6.413792882283004,0.03225806434269858,0.4867548630305708,158.32392228293867,2026-04-27T00:00:00.000000,9539054
2026-05-04T00:00:00.000000,Passenger,117.0,17.0,3.2,3.2,0.0,11.905086905280147,17.3,6.580354864766111,0.0,10.2,15.1,0.3546458911657623,0.505858802851284,98.36623369701204,3.984589985410224,10.629641322334699,34.48416422901584,3,0.0,0.0,0.9550267133510958,0.04494538758770767,0.1950686662591209,0.06392550391524505,55.04715851466793,10.025940643924283,362.97625592022507,0.0,0.0,0.0,0.0,0.0,143374,604375,6.882352536332204,0.02735042711666302,2.2947087224950113,4.215403179120197,2026-05-04T00:00:00.000000,9994357
2025-08-18T00:00:00.000000,Passenger,183.0,33.0,6.0,6.0,0.0,16.327545108425756,21.3,6.0082572684731765,1.1,17.0,19.4,0.09953442490639923,0.8329310306173541,93.4426488293892,3.8076397659420236,7.147838865935424,9.924199442505587,2,0.0,0.0,0.9860476934229111,0.013952306577088923,0.082473485927639,0.42460295962733896,57.514153415221244,11.085178264331567,0.4135816980100032,0.0,0.0,0.0,1.0,0.0,133813,603087,5.545454377410474,0.03278688506673833,3.0458078168884053,4.506972468836875,2025-08-18T00:00:00.000000,9125944
2025-12-08T00:00:00.000000,Passenger,285.0,32.0,8.0,8.0,0.0,14.03964073989263,19.4,4.782376942979968,7.5,14.2,17.8,0.07054619462324876,0.7905622870124953,82.61720993228587,1.0659811624384703,2.093622955580268,9.897316357440364,2,0.0,0.0,0.936269405528209,0.06373059447179098,0.7968491853686126,1.8579001689379409,56.90123481152972,10.879298910261264,24.67269625708002,0.0,0.0,0.0,0.0,0.0,42256,482736,8.906249721679696,0.02807017534010465,2.1537402779132764,11.424352147674831,2025-12-08T00:00:00.000000,9226906
2025-06-23T00:00:00.000000,Passenger,117.0,17.0,3.2,3.2,0.0,14.539250485584796,17.2,7.476261388012227,0.0,0.6,15.7,0.5020483863796597,0.47191011235955055,96.49559786727919,5.782881255684095,11.843946405001756,48.560060822374496,1,0.0,0.0,1.0,0.0,0.05003796261400645,0.14931498353169054,55.7687307998933,10.762788349921559,0.06679569382499799,0.0,0.0,0.0,0.0,0.0,157441,604572,6.882352536332204,0.02735042711666302,2.0999798007590105,3.840015243902439,2025-06-23T00:00:00.000000,9994357
2025-08-04T00:00:00.000000,Passenger,294.0,32.0,7.9,7.7,0.20000000000000018,16.225159417639933,20.6,4.853313692334109,9.9,17.8,19.9,0.02232412481825299,0.8225701823062297,87.66875682620353,1.3761167654624762,2.380254754002859,4.599568271295634,2,0.0,0.0,0.9814785818141147,0.01852141818588525,1.2577408972820863,1.3897674584427713,56.36902153439212,11.730518079767364,40.60837167732496,0.0,0.0,0.0,0.0,0.0,44705,604581,9.187499712890634,0.026870748207922627,2.0604474743406116,13.524091803865426,2025-08-04T00:00:00.000000,9387073
2026-04-20T00:00:00.000000,Passenger,38.0,7.0,,,,10.66931016558996,12.9,5.363876270517469,0.0,0.0,11.8,0.6055869539620864,0.31708465795360885,103.97272898610072,0.0,0.0,57.632106796973886,2,0.0,0.0,0.9999705639938773,0.0,0.1965879614693956,0.16869409233811408,55.27390876489462,14.991617001677852,543.4781261298359,0.0,0.0,0.0,0.0,0.0,33972,602476,5.428570653061335,,2.1999011917850275,17.735009272614878,2026-04-20T00:00:00.000000,6720860
2025-12-08T00:00:00.000000,Passenger,38.0,12.0,2.0,2.0,0.0,7.751859527151994,11.2,3.687837803144315,0.0,0.1,9.1,0.7264551741247248,0.03164325363599715,104.67076142692696,0.0,0.0,48.87852318188867,1,0.0,0.0,1.0,0.0,0.4888270359895699,0.13570711894657292,55.49172616201818,11.129820620448415,0.5970391375800012,0.0,0.0,0.0,0.0,0.0,161235,604532,3.1666664027777998,0.05263157756232691,2.4675698927624445,3.7494076931664537,2025-12-08T00:00:00.000000,9649677
2026-01-19T00:00:00.000000,Passenger,117.0,17.0,,,,13.37074539837257,18.1,6.903601810979288,0.0,0.0,15.2,0.5992712636124672,0.3540004224558768,100.69922408023506,0.0,0.0,54.79815433768959,2,0.0,0.0,0.1507111340593316,0.0,0.04883169958810412,0.14758116643884336,55.775800230121106,10.742792788308533,0.06777376397400073,0.0,0.0,0.0,0.0,0.0,170432,604439,6.882352536332204,,2.2017489151934355,3.5465320276240826,2026-01-19T00:00:00.000000,9994369
2025-06-30T00:00:00.000000,Passenger,300.0,48.0,8.3,8.3,0.0,11.808172635445363,16.2,2.119139250107477,8.9,12.4,13.5,0.0,0.8622589531680441,26.7883814562662,1.3984389348025712,2.3067092333682235,1.4527089072543617,1,0.0,0.0,1.0,0.0,0.13077372129559875,0.6675685972291076,53.92875554269973,8.670276182736455,1.2528817620480017,0.0,0.0,0.0,0.0,0.0,1089,83304,6.24999986979167,0.027666666574444446,2.170691628251929,76.56617647058823,2025-06-30T00:00:00.000000,9636967
2025-10-27T00:00:00.000000,Passenger,240.0,28.0,6.4,5.6,0.8000000000000007,17.975601068566338,20.4,0.7740392637898549,16.9,18.3,18.6,0.0,1.0,39.521367193163165,0.0,0.0,2.8850400712377557,1,0.0,0.0,1.0,0.0,0.1859911567102664,0.15512831482660241,55.556600017809444,15.669984543187889,0.4651020232959988,0.0,0.0,0.9590382902938558,0.0,0.0,1123,176874,8.571428265306134,0.02666666655555556,2.1962681781907123,157.64171122994654,2025-10-27T00:00:00.000000,9862994
2025-09-22T00:00:00.000000,Passenger,199.0,26.0,6.3,5.9,0.39999999999999947,20.300437682766002,24.2,2.0131493250480537,18.6,20.7,21.9,0.0008593526210254941,0.9953403991215507,92.29159771105368,2.255034851522964,3.8832826302437926,1.550094528788313,2,0.0,0.0,0.9991024539291512,0.0008975460708488494,0.1391545041658432,1.7376374496982612,54.608614918418795,12.386793197460138,4.173077754480001,0.0,0.0,0.0,0.0,0.0,52365,580734,7.6538458594674665,0.03165829129819954,1.6392218499238134,11.090329233824765,2025-09-22T00:00:00.000000,9458535
2025-08-04T00:00:00.000000,Passenger,71.0,13.0,,,,,0.0,0.0,0.0,0.0,0.0,0.9982250621228257,0.0,3.083205860119435e-14,0.0,0.0,62.52588904694167,2,0.0,0.0,0.0,0.9982250621228257,1.3916304397307269,0.4868406447003679,58.00337832303869,11.543363872204473,382.254957947406,0.0,0.0,0.0,0.0,0.0,2817,604710,5.461538041420151,,0.0,214.74076704545453,2025-08-04T00:00:00.000000,8010324
2026-05-25T00:00:00.000000,Passenger,332.0,52.0,8.8,8.7,0.10000000000000142,18.55833020415423,21.9,3.651509264427314,15.1,19.2,20.6,0.019271449919459702,0.9607002154210414,97.83243664037768,1.3576290100335746,2.066970818505502,3.3525982219116393,2,0.0,0.0,0.9886952471519785,0.011304752848021425,1.2453784772862433,2.127904375175664,56.55042435641508,10.221304537436682,45.037794993396,0.0,0.0,0.0,0.0,0.0,103054,604592,6.384615261834322,0.026506024016548124,1.506226082281764,5.866806400589987,2026-05-25T00:00:00.000000,9901544
2025-06-23T00:00:00.000000,Passenger,177.0,26.0,5.7,5.2,0.5,15.347147353568973,18.2,4.657414915785808,7.6,16.2,17.2,0.0653510410651812,0.8920552970347475,106.97720294504921,2.276878049885081,4.6909739420417,9.377831117954756,3,0.0,0.0,0.9854624503243775,0.01452622759643581,0.3883900488200283,0.5730469808959976,54.83852624281331,12.663521134755388,4.957741746711991,0.0,0.662703938951349,0.2022123342730659,0.0,0.0,88323,604648,6.807692045857998,0.03220338964856842,2.0612288388206506,6.84595004642105,2025-06-23T00:00:00.000000,8618358
2026-05-25T00:00:00.000000,Passenger,96.0,15.0,3.4,3.4,0.0,8.227098376313275,11.7,3.4852873827516855,0.0,0.0,9.4,0.8097198060480438,0.05580190250582966,106.3571449519315,0.0,0.0,77.31719583965652,1,0.0,0.0,1.0,0.0,0.0032929599479278107,0.019135361890992457,56.04260202602806,12.682985577110708,0.0010217792129997732,0.0,0.0,0.0,0.0,0.0,135085,604636,6.399999573333362,0.03541666629774306,2.6970508513784917,4.476000118444819,2026-05-25T00:00:00.000000,8611685
2026-05-04T00:00:00.000000,Passenger,113.0,26.0,5.3,5.3,0.0,9.548780487804878,12.3,5.014248658481933,0.0,9.7,10.8,0.3820395738203957,0.3272450532724505,75.13558147930947,4.862404870624048,13.486833088933691,39.077625570776256,1,0.0,0.0,1.0,0.0,0.13710966790218895,0.45582213332642657,54.02481466971079,8.193407216133942,0.4371409821089923,0.0,0.0,0.0,0.0,0.0,657,65101,4.346153678994089,0.0469026544521889,2.1538616414384335,99.23932926829268,2026-05-04T00:00:00.000000,9370018
2025-06-30T00:00:00.000000,Passenger,76.0,17.0,1.8,1.8,0.0,8.268902419586215,13.4,4.362657288653806,0.0,7.3,10.0,0.3723314096614068,0.09393034424310909,92.79293047126247,0.0,0.0,34.85200282514378,4,0.0,0.0809556479276807,0.8943863755599499,0.024597441381815247,0.28477385484435475,0.12422604349468024,54.6826149347633,8.558574657532589,316.07534258924994,0.0,0.0,0.0,0.0,0.0,49558,604681,4.470587972318354,0.023684210214681447,2.292180440995694,12.201727303912666,2025-06-30T00:00:00.000000,9604378
2025-06-30T00:00:00.000000,Passenger,37.0,12.0,2.8,2.8,0.0,5.924268177525968,8.0,3.192608676434321,0.0,4.9,7.3,0.407514450867052,0.0,130.31827016569275,0.0,0.0,65.43095375722544,1,0.0,0.0,0.0,0.0,0.009840811842843453,0.008761441514807384,54.191440923988445,15.549416748843932,0.0025992588599998267,0.0,0.0,0.0,0.0,0.0,3460,372745,3.0833330763889104,0.0756756736303872,2.2865306880085114,107.76091355883203,2025-06-30T00:00:00.000000,8418708
2026-06-22T00:00:00.000000,Passenger,37.0,10.0,2.1,2.1,0.0,7.897157309774864,10.4,3.824043336629416,0.0,7.8,9.2,0.2871358227328683,0.004565038982355355,102.41764341089983,,,,1,0.0,0.0,1.0,0.0,0.008870010978103948,0.027280254928222964,55.95447048004718,11.813049961274107,0.0018524354419999966,0.0,0.0,0.0,0.0,0.0,19496,188828,3.699999630000037,0.0567567552227904,2.4058298466562893,9.685970761733778,2026-06-22T00:00:00.000000,8872100
2026-05-04T00:00:00.000000,Passenger,230.0,32.0,6.9,5.8,1.1000000000000005,14.902298507462685,17.8,4.232195555891286,12.7,15.4,16.6,0.05103634298693924,0.9053094832481544,94.84872073526049,2.1249858035207265,6.325524699524634,9.632935747248846,2,0.0,0.0,0.9615985235661556,0.03840147643384441,0.09320851530553746,0.5928824097667393,55.99097542937251,15.495049300113573,0.8850887799529948,0.29159568427030097,0.5949744463373083,0.0,0.0,0.0,14088,484760,7.1874997753906325,0.02999999986956522,0.9215072949698282,34.411869099169444,2026-05-04T00:00:00.000000,9851048
2025-12-15T00:00:00.000000,Passenger,170.0,27.0,5.5,5.5,0.0,13.398323393498954,19.3,5.822929594137438,0.4,15.5,16.8,0.10727830155242078,0.7024438222159212,96.88875927099528,0.0,0.0,16.962074007124247,2,0.0,0.0,0.9233270716665485,0.07667292833345148,0.13457883721061373,0.05670504954522651,54.398381804937266,11.990950295589068,0.07597311807800032,0.0,0.0,0.0,0.0,0.0,112856,603844,6.2962960631001454,0.03235294098615917,2.8164512241501938,5.350618049709805,2025-12-15T00:00:00.000000,9587855
2025-06-23T00:00:00.000000,Passenger,70.0,17.0,2.5,2.5,0.0,,0.2,0.034334903968098324,0.1,0.1,0.2,1.0,0.0,92.66911809594582,0.0,0.0,162.87483870967742,1,0.0,0.0,1.0,0.0,1.7232538079430767e-05,2.4184625361889227e-05,53.35675502580645,5.217406,1.6377000000455365e-08,0.0,0.0,0.0,0.0,0.0,155,45707,4.11764681660901,0.03571428520408164,2.9124032992668707,296.7987012987013,2025-06-23T00:00:00.000000,9807578
2026-04-20T00:00:00.000000,Passenger,176.0,26.0,5.9,5.2,0.7000000000000002,14.743348895646836,17.9,4.793821950347724,6.5,16.0,17.1,0.06718121970435456,0.8552352210664067,95.9316266187584,0.0,0.0,4.298166570966924,2,0.0,0.0,0.9567081068810341,0.04329189311896591,0.3737891907319479,0.4676223195057549,54.87399805089,12.629440970555638,4.79587436284999,0.0,0.0,0.0,0.8681613631204348,0.0,74887,604627,6.769230508875749,0.03352272708225724,2.2111788670107475,8.073965761290495,2026-04-20T00:00:00.000000,8703232
2025-06-30T00:00:00.000000,Passenger,299.0,40.0,8.3,8.3,0.0,19.653085410706986,20.6,0.8213319593140568,17.9,20.0,20.3,0.0,1.0,110.72744393707596,0.4519547745538755,0.6651283346066491,1.00811878490669,1,0.0,0.0,1.0,0.0,0.9220552231591842,0.1513643428687485,56.56558681174227,4.5649349139081865,2.4953930376740003,0.0,0.0,0.0,0.0,0.0,7341,40778,7.474999813125005,0.027759197231574592,2.922079252736165,5.55558583106267,2025-06-30T00:00:00.000000,9767106
2026-01-05T00:00:00.000000,Passenger,30.0,8.0,3.5,3.5,0.0,8.41558227440888,13.5,4.848114708984119,0.0,0.5,11.6,0.5140005600224009,0.19496779871194847,99.75253384773461,0.0,0.0,39.85542732563954,3,0.0,0.0,0.9722788911556463,0.027701108044321774,0.15118635579473416,0.06588837722439606,57.65648203776151,11.833845130045201,399.70592447183,0.0,0.0,0.0,0.0,0.0,49998,604737,3.749999531250059,0.1166666627777779,2.392682166909477,12.095465727943676,2026-01-05T00:00:00.000000,7947178
2025-05-26T00:00:00.000000,Passenger,337.0,58.0,8.6,8.6,0.0,10.436335642802156,15.5,3.468032867969173,6.8,11.4,14.0,0.03759562841530055,0.6605464480874317,115.98601903560419,1.3276371584699456,3.0335546444855117,7.929473224043717,2,0.0,0.0,0.9729398907103826,0.027060109289617485,0.20783108700727304,0.46905583674656764,56.06390937713661,10.950427716065574,1.4918587021999992,0.0,0.0,0.0,0.0,0.0,22875,86330,5.81034472740785,0.025519287758103002,2.076104292550121,3.7741540613797326,2025-05-26T00:00:00.000000,9781865
2025-06-09T00:00:00.000000,Passenger,35.0,6.0,2.8,2.8,0.0,7.946666666666666,10.0,3.6202797027628444,0.0,0.0,8.9,0.738079247817327,0.0,89.50302903327835,,,,1,0.0,0.0,0.0,0.0,0.03277927828341117,0.12167494765079793,57.686149779382134,11.822601728341168,0.029802336899998994,0.0,0.0,0.0,0.0,0.0,2978,356334,5.833332361111273,0.07999999771428579,2.4583729082686596,119.69566677863621,2025-06-09T00:00:00.000000,5422540
2025-06-23T00:00:00.000000,Passenger,29.0,8.0,2.5,2.5,0.0,9.06056338028169,14.0,4.597203859446827,0.1,8.7,12.9,0.19134615384615383,0.33076923076923076,112.64941200441649,0.0,0.0,32.675288461538464,2,0.0,0.0,0.9663461538461539,0.03365384615384615,0.018264499983936915,0.026739954989217798,57.63493564519231,11.795991548076923,0.007202699712000248,0.0,0.0,0.0,0.0,0.0,1040,489306,3.624999546875057,0.08620689357907263,2.78430054594961,470.93936477382096,2025-06-23T00:00:00.000000,7947192
2026-05-11T00:00:00.000000,Passenger,35.0,6.0,2.8,2.8,0.0,8.438811513463325,11.3,2.436100777167124,0.0,0.0,0.0,0.9112670243499794,0.005282707387536112,35.534854426006895,,,,1,0.0,0.0,0.0,0.0,0.01557633648092784,0.033529068818662466,57.70803191539414,11.955787262567066,0.02022439116000038,0.0,0.0,0.0,0.0,0.0,12115,602068,5.833332361111273,0.07999999771428579,0.0,49.700181608056795,2026-05-11T00:00:00.000000,5422540
2026-04-13T00:00:00.000000,Passenger,158.0,25.0,5.5,4.7,0.7999999999999998,16.61664312299623,20.7,7.395551233142541,0.0,17.5,19.1,0.19995432565805804,0.7533188366943692,98.70000944297648,0.0,0.0,36.326288562549024,2,0.0,0.0,0.9882438215523319,0.011756178447668126,0.20508974024467605,0.882384128702767,55.235861730382375,13.257385072612275,2.474812411519998,0.7659984311856464,0.0,0.0,0.0,0.0,100713,604461,6.31999974720001,0.03481012636196123,2.582633371772424,6.001876638335054,2026-04-13T00:00:00.000000,9812107
2026-06-22T00:00:00.000000,Passenger,92.0,14.0,4.0,4.0,0.0,7.379447864135272,12.4,4.0529310697503185,0.0,0.0,9.3,0.5205818548423393,0.05435986065728714,91.63494750122955,0.0,0.0,4.082491246073111,2,0.0,0.0,0.0,0.0,0.003628866682693303,0.013948076807263855,57.70211506925729,11.680070445968692,0.00040944682499989863,0.0,0.0,0.0,0.0,0.0,111093,604755,6.5714281020408505,0.04347826039697543,2.2946350543133898,5.4437313217873475,2026-06-22T00:00:00.000000,7932018
2025-05-26T00:00:00.000000,Passenger,193.0,29.0,6.0,6.0,0.0,17.53883089770355,18.4,0.2662092280758098,17.2,17.6,17.9,0.0,1.0,14.392077574467931,1.2332463465553236,1.8206864983248674,1.2331243469174502,1,0.0,0.0,1.0,0.0,0.17284567082892077,0.4579218426394089,55.49626307359081,14.825215145615866,0.8963356294199966,0.0,0.0,0.0,0.0,0.0,1916,13575,6.655172184304408,0.031088082740476256,2.6295007710998144,7.088772845953002,2025-05-26T00:00:00.000000,9237589
2025-07-28T00:00:00.000000,Passenger,158.0,25.0,5.5,4.8,0.7000000000000002,16.647540534243383,20.7,8.190157078649225,0.0,17.4,19.5,0.26659361620096994,0.676396582861549,102.69750802002864,0.0,0.0,48.724184777094614,1,0.0,0.0,1.0,0.0,0.19030096379181968,0.9833118979169936,55.22539188811104,13.414686465351759,2.183915674815988,0.8433574805706053,0.0,0.0,0.0,0.0,98562,604527,6.31999974720001,0.03481012636196123,2.380906426071824,6.133531518551963,2025-07-28T00:00:00.000000,9812107
2026-01-26T00:00:00.000000,Passenger,186.0,29.0,6.8,6.0,0.7999999999999998,15.382292172224918,17.8,8.058569989891158,0.0,0.0,17.1,0.5169225078601812,0.4484254417674059,101.20473914341807,0.0,0.0,78.8625670427224,2,0.0,0.0,0.994317130991812,0.005682869008188039,0.22778440834406918,0.17859055546843816,55.2245943496982,13.246152116902332,1.6427019958540012,0.0,0.0,0.0,0.0,0.0,59477,602473,6.413792882283004,0.03655913958839172,2.1219643062585916,10.129682561033022,2026-01-26T00:00:00.000000,9539054
2025-06-23T00:00:00.000000,Passenger,100.0,18.0,,,,11.306183417341474,15.5,5.835585988960266,0.0,10.4,13.2,0.3869559337750903,0.5137888066765837,113.04074441023687,5.978351337249748,13.330932741155552,6.2952737303857145,1,0.0,0.0,1.0,0.0,0.023856598222982056,0.11519821986931163,55.89125517189885,10.43807322333037,0.019135173860998677,0.0,0.0,0.0,0.0,0.0,207052,604460,5.555555246913597,,2.2619832460679095,2.9193773514737913,2025-06-23T00:00:00.000000,9692806
2026-04-20T00:00:00.000000,Passenger,33.0,8.0,2.4,2.4,0.0,9.56529388244702,11.6,3.561411776104949,0.9,10.5,11.0,0.10255474452554744,0.6565693430656935,107.21747230050319,0.0,0.0,13.2292700729927,2,0.0,0.0,0.9974452554744525,0.0025547445255474453,0.11325579131652498,0.045146443851805114,54.4141027240876,13.700777670437954,0.08687539027799995,0.0,0.0,0.0,0.0,0.0,2740,279630,4.124999484375065,0.07272727052341604,2.835953211535952,102.092004381161,2026-04-20T00:00:00.000000,8013144
2026-03-23T00:00:00.000000,Passenger,224.0,36.0,6.9,6.9,0.0,19.167599704158846,22.8,1.692742088457111,17.6,19.4,20.8,0.00010113588237896879,0.9959166387489491,112.65103961962113,0.0,0.0,1.7365328091123426,2,0.0,0.0,0.9999494320588105,5.0567941189484394e-05,1.1079319881965353,0.3936614030687411,56.195089897176416,11.168027722634841,8.306416222555006,0.5101736376680593,0.0,0.0,0.0,0.0,158203,604231,6.222222049382721,0.030803571291055487,1.8904227238149365,3.819363851278745,2026-03-23T00:00:00.000000,9349863
2026-03-09T00:00:00.000000,Passenger,186.0,27.0,6.6,6.4,0.1999999999999993,18.646295273415923,20.3,0.4576004698693077,18.1,18.6,19.3,0.0,1.0,90.56023747313368,0.11851559415712594,0.8046456025065201,0.9879783792314366,1,0.0,0.0,1.0,0.0,0.43288268954054593,1.281035608112236,54.98795159571531,13.611226579499725,7.190090369342992,0.0,1.0,0.0,0.0,0.0,25346,477321,6.888888633744865,0.035483870776968435,2.6223691989947557,18.83294535411324,2026-03-09T00:00:00.000000,9332559
2025-06-09T00:00:00.000000,Passenger,216.0,30.0,7.1,6.5,0.5999999999999996,15.59908138391139,20.1,4.237217394109702,10.1,16.3,18.1,0.039110562075355154,0.9008770846201359,95.83072254249696,0.0,0.0,6.254615606341362,2,0.0,0.0,0.9863372452130945,0.013662754786905497,0.491020749036268,0.4642900640441146,54.93976248181182,12.390258970788551,3.601390403778993,0.14135474572781553,0.8586452542721845,0.0,0.0,0.0,121425,604725,7.199999760000008,0.03287037021819273,1.888031075084793,4.980275728027408,2025-06-09T00:00:00.000000,9336256
2026-05-04T00:00:00.000000,Passenger,140.0,24.0,5.5,5.5,0.0,11.720021771897505,17.6,5.864386338596323,0.0,13.1,15.0,0.1693783303730018,0.6518650088809946,115.37903288124416,2.554792184724689,5.07972047053485,19.44377264653641,1,0.0,0.0,1.0,0.0,0.6255503945848948,0.7077621198788353,54.43343253989343,7.965620948987567,9.083446874825015,0.0,0.0,0.0,0.0,0.0,14075,349142,5.833333090277788,0.03928571400510204,2.5578119475972985,24.8075884609919,2026-05-04T00:00:00.000000,9813084
2026-01-26T00:00:00.000000,Passenger,220.0,30.0,6.2,5.7,0.5,15.177467047451671,19.5,6.667344969137462,0.0,15.5,18.2,0.17651967275563699,0.7646888094763001,109.24700491402395,2.3826001777713275,4.937662357994856,21.32768667005297,2,0.0,0.0,0.9922542492789377,0.007745750721062274,0.3816676474494128,0.5422378886902791,54.969611528869706,12.820497971792408,4.143069749520006,0.0,0.0,0.0,0.0,0.0,55127,603499,7.333333088888897,0.02818181805371901,2.729721853980001,10.947629067953416,2026-01-26T00:00:00.000000,9217242
2025-09-01T00:00:00.000000,Passenger,173.0,30.0,7.6,7.6,0.0,5.8347996857816185,16.0,3.43078778099193,0.1,6.5,7.1,0.16416893732970028,0.043596730245231606,77.09898844083453,1.9047683923705725,2.7327729762850237,4.8302452316076305,1,0.0,0.0,1.0,0.0,0.09905761202252633,0.5182227924913423,54.29688644482289,9.801741510217985,1.34371943584001,0.0,0.0,0.0,0.0,0.0,1468,51749,5.766666474444451,0.04393063558421598,2.040347117485944,35.275391956373554,2025-09-01T00:00:00.000000,9064126
2025-11-03T00:00:00.000000,Passenger,28.0,8.0,,,,,0.1,0.037389371702117036,0.0,0.0,0.1,0.9992737835875091,0.0,163.78379055594667,0.0,0.0,25.423328488372093,2,0.0,0.0,0.9992737835875091,0.0,0.8971979467926104,0.3142246377234894,57.73100094045025,11.651764464778504,388.209709036446,0.0,0.0,0.0,0.0,0.0,1377,121066,3.499999562500055,,2.674485313938134,87.98401162790698,2025-11-03T00:00:00.000000,8962929
2025-07-28T00:00:00.000000,Passenger,330.0,44.0,8.6,8.6,0.0,14.718937603611865,19.7,1.399069260671981,13.9,14.2,16.6,0.0024980648793188377,0.9955844064457111,123.67261831775089,0.8413412145521074,1.5085730890766726,1.8087766518893813,2,0.0,0.0,0.997537119133066,0.002462880866934065,1.143974417177732,2.158964685430446,56.2758535605165,10.62549732427345,44.406937515000024,0.0,0.0,0.0,0.0,0.0,56844,444025,7.499999829545459,0.026060605981634528,1.9298530430510163,7.811427968263462,2025-07-28T00:00:00.000000,9802396
2026-03-09T00:00:00.000000,Passenger,200.0,26.0,6.2,6.2,0.0,,0.0,0.0,0.0,0.0,0.0,0.9997309658326607,0.0,,,,,2,0.0,0.0,0.0,0.9997309658326607,0.5763950802282258,0.21042976463721308,55.865106321047435,12.82701335055152,450.920840063355,0.0,0.0,0.0,0.0,0.0,11151,604651,7.692307396449715,0.030999999845,0.0,54.22878923766816,2026-03-09T00:00:00.000000,9763655
2025-08-04T00:00:00.000000,Passenger,219.0,31.0,7.1,6.8,0.2999999999999998,20.47715817123385,21.9,1.5973163652136628,19.6,20.6,21.4,0.001913265306122449,0.9934807256235828,89.50557516467839,5.0259814342403635,3.428733017564795,1.3750425170068024,2,0.0,0.0,0.9992913832199547,0.0007086167800453515,0.47045157585651726,1.3128345716387546,54.86785842435516,13.271105760310375,9.406791577744015,0.0,0.0,0.0,0.0,0.0,28224,553915,7.064515901144648,0.03242009117616396,1.1268893954328374,19.626368564645855,2025-08-04T00:00:00.000000,9319442
2025-10-27T00:00:00.000000,Passenger,97.0,15.0,4.6,4.6,0.0,9.858607611119792,15.1,5.2114794876545325,0.0,9.6,13.0,0.26590057667213873,0.45185629498674074,111.63634680949752,0.0,0.0,9.747970565289814,2,0.0,0.0,0.9510460074925285,0.04895399250747148,0.051530986303114874,0.07915799808437901,55.06394913342384,8.50427283698489,0.22670803383199706,0.0,0.0,0.0,0.0,1.0,95028,604444,6.466666235555585,0.047422679923477526,2.494492693735624,6.360760625927368,2025-10-27T00:00:00.000000,9008794
2025-06-02T00:00:00.000000,Passenger,296.0,38.0,8.2,8.2,0.0,15.565641952983725,21.1,2.925679182384372,11.6,16.1,19.2,0.012510014173907685,0.9783077586738153,91.92365337820219,1.0767856042398471,1.7172611610639563,2.670450061652281,2,0.0,0.0172551919640106,0.9827448080359894,0.0,0.9341133219404257,1.3298494929277616,57.27146797405559,7.526530949035558,16.76026826485001,0.0,0.0,0.0,0.0,0.0,16227,403738,7.789473479224383,0.02770270260911249,2.5976865297033758,24.882164427462097,2025-06-02T00:00:00.000000,9837470
2026-01-26T00:00:00.000000,Passenger,32.0,7.0,1.6,1.6,0.0,,0.3,0.01272033761088603,0.0,0.0,0.0,0.9962209302325581,0.0,19.683935620428567,,,,1,0.0,0.0,0.0,1.0,6.854773940361792e-05,0.0001349871448309798,54.469901464534885,9.036096803488372,5.742749999982345e-06,0.0,0.0,0.0,0.0,0.0,3440,602060,4.57142791836744,0.049999998437500054,0.0,175.06833381797034,2026-01-26T00:00:00.000000,7636963
2026-03-16T00:00:00.000000,Passenger,96.0,18.0,3.2,3.2,0.0,10.081737248610127,14.3,5.371221111536915,0.0,7.2,12.0,0.4365067583902011,0.36480886924731,79.54889969664622,2.6704170395409297,5.329664495232659,2.279939435323457,2,0.0,0.0,0.9999278991945916,7.210080540840864e-05,0.023018093975480665,0.07425879702973974,54.89441058501321,10.959008299506749,0.011969929999999832,0.0,0.0,0.0,0.0,0.0,235781,604488,5.333333037037053,0.03333333298611112,2.2341284256752387,2.563779794723895,2026-03-16T00:00:00.000000,9594690
2026-03-30T00:00:00.000000,Passenger,30.0,8.0,2.5,2.5,0.0,8.36307867083215,13.0,4.49864724675227,0.0,0.0,9.9,0.5707024664377146,0.07898844832969092,99.58410068287014,0.0,0.0,45.06974960974087,1,0.0,0.0,1.0,0.0,0.004176209844402336,0.031116820930928445,56.036798183815186,12.641344651089602,0.0011671919430003154,0.0,0.0,0.0,0.0,0.0,80075,604634,3.749999531250059,0.08333333055555564,2.200661055717604,7.550940380148362,2026-03-30T00:00:00.000000,7369132
2026-01-05T00:00:00.000000,Passenger,30.0,8.0,2.6,2.6,0.0,8.258078668683813,13.9,4.193913427683221,0.0,7.5,11.5,0.1807324840764331,0.3481813610459269,100.3944664604705,28.63340597627929,41.94506430081305,27.311595356828562,2,0.0,0.0,0.9999580958766343,0.0,0.21740668519607872,0.08175525669446665,57.64384978084143,11.812618456084477,399.7206904176,0.0,0.0,0.0,0.0,0.0,23864,586692,3.749999531250059,0.08666666377777787,2.7420683464809668,24.58584419394041,2026-01-05T00:00:00.000000,8612562
2025-07-28T00:00:00.000000,Passenger,150.0,23.0,5.9,5.1,0.8000000000000007,13.43195964559601,15.7,5.729074376883981,0.1,13.7,14.0,0.21993458326032359,0.7590970153612523,104.12455752447855,0.0,0.0,21.833819190886523,2,0.0,0.0,0.9894281876058642,0.010571812394135856,0.3660245938855239,0.10898581156453503,55.018203930786754,13.927732612026167,0.7436937000000045,0.0,0.0,0.0,0.0,0.0,34242,594371,6.521738846880919,0.039333333071111115,2.4262204781044705,17.358459157150783,2025-07-28T00:00:00.000000,9019078
2025-12-15T00:00:00.000000,Passenger,33.0,6.0,2.0,2.0,0.0,15.700821315081887,27.4,8.178945548277902,0.0,0.0,22.9,0.7749638800465155,0.15466387887188282,82.45010365198883,0.0,0.0,22.73104084197667,1,0.0,0.0,0.0,0.0,0.03869985813663044,0.30472924237135846,55.492816741839235,8.265872761702278,0.15415314633600036,0.0,0.0,0.0,0.0,0.0,85133,604755,5.499999083333486,0.060606058769513374,2.79987158062815,7.103733026359066,2025-12-15T00:00:00.000000,9566148
2026-04-06T00:00:00.000000,Passenger,70.0,17.0,2.5,2.5,0.0,0.82,0.9,0.0699463969935854,0.0,0.0,0.1,1.0,0.0,73.42414271841702,0.0,0.0,86.53182359952324,1,0.0,0.0,1.0,0.0,5.69637491384538e-05,3.912523625550613e-05,53.1778099261025,5.415811054827175,3.37869000002327e-07,0.0,0.0,0.0,0.0,0.0,1678,29713,4.11764681660901,0.03571428520408164,1.429645766649052,17.71794871794872,2026-04-06T00:00:00.000000,9807580
2025-12-15T00:00:00.000000,Passenger,32.0,7.0,,,,6.635626216742375,10.0,2.711747847049508,0.0,0.0,6.8,0.8176953264359614,0.0,97.4046855276979,0.0,0.0,115.23916042335591,1,0.0,0.0,0.0,0.0,0.017793941101859168,0.040104898773991884,57.70595488131764,11.950206390177192,0.021913561992000324,0.0,0.0,0.0,0.0,0.0,8409,541367,4.57142791836744,,2.507606855774521,64.38713130352046,2025-12-15T00:00:00.000000,8810906
2026-03-30T00:00:00.000000,Passenger,170.0,27.0,6.5,6.5,0.0,17.73684606359616,22.9,7.156243847365012,0.1,18.7,20.9,0.13552415036179827,0.8092526318539223,97.70379041467028,5.334322509861289,9.565042469941472,17.240364719406415,1,0.0,0.0,1.0,0.0,0.0896399004744384,0.4637063468404812,57.68938490318957,9.522817651837725,1.5378203178500125,0.0,0.0,0.0,0.0,0.0,38281,422475,6.2962960631001454,0.038235293892733564,2.906552311113101,11.036442006269592,2026-03-30T00:00:00.000000,9586617
2025-12-29T00:00:00.000000,Passenger,243.0,30.0,6.0,5.9,0.09999999999999964,16.306797315612293,20.5,2.2728658834671696,14.9,16.4,18.2,0.007939520808703103,0.9801349284683883,110.3442851243506,0.0,0.0,3.4907252947492866,2,0.0,0.0,0.9964424005119472,0.0035575994880527565,0.9425432608701361,0.4337169749931981,56.03766883984838,11.240460875587058,6.0446403294919975,0.0,0.0,0.0,0.0,0.0,184394,604567,8.09999973000001,0.02469135792308083,1.4519108109692627,3.2786873688263656,2025-12-29T00:00:00.000000,9235517
2025-07-21T00:00:00.000000,Passenger,31.0,6.0,1.4,1.4,0.0,5.195238095238095,7.0,2.9912213143282207,0.0,2.4,6.9,0.4537313432835821,0.0,120.10276075689012,0.0,0.0,12.002127659574468,2,0.0,0.0,0.6059701492537314,0.3940298507462687,0.013510691069443114,0.000977780016559117,53.74903237014926,14.272186429850745,0.00015665251500000547,0.0,0.0,0.0,0.0,0.0,335,76805,5.166665805555699,0.04516128886576487,2.3067493067795017,229.9550898203593,2025-07-21T00:00:00.000000,8034215
2025-07-14T00:00:00.000000,Passenger,144.0,20.0,4.0,4.0,0.0,8.361805555555556,13.9,5.037558854121266,0.0,0.0,12.8,0.6246498599439776,0.19607843137254902,105.25668549367352,4.542415730337078,6.93909713704785,47.88202247191011,3,0.0,0.0,0.8795518207282913,0.11764705882352941,1.6712068006815135,0.5654222177540682,59.5121846442577,10.597159635854345,336.597980647754,0.0,0.0,0.0,0.0,0.0,357,87356,7.1999996400000175,0.027777777584876547,2.540912737647816,245.38202247191012,2025-07-14T00:00:00.000000,9878993
2025-08-11T00:00:00.000000,Passenger,216.0,32.0,7.1,7.1,0.0,11.600149402390437,12.6,0.29121838724212346,11.3,11.6,12.1,0.0,1.0,6.260386888470567,0.5272908366533864,0.845988942338339,2.985906374501992,1,0.0,0.0,1.0,0.0,0.5744560776495174,0.704173309665569,56.50979841384462,0.5028061847609562,4.571601053292007,0.0,0.0,0.0,0.0,0.0,2008,43214,6.749999789062507,0.03287037021819273,2.7470698553969175,21.531639262580967,2025-08-11T00:00:00.000000,9172777
2025-09-08T00:00:00.000000,Passenger,42.0,8.0,1.1,1.1,0.0,8.953443351317041,17.8,2.3450642641834945,0.0,0.1,0.1,0.9433030565167243,0.019283448673587084,33.1147377561591,,,,1,0.0,0.0,0.0,0.0,0.09061242304861891,0.05724787661829391,55.82779090316826,12.846938446547,0.0676332226050009,0.0,0.0,0.0,0.0,0.0,55488,604667,5.2499993437500825,0.026190475566893443,0.042642736442057204,10.897453457566638,2025-09-08T00:00:00.000000,8917065
2025-12-29T00:00:00.000000,Passenger,36.0,8.0,1.8,1.8,0.0,8.749282786885246,10.1,1.9471174897405847,0.0,0.0,0.0,0.9493762617112687,0.00020705005435063927,53.50871367863383,0.0,0.0,140.69360468126976,2,0.0,0.0,0.8523215487344066,0.14767845126559345,0.011938939324016226,0.08318877927389622,54.49193722351053,8.841258234070088,0.02956983531099937,0.0,0.0,0.0,0.0,0.0,19319,604105,4.499999437500071,0.04999999861111115,0.0,31.27161196811264,2025-12-29T00:00:00.000000,7824869
2026-04-27T00:00:00.000000,Passenger,76.0,12.0,3.6,3.6,0.0,7.548689463634785,9.8,3.9552159791379977,0.0,7.1,8.6,0.3964097148891235,0.0,104.390566832423,0.0,0.0,37.666969376979935,1,0.0,0.0,1.0,0.0,0.013160362473639466,0.014740862626005833,56.15207433125661,15.591090105015835,0.0024023294100000425,0.0,0.0,0.0,0.0,0.0,18940,594800,6.3333328055555995,0.047368420429362894,2.174343416647217,31.406093246739534,2026-04-27T00:00:00.000000,8804440
2026-06-15T00:00:00.000000,Passenger,28.0,7.0,2.8,2.8,0.0,,0.0,0.0,0.0,0.0,0.0,1.0,0.0,9.299602983364451,0.0,0.0,144.75631067961146,1,0.0,0.0,1.0,0.0,1.2717635189718947e-05,2.3812865039829578e-05,59.38709121359224,10.516640126213591,1.1025000000374936e-08,0.0,0.0,0.0,0.0,0.0,103,190561,3.99999942857151,0.09999999642857155,0.0,1868.2450980392157,2026-06-15T00:00:00.000000,8739009
2026-06-08T00:00:00.000000,Passenger,304.0,50.0,8.5,8.5,0.0,16.07889044795086,21.3,3.7434188446967056,12.6,16.8,20.2,0.016822478581286944,0.9611208041457254,111.27363999512988,1.4285357152157496,2.164405039007786,3.0907296931172823,2,0.0,0.0,0.985937866201401,0.014062133798598995,1.056614650546907,0.9885142569551062,56.184668833233495,11.090815803130125,20.27136793173602,0.0,0.0,0.0,0.0,0.0,76802,270570,6.0799998784000024,0.027960526223814057,2.0302291261203047,3.523001002591112,2026-06-08T00:00:00.000000,9636888
2025-06-23T00:00:00.000000,Passenger,197.0,29.0,6.6,6.6,0.0,18.40253007051016,18.6,0.12190494659407036,18.2,18.4,18.5,0.0,1.0,5.560846613349265,0.0,0.0,0.9708834508502698,1,0.0,0.0,1.0,0.0,0.34399520504072456,0.2592229675493946,55.910089547490664,5.044242754873496,1.1031882843799974,0.0,0.0,0.0,0.0,0.0,2411,16233,6.793103214030923,0.03350253790100234,2.4609135844616215,6.735684647302905,2025-06-23T00:00:00.000000,9417098
2025-06-23T00:00:00.000000,Passenger,216.0,28.0,6.7,6.0,0.7000000000000002,14.833432726830159,22.6,5.339947709159304,2.3,15.7,17.7,0.07270462331191076,0.8370657682398573,99.91358747051191,0.0,0.0,13.505450015571473,2,0.0,0.0,0.9801534497890774,0.01984655021092268,0.3775197568962689,0.15351335157119428,54.94428101401432,13.904668424846408,1.166582720511004,0.0,0.0,0.0,0.0,0.0,35321,603225,7.71428543877552,0.031018518374914268,2.88392283124092,17.078850509626275,2025-06-23T00:00:00.000000,9990480
2025-08-25T00:00:00.000000,Passenger,170.0,27.0,5.3,5.3,0.0,13.293319658541474,19.0,6.4111673299338525,0.0,14.1,17.8,0.16862575960449067,0.6681751467710372,97.89568024195904,3.27206457925636,9.292760903489757,22.35952273663611,1,0.0,0.0,1.0,0.0,0.137442006665589,0.057133287931239445,54.41374238383201,11.984660082378465,0.07516113509999993,0.0,0.0,0.0,0.0,0.0,155344,604442,6.2962960631001454,0.03117647040484429,2.7764050300927994,3.8910153659965365,2025-08-25T00:00:00.000000,9587867
2026-03-16T00:00:00.000000,Passenger,241.0,30.0,6.0,5.7,0.2999999999999998,16.641827537908775,19.4,3.23450154756189,14.8,16.9,17.8,0.030246491180568203,0.9600356420241125,109.90296028681813,0.0,0.0,4.5759017579788415,3,0.0,9.84586301450788e-06,0.9964702581092989,0.003519896027686567,0.9088443164844815,0.42844268094159904,56.06087121480226,11.2452247205301,6.13489170528001,0.0,0.0,0.0,0.0,0.0,203131,604698,8.033333065555563,0.02489626545686197,0.9274996559397816,2.97690149165559,2026-03-16T00:00:00.000000,9145176
2025-09-01T00:00:00.000000,Passenger,186.0,27.0,6.5,6.2,0.2999999999999998,18.474439797651442,34.7,1.3266973987749937,17.8,18.6,19.2,0.0005293516355140186,0.9924978095794392,90.95197386202804,0.0,0.0,1.118916106892523,2,0.0,0.0,0.9998539719626168,0.00014602803738317756,0.506495883977562,1.5578287042028816,54.83631328039208,13.237817400226342,14.66693590764,0.2006060163551402,0.0,0.0,0.0,0.0,54784,485298,6.888888633744865,0.034946236371256795,1.0552511417008477,8.858551010349926,2025-09-01T00:00:00.000000,9332559
2026-04-20T00:00:00.000000,Passenger,78.0,13.0,2.6,2.6,0.0,12.107160493827159,15.7,5.431337396194549,0.0,11.2,15.3,0.18126272912423624,0.6761710794297352,98.54772644281806,0.0,0.0,11.165784114052956,2,0.0,0.0,0.20977596741344195,0.790224032586558,0.03685067742501635,0.04441169612083868,53.51772759470469,6.769999602851324,0.014291084294999949,0.0,0.0,0.0,0.0,0.0,491,30968,5.999999538461575,0.033333332905982914,2.8169852224121956,63.2,2026-04-20T00:00:00.000000,7217004
2025-06-02T00:00:00.000000,Passenger,40.0,12.0,2.0,2.0,0.0,5.096258711925659,9.4,2.806349693049011,0.0,0.7,6.2,0.5090720622923791,0.0,87.22215876458449,0.0,0.0,116.42280707482104,1,0.0,0.0,1.0,0.0,0.0033839725293212885,0.008181624608584678,55.002164179865986,9.67807929322799,0.00019552956000002265,0.0,0.0,0.0,0.0,0.0,122519,604747,3.333333055555579,0.04999999875000003,2.20927484770761,4.935984916502065,2025-06-02T00:00:00.000000,9237840
2025-06-23T00:00:00.000000,Passenger,121.0,25.0,4.8,4.6,0.20000000000000018,13.92876841962958,18.3,7.41766671609049,0.0,0.0,15.4,0.5146717890971716,0.4331986487381599,77.88969805711824,0.0,0.0,83.62182613305063,3,0.0,0.0,0.7376962310392793,0.261972577333245,0.6821657651572218,0.4061782520224916,54.98028356521163,14.480824775518316,536.763708500886,0.0,0.0,0.0,0.0,0.0,15097,604635,4.839999806400008,0.03966942115975685,2.076124273751727,40.05266295707472,2025-06-23T00:00:00.000000,7633143
2025-11-24T00:00:00.000000,Passenger,225.0,36.0,6.9,6.9,0.0,18.998655903256942,23.3,1.4862884865563042,17.1,19.2,20.4,1.5953288770480033e-05,0.9996091444251233,109.44550338300157,0.0,0.0,1.3867646941494665,2,0.0,0.0,0.9999840467112295,0.0,1.052485061780232,0.3941596816060539,56.1602951357226,11.17195819290717,436.51965945217,0.6455338768087041,0.0,0.0,0.0,0.0,125366,604670,6.249999826388894,0.03066666653037037,2.2202942494372446,4.823276033980776,2025-11-24T00:00:00.000000,9278234
2025-12-01T00:00:00.000000,Passenger,285.0,32.0,8.0,8.0,0.0,15.955387508815924,18.9,1.2187199753963838,14.8,15.6,17.6,0.0,1.0,40.29434866272609,0.6282579735130476,1.0496204036467953,1.976827834809184,1,0.0,0.0,1.0,0.0,0.4871051297646897,1.3206283741133156,57.46031282062534,9.879543157276077,19.201442222880033,0.0,0.0,0.0,0.0,0.0,12761,259540,8.906249721679696,0.02807017534010465,2.2974906123112495,20.34012539184953,2025-12-01T00:00:00.000000,9226906
2025-05-26T00:00:00.000000,Passenger,30.0,8.0,3.5,3.5,0.0,8.252922077922078,10.8,4.412492270527656,0.0,5.0,10.4,0.424860853432282,0.15398886827458255,110.30296858727613,0.0,0.0,40.701303538175054,2,0.0,0.0,0.0,0.9962894248608535,2.0309538194731998,0.719924083292919,57.756454059369204,11.778759860853434,396.229532577021,0.0,0.0,0.0,0.0,0.0,539,85757,3.749999531250059,0.1166666627777779,2.3569441044736923,159.3996282527881,2025-05-26T00:00:00.000000,7947178
2026-01-05T00:00:00.000000,Passenger,50.0,13.0,1.9,1.9,0.0,9.463040800469972,11.8,4.299197191147354,0.0,10.1,11.0,0.20032322610435585,0.5008927197167924,90.9108247563639,0.0,0.0,26.18116505302692,3,0.0,0.0,0.9643681699245805,0.0355856549176543,0.24712655427417698,0.09985456394976057,54.896489348899486,10.61221982234108,386.86193906215,0.0,0.0,0.0,0.0,1.0,129940,604578,3.846153550295881,0.03799999924000001,2.5586166328992523,4.652783229053633,2026-01-05T00:00:00.000000,9861500
2026-06-15T00:00:00.000000,Passenger,88.0,14.0,5.0,5.0,0.0,9.86788990825688,11.5,5.2038346924928405,0.0,0.0,11.0,0.5301724137931034,0.40086206896551724,50.55818313657988,0.0,0.0,7.368103448275849,2,0.0,0.0,0.4698275862068966,0.5301724137931034,0.07447228861100245,0.6323567672044476,58.09474648275861,7.5409281853448284,0.3300035416059963,0.0,0.0,0.0,0.0,0.0,232,483085,6.285713836734726,0.05681818117252067,2.113825387659496,2091.277056277056,2026-06-15T00:00:00.000000,5424562
2025-07-28T00:00:00.000000,Passenger,24.0,8.0,3.0,3.0,0.0,4.60167714884696,8.5,1.1190380236270416,0.0,0.0,0.0,0.9523218422261536,0.0,113.7809767651298,,,,1,0.0,0.0,1.0,0.0,0.0010306623676421783,0.0015340322338339262,56.99065477230209,10.307760873825883,5.158124800005237e-05,0.0,0.0,0.0,0.0,0.0,102311,604658,2.999999625000047,0.12499999479166687,0.0,5.910057667872153,2025-07-28T00:00:00.000000,8878403
2026-06-29T00:00:00.000000,Passenger,240.0,33.0,6.7,6.7,0.0,15.78687631763879,16.0,0.21417425945240864,15.5,15.9,16.0,0.0,1.0,9.88219786064439,0.8739634574841882,1.2198038868908125,0.8271784961349258,1,0.0,0.0,1.0,0.0,0.1859687257121969,0.50151405342573,57.330564027758264,8.297360929374562,1.2221380783839981,0.0,0.0,0.0,0.0,0.0,5692,16442,7.272727052341605,0.027916666550347222,2.334536684014634,2.8891231769460552,2026-06-29T00:00:00.000000,9852432
2026-03-09T00:00:00.000000,Passenger,170.0,27.0,6.5,6.5,0.0,18.301525049889715,24.3,7.420810663838185,0.1,18.9,22.5,0.1238471916757536,0.8111519766388822,93.6881013672235,4.750961182994455,9.135187187330539,15.790088557747415,1,0.0,0.0,1.0,0.0,0.09392273341964175,0.45000832325011175,57.694348594285394,9.507162191010405,1.3213312587329973,0.0,0.0,0.0,0.0,0.0,54107,579746,6.2962960631001454,0.038235293892733564,3.018537730738512,10.7150038812701,2026-03-09T00:00:00.000000,9586617
2025-07-14T00:00:00.000000,Passenger,30.0,8.0,2.6,2.6,0.0,8.793050568977058,14.0,4.976795059801191,0.0,6.3,12.2,0.33200465039030064,0.32988706194984224,110.33360180265116,22.699269224381336,38.356576851929354,41.80894784919448,1,0.0,0.0,1.0,0.0,0.025675109026975958,0.028272673184787676,57.644201630418536,11.817248108744394,0.026212802460000396,0.0,0.0,0.0,0.0,0.0,24084,555931,3.749999531250059,0.08666666377777787,2.451376317897052,23.083959639579785,2025-07-14T00:00:00.000000,8612562
2026-06-22T00:00:00.000000,Passenger,92.0,15.0,,,,6.998507333908542,10.9,3.168010597621057,0.0,0.0,7.6,0.7718016601309792,0.013515934470609312,72.15342150041216,0.0,0.0,3.8444035154451366,1,0.0,0.0,1.0,0.0,0.0030189043532172334,0.012194640665045964,57.70094341109143,11.673739370901925,0.0003505777750000021,0.0,0.0,0.0,0.0,0.0,50237,604487,6.133332924444472,,2.398981116643335,12.032944501950793,2026-06-22T00:00:00.000000,831148100
2026-03-23T00:00:00.000000,Passenger,230.0,32.0,6.9,5.8,1.1000000000000005,15.653321721821348,18.8,4.843209029711357,4.6,16.2,17.3,0.06551643739799487,0.8903007694101189,92.78660067314519,2.4241431569130336,6.643680817599012,11.331557472604336,2,0.0,0.0,0.9489391466542317,0.051060853345768244,0.08706455908300754,0.41480778676404634,56.01236594427605,15.31949462089065,0.5537967687499975,0.12252273257169503,0.67813010025647,0.0,0.0,0.0,8578,479449,7.1874997753906325,0.02999999986956522,2.622227803892471,55.899382068322254,2026-03-23T00:00:00.000000,9851048
2026-01-26T00:00:00.000000,Passenger,158.0,25.0,5.5,4.8,0.7000000000000002,16.38853873371979,20.6,7.386636534946623,0.0,17.2,18.4,0.21776790276012023,0.7383173128334304,95.01661401922942,0.0,0.0,40.43488908164114,3,0.0,0.0,0.9785416394377577,0.021434597150766965,0.21714823843360262,0.9062332158316538,55.280436338925654,13.223160912514999,527.516469540516,0.5930991053075579,0.0,0.0,0.0,0.0,84163,604593,6.31999974720001,0.03481012636196123,2.4909845532488224,7.183681471447922,2026-01-26T00:00:00.000000,9812107
2025-08-04T00:00:00.000000,Passenger,96.0,15.0,3.4,3.4,0.0,9.918442548921226,12.5,5.241649254494057,0.0,0.0,11.5,0.5442619315977162,0.3283429722288945,107.6556945798147,0.0,0.0,51.39981845981864,1,0.0,0.0,1.0,0.0,0.03132773140479703,0.1002290930520828,55.076707025193556,10.148146397133276,0.02971623122999975,0.0,0.0,0.0,0.0,0.0,216484,604775,6.399999573333362,0.03541666629774306,2.193965534068244,2.7936373756830792,2025-08-04T00:00:00.000000,8611685
2026-06-01T00:00:00.000000,Passenger,32.0,10.0,1.8,1.8,0.0,5.63248502994012,9.1,2.466074762171367,0.0,0.0,5.9,0.7711507379242734,0.0,102.38785469460701,0.0,0.0,40.04684560557484,1,0.0,0.0,1.0,0.0,0.0251192085539824,0.05565440014452073,57.69616844262209,11.931470602527755,0.021003623982000036,0.0,0.0,0.0,0.0,0.0,37741,604343,3.1999996800000323,0.056249998242187564,2.392465020946916,16.01332803391627,2026-06-01T00:00:00.000000,6618811
2026-06-22T00:00:00.000000,Passenger,155.0,28.0,6.5,6.5,0.0,15.068001110834604,19.8,4.961368760372784,4.5,15.9,17.3,0.07134881755907176,0.8437226519670465,92.20172520205573,0.0,0.0,7.898838180117289,2,0.0,0.0,0.9977568326074054,0.0022431673925945297,0.08894411808236248,0.447858350390577,57.533779301077324,11.175334169675999,0.40442443196099986,0.0,0.0,0.0,0.0,0.0,298239,604598,5.535714088010211,0.04193548360041623,2.5799326835575833,2.027233283485002,2026-06-22T00:00:00.000000,7907245
2025-07-14T00:00:00.000000,Passenger,33.0,6.0,2.8,2.8,0.0,3.945809248554913,8.5,0.904860592203097,0.0,0.0,0.0,0.9586049991601899,0.0,81.85353033505547,,,,1,0.0,0.0,1.0,0.0,0.005185175715613443,0.007520605046509559,55.68016362176483,12.594084876425772,0.004090457419999813,0.0,0.0,0.0,0.0,0.0,65491,604701,5.499999083333486,0.08484848227731873,0.0,9.233486028401282,2025-07-14T00:00:00.000000,5161158
2026-04-06T00:00:00.000000,Passenger,186.0,26.0,6.5,5.5,1.0,15.839704565801254,17.7,4.113155889014434,14.3,15.8,17.4,0.05305602716468591,0.9227504244482173,88.0424560429906,0.0,0.0,9.780326825127334,2,0.0,0.0,0.9724108658743633,0.027589134125636672,0.08724925609074195,0.3177774388704926,56.005886183361625,15.25685660271647,0.4725487760840012,0.0,0.19439728353140917,0.0,0.0,0.0,4712,193455,7.1538458786982355,0.034946236371256795,0.7536790070613615,41.0645298238166,2026-04-06T00:00:00.000000,9188427
2025-07-14T00:00:00.000000,Passenger,164.0,28.0,6.2,6.2,0.0,18.325318471337578,19.1,0.2218791584042591,18.1,18.3,18.5,0.0,1.0,83.49263498893386,0.0,0.0,0.8342356687898094,1,0.0,0.0,1.0,0.0,0.23536975337952934,0.12726776610465326,54.9860918933121,18.831206546178343,1.0564216195200016,0.0,0.0,0.0,0.0,0.0,628,176747,5.857142647959191,0.037804877818262944,1.8027749884296116,281.89314194577355,2025-07-14T00:00:00.000000,7814462
2026-03-09T00:00:00.000000,Passenger,150.0,24.0,5.6,5.1,0.5,15.961962850013864,17.3,4.539172140958106,12.6,16.4,17.2,0.05729984301412873,0.9047619047619048,97.10795276985145,0.0,0.0,12.583237145855193,2,0.0,0.0,0.967032967032967,0.03296703296703297,0.0891292080589547,0.453592013655808,56.00421656750392,15.36410354029304,0.48028537147500233,1.0,0.0,0.0,0.0,0.0,3822,42315,6.249999739583344,0.03733333308444445,1.0134004271599681,11.074326092645904,2026-03-09T00:00:00.000000,9019080
2025-08-25T00:00:00.000000,Passenger,38.0,7.0,1.8,1.8,0.0,7.813748932536294,10.1,4.299325695083294,0.0,0.0,9.6,0.5475495225317655,0.0018940888643358851,93.02495850915216,,,,3,0.0,0.0,0.6727172283166285,0.32720385131402413,0.32256986801929083,0.1111393234333554,54.84137534275116,9.716301639886355,356.9291595162,0.0,0.0,0.0,0.0,0.0,12671,604419,5.428570653061335,0.04736841980609422,2.232907773902958,47.70473559589582,2025-08-25T00:00:00.000000,7229186
2025-10-06T00:00:00.000000,Passenger,33.0,8.0,2.4,2.4,0.0,7.5809900990099015,11.3,4.292377561324038,0.0,7.5,10.6,0.23333333333333334,0.2396825396825397,112.62309106638658,0.0,0.0,35.482829888712246,3,0.0,0.0,0.9952380952380953,0.0031746031746031746,1.4610413764452046,0.5475889230454779,54.45108724603175,13.694524434920634,508.000301559589,0.0,0.0,0.0,0.0,0.0,630,497521,4.124999484375065,0.07272727052341604,2.469493277109812,790.9713831478538,2025-10-06T00:00:00.000000,8013144
2026-03-30T00:00:00.000000,Passenger,40.0,11.0,3.0,3.0,0.0,7.466567176553497,10.8,3.9759571946225583,0.0,0.0,8.8,0.5698308402069062,0.006453416793314784,98.75680376528123,0.0,0.0,25.00080101389597,3,0.0,0.0,0.9998872568694389,9.470422967128613e-05,0.15377114704491318,0.04947627329367631,55.07888513408766,10.231435109496129,368.643350299641,0.0,0.0,0.0,0.0,0.0,221743,604494,3.6363633057851543,0.07499999812500005,2.213302949689438,2.7261141326406366,2026-03-30T00:00:00.000000,9628647
2026-05-25T00:00:00.000000,Passenger,33.0,7.0,1.4,1.4,0.0,8.211160714285715,9.8,2.880177321335589,1.4,8.8,9.2,0.09949238578680203,0.0,97.01992806662221,,,,1,0.0,0.0,1.0,0.0,0.012113427674516845,0.09781031699084679,53.94769052994924,14.281469715736039,0.013588917929999292,0.0,0.0,0.0,0.0,0.0,985,359683,4.7142850408164225,0.04242424113865936,2.70816565148751,365.5315040650407,2026-05-25T00:00:00.000000,6720834
2025-10-20T00:00:00.000000,Passenger,96.0,15.0,3.4,3.4,0.0,7.664282854569112,11.3,3.1033132035956323,0.0,0.0,8.7,0.8345418589321029,0.019032165373628788,106.47664135472291,0.0,0.0,79.17336426482768,1,0.0,0.0,1.0,0.0,0.0031101856008097345,0.019035408022890016,56.042752474959016,12.683486944636005,0.0009274270449999672,0.0,0.0,0.0,0.0,0.0,118326,604543,6.399999573333362,0.03541666629774306,2.8034544455472177,5.109173885484894,2025-10-20T00:00:00.000000,8611685
2025-08-18T00:00:00.000000,Passenger,33.0,6.0,2.0,2.0,0.0,15.840981667652276,27.3,3.6695991922142643,0.0,0.0,0.0,0.9571292555518386,0.031728468130001804,60.3006389810777,0.0,0.0,33.722514860657206,1,0.0,0.0,0.0,0.0,0.002475559832321936,0.015388936526908738,55.47515047232444,8.421670096883764,0.006851200686000432,0.0,0.0,0.0,0.0,0.0,77722,604628,5.499999083333486,0.060606058769513374,0.0,7.779467582763989,2025-08-18T00:00:00.000000,9566148
2026-02-23T00:00:00.000000,Passenger,33.0,6.0,2.8,2.8,0.0,8.567288776796975,9.8,0.5118394821494584,7.8,8.6,9.1,0.0,0.0,19.874530082418275,0.0,0.0,2.3716015132408574,1,0.0,0.0,1.0,0.0,10.786136001091952,3.6234475320546538,87.23006162167806,1.2654158560109683,438.64215125985004,0.0,0.0,0.0,0.0,0.0,62727,604509,5.499999083333486,0.08484848227731873,2.539853812540754,9.637295539329784,2026-02-23T00:00:00.000000,5161158
2026-05-25T00:00:00.000000,Passenger,50.0,12.0,2.8,2.8,0.0,8.947819490371524,13.6,4.719468634272942,0.0,6.5,10.4,0.43518354318141517,0.16684030856534846,88.58857135865348,0.0,0.0,33.20244394444875,3,0.0,0.0,0.9822331087072176,0.017755807767334635,0.11777454851665939,0.05645602092518239,55.87726535569249,12.790104105371077,450.619933265201,0.0,0.0,0.0,0.0,0.0,90224,604522,4.166666319444474,0.05599999888000002,2.203637443596387,6.700309233787394,2026-05-25T00:00:00.000000,9616125
2025-06-09T00:00:00.000000,Passenger,80.0,13.0,4.7,4.7,0.0,10.327110331495668,63.1,3.325815019517626,7.2,10.9,12.3,0.06092875918312327,0.6041989620543237,59.00103146074204,0.0,0.0,6.283040561043864,3,0.0,0.010076160948978905,0.945305654781964,0.04461818426905709,1.1945072520704991,0.551558458039844,56.15229314382962,10.443403743344343,12.644839852319977,0.0,0.0,0.0,0.0,0.0,29674,228101,6.15384568047341,0.05874999926562501,1.53345824605767,7.687156674417821,2025-06-09T00:00:00.000000,5255777
2025-06-02T00:00:00.000000,Passenger,36.0,8.0,2.2,2.2,0.0,8.879342579112713,15.2,4.5765099443142345,0.0,0.1,10.3,0.6329927787158134,0.14898549065621156,101.7378295292735,0.0,0.0,60.12903013479095,1,0.0,0.0,1.0,0.0,0.004944835787237429,0.030636434680368,56.04069724243292,12.668134197550298,0.0011609708999999772,0.0,0.0,0.0,0.0,0.0,104829,604151,4.499999437500071,0.061111109413580306,2.250622827155371,5.763259816079674,2025-06-02T00:00:00.000000,8010532
2026-05-18T00:00:00.000000,Passenger,317.0,36.0,9.0,9.0,0.0,18.007220176932798,24.7,5.352229788020182,10.2,18.4,23.6,0.01495691757437815,0.9185317653859354,62.60814954357348,1.5685886667027944,2.911229315904717,3.5738145558987693,2,0.0,0.0,0.9879152441337452,0.01208475586625481,1.1078761269635167,1.188545763379326,56.95767023468632,10.605000515164653,28.485707949633,0.0,0.0,0.0,0.0,0.0,55359,227324,8.805555310956798,0.02839116710286698,2.5036289597214347,4.106434481014488,2026-05-18T00:00:00.000000,9404314
2026-06-08T00:00:00.000000,Passenger,337.0,58.0,8.6,8.6,0.0,15.137141126861655,19.8,5.636143631898074,1.3,14.9,18.9,0.09829748831361097,0.814751721270749,109.26981762973192,1.2955718472099698,2.616738452043626,9.156039632074801,2,0.0,0.0,0.9868990762429146,0.013100923757085348,0.9919550753216356,1.1144174401694442,56.17732186435676,11.109598217037284,30.481376735290002,0.0,0.0,0.0,0.0,0.0,98619,491667,5.81034472740785,0.025519287758103002,3.1227019797170956,4.985570585491493,2026-06-08T00:00:00.000000,9781865
2026-04-06T00:00:00.000000,Passenger,170.0,28.0,6.2,5.7,0.5,13.271364708804173,17.7,2.773284203096323,11.9,13.5,14.5,0.025429386417430356,0.9352228358722259,100.407030193498,0.0,0.0,4.433733891687402,3,0.0,0.0001618417592199227,0.949909975521434,0.04992818271934616,0.4066367771004501,0.13159326143443445,54.86003854854242,13.955125257510467,0.741791134984,0.0,0.0,0.0,0.0,0.0,49431,604643,6.071428354591844,0.036470588020761245,0.9375162702693348,12.23230831478859,2026-04-06T00:00:00.000000,9108350
2025-12-01T00:00:00.000000,Passenger,24.0,9.0,3.0,3.0,0.0,6.468237387215656,9.4,3.1081560641405854,0.0,0.0,7.5,0.7174893823386777,0.0,94.47356768144425,0.0,0.0,91.20846400282157,1,0.0,0.0,1.0,0.0,0.008529400037570738,0.02785502145214404,55.27510415953679,9.874623845452406,0.002300623999999958,0.0,0.0,0.0,0.0,0.0,136094,604663,2.6666663703704034,0.12499999479166687,2.4130054708396056,4.443013233597614,2025-12-01T00:00:00.000000,8934910
2025-09-22T00:00:00.000000,Passenger,32.0,7.0,1.6,1.6,0.0,7.615343739621388,9.4,3.3864074848950865,0.0,7.7,8.5,0.23559408465068843,0.0,98.76929632935345,,,,3,0.0,0.0,0.8811830698623151,0.11856195818459969,0.5881238884463978,0.22459718714073734,54.18400605150433,11.920772648138707,446.27901357250005,0.0,0.0,0.0,0.0,0.0,3922,586787,4.57142791836744,0.049999998437500054,2.5100338715526624,149.6523845957664,2025-09-22T00:00:00.000000,7636963
2025-08-11T00:00:00.000000,Passenger,176.0,26.0,5.8,5.3,0.5,14.829070689956566,18.4,5.120882382921469,3.5,14.8,17.6,0.0888798850786401,0.8464154603607253,121.62858607504174,0.0,0.0,3.5179642703665053,3,0.0,0.0,0.7841663904133976,0.21580905374046927,0.4494830580234746,0.6770705160193179,54.81186593717387,13.118439796382923,529.941133614034,0.6416810932262699,0.0,0.0,0.0,0.0,81447,604454,6.769230508875749,0.03295454526730372,2.7534311847492097,7.421530830243351,2025-08-11T00:00:00.000000,8703232
2026-02-02T00:00:00.000000,Passenger,142.0,26.0,5.4,5.4,0.0,13.214357634016277,18.3,6.0795019804642765,0.0,14.1,15.7,0.1941342110770753,0.6955754485435416,94.80813268636713,3.2355020072680225,4.77565981098799,17.459020339047548,1,0.0,0.0,1.0,0.0,0.05350179830892771,0.04230317878689783,54.582084455735455,11.286726925360073,0.019251041000000385,0.0,0.0,0.0,0.0,0.0,210236,604545,5.461538251479298,0.038028168746280504,2.582447948532962,2.875567816966728,2026-02-02T00:00:00.000000,9144419
2026-05-25T00:00:00.000000,Passenger,33.0,6.0,2.0,2.0,0.0,19.056761809045227,28.3,11.441185534639033,0.0,0.3,26.1,0.5874038735403019,0.333363001993734,104.45277779229501,0.0,0.0,19.007530796069492,1,0.0,0.0,1.0,0.0,0.06747360115053032,0.3709921012549075,55.52979315244055,8.05916302945208,0.18570261006000305,0.0,0.0,0.0,0.0,0.0,112352,604697,5.499999083333486,0.060606058769513374,2.2812319265121968,5.382212886400655,2026-05-25T00:00:00.000000,9566148
2026-01-05T00:00:00.000000,Passenger,30.0,8.0,2.5,2.5,0.0,7.6568136643091576,11.3,3.9373238349705257,0.0,0.0,9.0,0.6447299094261987,0.007551998394259477,101.079099256501,0.0,0.0,48.672648886435674,1,0.0,0.0,1.0,0.0,0.00421084470801705,0.025341494282733718,56.04234482163735,12.677246358180497,0.001032523130000276,0.0,0.0,0.0,0.0,0.0,119571,604495,3.749999531250059,0.08333333055555564,2.2858159733390075,5.055574140670736,2026-01-05T00:00:00.000000,7369132
2025-09-15T00:00:00.000000,Passenger,48.0,12.0,2.5,2.5,0.0,8.860865433350227,11.0,3.9728297668127097,0.0,0.0,9.4,0.745658835546476,0.040841804886748705,52.0846378992081,0.0,0.0,14.789532564813461,1,0.0,0.0,0.0,0.0,0.021544035354564044,0.07279056468483111,55.775556692559626,10.234233919483763,0.013431560639998825,0.0,0.0,0.0,0.0,0.0,61677,604628,3.9999996666666946,0.05208333224826391,2.3660710842564674,9.80329463648745,2025-09-15T00:00:00.000000,9157105
2025-06-09T00:00:00.000000,Passenger,36.0,7.0,1.6,1.6,0.0,5.277247017976144,13.0,3.1543193972799015,0.0,4.0,7.6,0.32592940807772164,0.022250949974536766,86.48047064153438,0.0,0.0,27.852947892032944,2,0.0,0.0,0.9602381791828261,0.03976182081717397,0.012140468496252414,0.037049866039677255,54.75632451588513,8.31744572303835,0.016107355113999144,0.0,0.0,0.0,0.0,0.0,25527,549679,5.14285640816337,0.04444444320987658,2.40939379733073,21.534082895870878,2025-06-09T00:00:00.000000,7904906
2026-05-25T00:00:00.000000,Passenger,238.0,32.0,8.4,8.4,0.0,15.716116844072479,17.3,0.4820112038449336,15.3,15.6,16.5,0.0,1.0,54.275509368238424,0.0,0.0,0.6702770780856413,1,0.0,0.0,1.0,0.0,0.9687495980555895,0.2389833400908778,55.53044769590477,3.3576941290728852,5.283042151700004,0.0,0.0,0.0,0.0,0.0,24614,63995,7.4374997675781325,0.03529411749876422,2.4895635223087567,2.600048754723114,2026-05-25T00:00:00.000000,9122552
2026-02-23T00:00:00.000000,Passenger,200.0,26.0,6.2,6.2,0.0,,0.0,0.0,0.0,0.0,0.0,0.999383096853794,0.0,,,,,2,0.0,0.0,0.0,0.999383096853794,0.8726744962790756,0.31859517595960696,55.87733482150936,12.822549217561177,450.9207117581249,0.0,0.0,0.0,0.0,0.0,9726,604501,7.692307396449715,0.030999999845,0.0,62.15948586118252,2026-02-23T00:00:00.000000,9763655
2025-09-01T00:00:00.000000,Passenger,70.0,12.0,2.7,2.7,0.0,9.67752102811044,12.5,5.051333726084316,0.0,10.2,11.7,0.29571497351949927,0.515951261064405,97.34545371088255,0.0,0.0,38.17025547580424,3,0.0,0.0,0.9735861634754268,0.026399022258434872,0.14546725846687267,0.052787925659692043,55.04861243802822,10.026519464249471,363.01288634744,0.0,0.0,0.0,0.0,0.0,135005,604758,5.833332847222263,0.03857142802040817,2.3162195012702282,4.479556161298924,2025-09-01T00:00:00.000000,8222824
2026-06-01T00:00:00.000000,Passenger,316.0,42.0,8.2,8.2,0.0,9.493525243893755,17.9,2.470642907902199,7.7,9.5,12.6,0.01761365627957517,0.21882996249430403,100.14485471114708,0.8180518069332959,1.7596494147944972,5.035321342168928,2,0.0,0.0,0.9891338637877247,0.010866136212275229,1.1774671127046141,1.221093446398115,56.118075151573834,11.407794649742366,48.97971170400004,0.0,0.0,0.0,0.0,0.0,114116,585976,7.523809344671206,0.02594936700648934,1.9832886416078244,5.1349603470183585,2026-06-01T00:00:00.000000,9851189
2025-06-02T00:00:00.000000,Passenger,295.0,32.0,8.6,8.6,0.0,18.70792473429021,21.4,4.329613741069555,16.9,19.2,20.6,0.03566776254574778,0.9432107189380311,99.00021311586532,0.980559518640283,2.200706318477228,3.5780596737175117,2,0.0,0.0,0.9703802493641833,0.029619750635816636,0.721283715648813,0.9964081043216464,56.84757454487936,11.619654644966195,9.57600150807999,0.0,0.0,0.0,0.0,0.0,32242,114358,9.218749711914072,0.029152542274059178,0.8545794998577594,3.5469743494308488,2025-06-02T00:00:00.000000,9195157
2025-06-16T00:00:00.000000,Passenger,24.0,9.0,3.0,3.0,0.0,6.160149679808657,56.8,3.006383514437804,0.0,0.1,7.3,0.7260503333923408,0.0006269546232371511,89.89229978585358,0.0,0.0,87.98348601522393,1,0.0,0.0,1.0,0.0,0.008493009525474927,0.02770701255636531,55.27504550480173,9.874791736553666,0.003215694220000218,0.0,0.0,0.0,0.0,0.0,135576,604306,2.6666663703704034,0.12499999479166687,2.4281657801730345,4.457355707173152,2025-06-16T00:00:00.000000,8934910
2026-06-08T00:00:00.000000,Passenger,92.0,15.0,,,,7.10079275198188,12.6,3.5299910998674298,0.0,0.0,8.5,0.712731895658725,0.028863358131650814,79.0788095877823,0.0,0.0,39.850790280726585,1,0.0,0.0,1.0,0.0,0.0033287017857913975,0.013144806028338181,57.70117167972502,11.675638261794898,0.00035033111300016565,0.0,0.0,0.0,0.0,0.0,21238,604135,6.133332924444472,,2.4079374002902783,28.447285398125914,2026-06-08T00:00:00.000000,831148100
2025-08-25T00:00:00.000000,Passenger,241.0,30.0,6.0,5.6,0.40000000000000036,16.848388399890478,20.0,2.032914208664623,15.5,17.0,18.3,0.006334902188217974,0.9843590372733153,111.479187093958,0.0,0.0,2.154630055095804,2,0.0,0.0,0.9986839463763914,0.0013160536236086636,0.8567867225101383,0.41132681587462366,55.787780527112936,11.116588063643459,6.048981621756006,0.0,0.0,0.0,0.0,0.0,224155,604685,8.033333065555563,0.02489626545686197,1.3773324081919083,2.6976319851530643,2025-08-25T00:00:00.000000,9145176
2025-11-24T00:00:00.000000,Passenger,30.0,8.0,2.6,2.6,0.0,8.195215395480226,14.4,4.557346097207997,0.0,5.8,11.3,0.3066539292241236,0.2994268150855624,106.97427239294781,23.459092041867414,37.97917112915191,40.46175444425984,1,0.0,0.0,1.0,0.0,0.02002889194301175,0.024452007606452948,57.64665042868417,11.814482764911114,0.00853387844400043,0.0,0.0,0.0,0.0,0.0,24076,471267,3.749999531250059,0.08666666377777787,2.4795126987195704,19.574953271028036,2025-11-24T00:00:00.000000,8612562
2025-12-01T00:00:00.000000,Passenger,183.0,30.0,7.0,6.3,0.7000000000000002,14.983633014647838,20.8,5.085118482645756,3.7,15.1,18.3,0.06990943736425849,0.8787717357155541,111.43626409082327,2.149675568608702,4.0480447923776115,4.218266511850283,2,0.0,0.0,0.9707549618216339,0.02924503817836605,0.3741262761913372,0.3985628505177621,55.223644204797225,12.85498891069404,5.889842135451995,0.0,0.0,0.0,0.0,0.0,73209,604536,6.0999997966666735,0.03825136591119472,2.871122310857426,8.25778603431319,2025-12-01T00:00:00.000000,9017769
2026-06-29T00:00:00.000000,Passenger,50.0,12.0,2.8,2.8,0.0,8.891203800740586,12.2,4.658114573903486,0.0,7.3,10.5,0.414954502408696,0.1849137398608309,88.21314196246962,0.0,0.0,29.473224358710418,2,0.0,0.0,0.9827479721661795,0.01725202783382056,0.014064179568554682,0.03687250444802414,55.87727871083295,12.789321089965824,0.003950622585000547,0.0,0.0,0.0,0.0,0.0,24287,172085,4.166666319444474,0.05599999888000002,2.254130416777322,7.085769579181421,2026-06-29T00:00:00.000000,9616125
2026-01-05T00:00:00.000000,Passenger,54.0,15.0,2.9,2.9,0.0,,0.1,0.0010951385118703953,0.0,0.0,0.0,1.0,0.0,113.61863565642494,0.0,0.0,101.48983779594397,1,0.0,0.0,1.0,0.0,1.3730779206317282e-05,2.424637526284023e-05,57.29679453742319,10.922252078278682,4.983000000072661e-08,0.0,0.0,0.0,0.0,0.0,108382,604645,3.599999760000016,0.05370370270919069,0.0,5.578883752687279,2026-01-05T00:00:00.000000,9107370
2025-06-02T00:00:00.000000,Passenger,76.0,12.0,3.6,3.6,0.0,8.050639257959388,9.6,4.054168534888999,0.0,7.9,9.0,0.36370209689081706,0.0,107.54656026878986,0.0,0.0,54.120669046235584,1,0.0,0.0,1.0,0.0,0.012717581174880435,0.013659895357302757,56.151330132321036,15.591066516429663,0.0021150329200000273,0.0,0.0,0.0,0.0,0.0,12447,534605,6.3333328055555995,0.047368420429362894,2.219936764496065,42.95396111200386,2025-06-02T00:00:00.000000,8804440
2026-06-22T00:00:00.000000,Passenger,252.0,38.0,7.3,7.3,0.0,11.615191732675864,95.6,4.148655310322739,7.6,14.0,14.7,0.034869916217224656,0.5603609104168786,81.79418774228584,1.1724771886978052,3.1909423675708264,4.172955366685327,3,0.0,0.0012889657745666701,0.9835996065262372,0.015111427699196092,0.563165121984907,1.4081791212713273,55.06180102510091,13.29257242171229,24.372452428899994,0.0,0.0,0.0,0.0,0.0,58962,398243,6.6315787728531905,0.02896825385330058,1.7113974908776344,6.754346093180238,2026-06-22T00:00:00.000000,9334856
2026-03-23T00:00:00.000000,Passenger,170.0,27.0,6.5,6.5,0.0,17.960962337104398,22.8,7.400133125551843,0.1,19.2,21.1,0.13778804695397437,0.7942565964557589,97.39128469213057,5.385094795040539,9.6027562226207,17.445033836758274,1,0.0,0.0,1.0,0.0,0.09097022589198263,0.46312249198561856,57.68537542303963,9.519372365275514,1.2458167334060157,0.0,0.0,0.0,0.0,0.0,48473,577637,6.2962960631001454,0.038235293892733564,2.8377864027476645,11.91692110909391,2026-03-23T00:00:00.000000,9586617
2025-09-08T00:00:00.000000,Passenger,228.0,34.0,6.8,6.8,0.0,13.215076813147553,17.0,1.2926586240217264,12.2,12.9,15.9,0.0,1.0,11.027936225110858,0.5566630939621293,0.7006157899274339,2.432261521972133,1,0.0,0.0,1.0,0.0,0.4831677730281137,0.06583364724620631,56.02113400500178,4.483495716327259,0.593797728455998,0.0,0.0,0.0,0.0,0.0,2799,28913,6.705882155709348,0.029824561272699293,2.8623157490512083,10.333452466047177,2025-09-08T00:00:00.000000,9650420
2026-02-16T00:00:00.000000,Passenger,154.0,24.0,5.5,5.2,0.2999999999999998,14.814620689655174,17.4,2.493412597659688,10.7,15.4,17.2,0.0,1.0,72.93854482040476,0.0,0.0,1.6995862068965524,1,0.0,0.0,1.0,0.0,0.03192508802811293,0.03988356787901446,55.94917704689656,15.669789062068965,0.04758769052099982,0.40551724137931033,0.0,0.0,0.0,0.0,725,421710,6.416666399305567,0.03571428548237477,2.6068679524732215,582.4723756906077,2026-02-16T00:00:00.000000,8917390
2025-06-23T00:00:00.000000,Passenger,38.0,7.0,,,,10.390044428086965,14.8,3.3350084009898984,4.7,10.6,12.2,0.08200256863837933,0.5410618654130419,95.3516960614963,0.0,0.0,11.970205496050017,1,0.0,0.0,1.0,0.0,0.03459231388850011,0.06957845319772502,55.27716489308648,15.082345077737658,0.023950458434000413,0.0,0.0,0.0,0.0,0.0,41267,574455,5.428570653061335,,2.248869222909491,13.92078224203945,2025-06-23T00:00:00.000000,6720860
2025-07-21T00:00:00.000000,Passenger,43.0,11.0,3.2,3.2,0.0,6.8396139705882355,10.8,3.8451902114541445,0.1,4.6,9.0,0.38331388564760793,0.0338389731621937,96.86989581587171,0.0,0.0,36.24515752625438,1,0.0,0.0,1.0,0.0,0.005025982910429132,0.012657739616455613,59.04566938506419,9.72180373337223,0.0010502272619997083,0.0,0.0,0.0,0.0,0.0,1714,69168,3.909090553719041,0.07441860292049761,2.314579304531976,40.37828371278459,2025-07-21T00:00:00.000000,9894923
2026-04-20T00:00:00.000000,Passenger,33.0,8.0,2.4,2.4,0.0,6.900317796610169,11.1,4.219282186532847,0.0,4.2,10.2,0.3203592814371258,0.15494011976047903,86.5723636774798,0.0,0.0,20.930389221556887,1,0.0,0.0,1.0,0.0,0.016592117785842853,0.04211572744461392,53.950580113772446,14.200513315119757,0.009580521377999909,0.0,0.0,0.0,0.0,0.0,1336,196520,4.124999484375065,0.07272727052341604,2.4174722456545386,147.20599250936328,2026-04-20T00:00:00.000000,8308733
2025-12-22T00:00:00.000000,Passenger,47.0,9.0,1.2,1.2,0.0,,0.0,0.0,0.0,0.0,0.0,1.0,0.0,0.0,0.0,0.0,57.17792607802873,1,0.0,0.0,1.0,0.0,1.216037313427492e-05,1.700125434959837e-05,53.70182500205339,7.706192193531828,1.2165999999938959e-08,0.0,0.0,0.0,0.0,0.0,1948,94457,5.2222216419753735,0.0255319143503848,0.0,48.51412429378531,2025-12-22T00:00:00.000000,8016897
2026-04-13T00:00:00.000000,Passenger,35.0,6.0,2.8,2.8,0.0,9.199518900343643,11.9,2.4291830086242157,0.0,0.0,0.0,0.9269849246231155,0.016683417085427137,33.670842823015555,,,71.89999999999998,1,0.0,0.0,0.0,0.0,0.014959920833464858,0.03169761348960838,57.708545899799,11.957366152311558,0.022054579347999634,0.0,0.0,0.0,0.0,0.0,19900,604753,5.833332361111273,0.07999999771428579,0.0,30.391125182169958,2026-04-13T00:00:00.000000,5422540
2025-06-16T00:00:00.000000,Passenger,45.0,12.0,2.0,2.0,0.0,,0.0,0.0,0.0,0.0,0.0,1.0,0.0,1.205275305530164e-14,0.0,0.0,179.3324678158411,1,0.0,0.0,0.0,1.0,1.782536686635566e-05,2.3778114401815788e-05,54.52140656622299,8.687229913811912,3.1658999999663145e-08,0.0,0.0,0.0,0.0,0.0,4583,604455,3.749999687500026,0.04444444345679015,0.0,131.91946748144915,2025-06-16T00:00:00.000000,9002465
2026-05-11T00:00:00.000000,Passenger,44.0,13.0,2.4,2.4,0.0,4.396305179601393,10.2,2.420074979732289,0.0,1.4,5.4,0.48903120213820234,0.0003378479834229256,113.5200482048812,0.0,0.0,98.89064986936545,1,0.0,0.0,1.0,0.0,0.0032285856597543024,0.007340398563422539,56.70632908177423,9.181904599154631,0.00015158900000009507,0.0,0.0,0.0,0.0,0.0,133196,604682,3.384615124260375,0.054545453305785155,2.2313349023849045,4.539825068508578,2026-05-11T00:00:00.000000,9363352
2025-06-09T00:00:00.000000,Passenger,178.0,30.0,6.4,6.4,0.0,15.905110090313388,18.8,2.154761056218663,15.1,16.1,16.7,0.010797946186562065,0.9785583640009696,94.6735142078159,1.2638929901496287,2.7931408416416628,3.6670677332393105,2,0.0,0.0,0.9931392641236402,0.006860735876359844,0.7280572030296767,0.561494528468661,56.93042625566892,11.901116669509392,8.431991530899994,0.0,0.0,0.0,0.0,0.0,136137,604784,5.933333135555562,0.035955055977780585,0.742541384271356,4.442498677792796,2025-06-09T00:00:00.000000,8701674
2025-08-04T00:00:00.000000,Passenger,92.0,14.0,,,,7.00036076275554,11.8,3.719062571921634,0.0,0.0,8.6,0.6029111779552605,0.014521315216263873,82.57788682286714,0.0,0.0,14.293852643225113,1,0.0,0.0,0.0,0.0,0.003128798118986331,0.012395744730228716,57.70120288002628,11.675997623967085,0.00035133931800017507,0.0,0.0,0.0,0.0,0.0,28923,603045,6.5714281020408505,,2.312410055296902,20.85073646359173,2025-08-04T00:00:00.000000,8302363
2026-04-27T00:00:00.000000,Passenger,224.0,36.0,6.9,6.9,0.0,18.992348288098967,21.6,1.9422315095994083,17.5,19.2,20.6,0.0015640219517410138,0.9911385287898825,107.49289478592475,0.0,0.0,1.294299436952097,2,0.0,0.0,0.9992595642912011,0.0007404357087989103,1.1838496396644922,0.39571347925248695,56.23574651885934,11.124795084445307,9.542349043230008,0.6694013953451539,0.0,0.0,0.0,0.0,252554,604489,6.222222049382721,0.030803571291055487,1.5961013857395407,2.3935134407431313,2026-04-27T00:00:00.000000,9349863
2025-07-28T00:00:00.000000,Passenger,24.0,9.0,3.0,3.0,0.0,6.347943743328938,80.1,3.3984598947463485,0.0,0.1,7.4,0.6611876323341719,0.0013795952695375036,92.69318738048817,0.0,0.0,85.55898765741773,1,0.0,0.0,1.0,0.0,0.00912634705474071,0.02989423257293711,55.27619986417258,9.871401505330253,0.004928358869999978,0.0,0.0,0.0,0.0,0.0,135547,604664,2.6666663703704034,0.12499999479166687,2.177456274821228,4.460950526020687,2025-07-28T00:00:00.000000,8934910
2025-09-08T00:00:00.000000,Passenger,33.0,7.0,1.6,1.6,0.0,7.968743914313534,9.7,2.952027893965463,0.1,8.2,9.2,0.12494651262302096,0.0,96.55394444988251,,,,1,0.0,0.0,1.0,0.0,0.017270350756244855,0.09235374441794829,53.94766418442448,14.258436878904579,0.027554750496001652,0.0,0.0,0.0,0.0,0.0,2337,97911,4.7142850408164225,0.048484847015610705,3.0826256540382166,41.913955479452056,2025-09-08T00:00:00.000000,6720834
2026-01-05T00:00:00.000000,Passenger,39.0,9.0,3.6,3.6,0.0,,0.1,0.004489478224103982,0.0,0.0,0.0,0.9997116493656286,0.0,103.10144445903144,0.0,0.0,70.18211710412461,2,0.0,0.0,0.0,0.9997116493656286,0.5653274379967733,0.2029771884156881,57.717621028258364,11.949824511245673,397.95163256097504,0.0,0.0,0.0,0.0,0.0,3468,604409,4.333332851851906,0.09230768994082847,0.0,174.3319873089126,2026-01-05T00:00:00.000000,5180295
2025-11-24T00:00:00.000000,Passenger,69.0,16.0,3.2,3.2,0.0,9.728174096890607,13.1,5.212754561810141,0.0,2.2,11.4,0.4910241003139469,0.34466150564079634,126.85616837799012,0.0,0.0,84.29642361402234,1,0.0,0.0,1.0,0.0,0.05292146950305292,0.14525961535581206,57.34070983393421,10.804704663760097,0.05381465564900071,0.0,0.0,0.0,0.0,0.0,107343,604500,4.312499730468766,0.046376810922075205,2.1869431368543446,5.631532857595349,2025-11-24T00:00:00.000000,9139438
2025-06-23T00:00:00.000000,Passenger,344.0,54.0,8.8,8.8,0.0,18.000354039266174,20.6,1.8949580312754093,16.4,16.5,20.4,0.0,1.0,88.18708722704929,0.5757322175732218,0.6433998478395393,1.4540070807853234,1,0.0,0.0,1.0,0.0,0.26755220524426415,0.12050707009476798,56.25348019761828,4.089132787898294,0.9952135160639989,0.0,0.0,0.0,0.0,0.0,3107,244309,6.370370252400551,0.02558139527447269,2.11086357751375,78.65711526078557,2025-06-23T00:00:00.000000,9826548
2026-01-12T00:00:00.000000,Passenger,195.0,32.0,5.9,5.3,0.6000000000000005,10.829850862202889,16.8,6.8067205281409775,0.0,4.3,14.9,0.3968861792714264,0.44903511865773166,100.0099217862224,3.2079860936161637,7.323124124419772,44.01700005038544,2,0.0,0.0,0.9434675265783242,0.05653247342167582,0.23843731543127783,0.38566801543324214,55.27641425787273,13.640085810500326,2.1884361423450054,0.0,0.0,0.0,0.0,0.0,19847,296102,6.093749809570319,0.03025641010124918,2.1890127190306,14.919983875843998,2026-01-12T00:00:00.000000,9989895
2026-01-26T00:00:00.000000,Passenger,186.0,26.0,6.6,6.1,0.5,18.234878653542715,20.4,0.9190254207399515,17.2,18.2,19.3,0.0,0.9987727602875247,91.67913508669393,4.130570791694843,3.8425264344804217,1.7211736418964607,1,0.0,0.0,1.0,0.0,0.44199147519742693,1.3921157323452544,54.81882586740802,13.274527702907807,9.659532248058,0.0,0.0,0.0,0.0,0.0,39927,478278,7.1538458786982355,0.035483870776968435,2.285026798586696,11.979111356008616,2026-01-26T00:00:00.000000,9417919
2025-11-03T00:00:00.000000,Passenger,171.0,28.0,6.3,6.3,0.0,15.627674364910487,17.7,2.861603565844643,14.1,15.9,16.9,0.023415104236554154,0.9626785561803921,92.46012435329521,1.7971809165985582,3.018921073614188,4.295826878270733,2,0.0,0.0,0.9907840003903534,0.009215999609646608,0.8520367747283263,0.6333794050696486,56.98903542491798,11.741566656031571,9.238336099510008,0.0,0.0,0.0,0.0,0.0,163954,604097,6.10714263903062,0.036842105047706984,0.9784720200058596,3.684574237738864,2025-11-03T00:00:00.000000,8917613
2025-10-06T00:00:00.000000,Passenger,238.0,32.0,8.4,8.4,0.0,14.726141078838173,16.9,0.9110706720901937,14.1,14.4,16.7,0.0,1.0,1.0504237784293888,0.0,0.0,2.529875518672199,1,0.0,0.0,1.0,0.0,0.4160801291627515,0.06876686849957613,55.98268481742739,3.2499276929460588,0.4505780218799994,0.0,0.0,0.0,0.0,0.0,723,24489,7.4374997675781325,0.03529411749876422,2.8537820674799845,33.918282548476455,2025-10-06T00:00:00.000000,9122552
2025-10-13T00:00:00.000000,Passenger,50.0,11.0,3.0,3.0,0.0,7.830388692579505,9.5,4.279768691091298,0.0,0.7,9.1,0.5097864768683275,0.0,100.76788830305192,,,,1,0.0,0.0,1.0,0.0,0.011673557934796004,0.01158536231944272,56.155196564056936,15.593453755338079,0.0021174983399996302,0.0,0.0,0.0,0.0,0.0,1124,209623,4.545454132231443,0.05999999880000003,2.1262826406155497,186.66340160284952,2025-10-13T00:00:00.000000,8317887
2025-12-15T00:00:00.000000,Passenger,50.0,13.0,1.9,1.9,0.0,9.496813706488876,11.9,4.332024753943791,0.0,10.1,11.0,0.20076658366673195,0.5244313571888202,92.27193325860637,0.0,0.0,26.33614794919143,3,0.0,0.0,0.9647273592032006,0.03524466329071427,0.1932683821164609,0.0891304991277726,54.89518980656352,10.611011017688778,386.862066108909,0.0,0.0,0.0,0.0,1.0,142972,604453,3.846153550295881,0.03799999924000001,2.5392277481235697,4.227801442250526,2025-12-15T00:00:00.000000,9861500
2025-07-14T00:00:00.000000,Passenger,165.0,34.0,6.3,6.3,0.0,17.97078973721468,20.4,4.190045867274911,15.5,18.6,19.6,0.026906131234655097,0.9273870783304745,88.44585343668936,0.0,0.0,3.0718830928597853,2,0.0,0.0,0.9872195876635388,0.012780412336461171,0.10351944163315871,0.88323225131381,57.73123357357146,8.835235117848853,2.718350731599991,0.0,0.0,0.0,0.0,0.0,29733,408324,4.852941033737029,0.03818181795041323,0.9785093412729596,13.73348580653841,2025-07-14T00:00:00.000000,9227390
2026-05-11T00:00:00.000000,Passenger,188.0,30.0,6.3,5.4,0.8999999999999995,15.482881589765745,20.3,3.5503994804723327,12.8,15.1,17.8,0.02289284837239761,0.9495484187835957,94.27065100450605,0.0,0.0,3.577296478709905,3,0.0,0.0,0.9901907282599798,0.009795628802968703,0.5189583865367529,0.8920151516069781,54.87263793383175,12.602204238874185,631.40370351696,0.0,0.0,0.0,0.0,0.0,73298,444429,6.266666457777784,0.033510638119624264,1.4082918328511542,6.063399593434929,2026-05-11T00:00:00.000000,9145164
2025-10-06T00:00:00.000000,Passenger,153.0,23.0,5.2,5.2,0.0,8.720167191078177,16.5,4.966318409336675,0.0,8.2,11.5,0.3066936325678497,0.33691283924843424,100.60556869546608,8.723556431302443,12.612790834674126,45.05076664100323,3,0.0,0.0,0.921633611691023,0.0782750521920668,0.3533851468845943,0.11813336989892707,54.58597605638048,11.28889972913622,414.272659090969,0.0,0.0,0.0,0.0,0.0,76640,604626,6.652173623818538,0.03398692788243838,2.3155981426365795,7.889273085504769,2025-10-06T00:00:00.000000,7803205
2026-05-18T00:00:00.000000,Passenger,50.0,12.0,2.2,2.2,0.0,8.04447749418123,12.3,4.334373352802112,0.0,1.5,9.7,0.49405687669731574,0.05475731910744361,91.44743219726169,0.0,0.0,83.97499133714231,1,0.0,0.0,1.0,0.0,0.00928108852790092,0.028134666678813893,55.95806105728366,11.822471792719977,0.0018475743320001718,0.0,0.0,0.0,0.0,0.0,248186,604710,4.166666319444474,0.04399999912000002,2.2379239102245716,2.4365292020065676,2026-05-18T00:00:00.000000,9615781
2025-05-26T00:00:00.000000,Passenger,70.0,12.0,2.7,2.7,0.0,9.45192255618738,11.9,4.564143086316645,0.0,10.3,11.3,0.21197236316528123,0.56704091547015,98.97808589616122,0.0,0.0,28.66605484776506,3,0.0,0.0,0.9837525639641584,0.01613947965022131,0.3759951904354659,0.10977355857077911,55.05632540062615,10.029443969772212,363.01309516905997,0.0,0.0,0.0,0.0,0.0,18526,71270,5.833332847222263,0.03857142802040817,2.4758201726973357,3.8472334682861,2025-05-26T00:00:00.000000,8222824
2025-11-17T00:00:00.000000,Passenger,40.0,12.0,,,,5.402514536562825,8.4,2.9568105907092708,0.0,0.0,6.7,0.5465398213176628,0.0,135.80166492475462,0.0,0.0,102.61757721984662,1,0.0,0.0,1.0,0.0,0.00251875624306344,0.0021909755976012423,56.9771410051598,8.921401804243706,4.8065120000003066e-05,0.0,0.0,0.0,0.0,0.0,167448,604522,3.333333055555579,,2.265954320881441,3.610228908251566,2025-11-17T00:00:00.000000,9640918
2025-06-02T00:00:00.000000,Passenger,252.0,32.0,7.3,7.3,0.0,13.867823642507574,16.6,2.2651737475804854,12.8,14.2,15.2,0.011866997346868151,0.9471248125504672,101.51128425141977,1.1834236936209481,2.464415737000692,3.4996668685645065,2,0.0,0.0,0.9914638366593609,0.008536163340639058,1.1674291212810881,1.034879301317378,56.24546219781694,11.218986317683699,28.62855546899997,0.0,0.0,0.0,0.0,0.0,69352,266712,7.874999753906258,0.02896825385330058,1.059520905644708,3.8458277458147685,2025-06-02T00:00:00.000000,9362542
2025-09-08T00:00:00.000000,Passenger,200.0,29.0,6.3,5.8,0.5,13.950867984189724,19.3,4.104833457516743,7.3,14.7,16.4,0.04405120481927711,0.8836414205207929,98.17901357562664,0.0,0.0,10.362060023805473,3,0.0,0.0,0.9858628060629615,0.01413112125923047,0.3739066415997106,0.3499799740194112,54.77848839856198,12.522119546389186,1.3363292484810012,0.0,0.0,0.0,0.0,0.0,164672,604519,6.89655148632581,0.0314999998425,2.2168981707255315,3.6710714090519887,2025-09-08T00:00:00.000000,9131797
2026-06-15T00:00:00.000000,Passenger,25.0,8.0,1.6,1.6,0.0,5.433821752265861,8.6,3.1845712217396063,0.0,4.3,8.0,0.3409403063919704,0.0,122.31154250793492,0.0,0.0,13.248315349042059,3,0.0,0.0,0.9596407818277866,0.040253565768621234,0.3785865643702539,0.1250007629253631,54.2004749691495,12.089966326571579,445.976051406984,0.0,0.0,0.0,0.0,1.0,9465,576025,3.124999609375049,0.06399999744000011,2.5121113427378687,60.864856297548606,2026-06-15T00:00:00.000000,9659804
2025-11-03T00:00:00.000000,Passenger,219.0,34.0,7.8,7.8,0.0,16.978498009625095,18.7,1.8820120477386515,14.7,17.6,18.1,0.0003266906239790918,0.989931988951917,57.2639702842465,0.0,0.0,1.2152772415431676,2,0.0,0.0,0.9997327076712899,0.000267292328710166,0.8322844319343463,1.4048467557649853,55.12091262320691,6.51258809337412,19.206967316922007,0.0,0.0,0.0,0.0,0.0,33671,158758,6.441176281141875,0.035616438193532246,1.8065762105556604,4.715117315117315,2025-11-03T00:00:00.000000,8919245
2025-08-04T00:00:00.000000,Passenger,136.0,24.0,5.3,5.2,0.09999999999999964,13.806451363880237,17.0,4.1772515093005,6.9,14.6,15.8,0.05654759724897642,0.8810380060206107,92.06005154666754,0.0,0.0,9.686691154658883,3,0.0,0.0,0.9888633350667614,0.011125678417355766,0.1316251143745491,0.6070823650054608,56.499442508302145,11.811620003035939,444.5577210023,0.0,0.0,0.0,0.0,0.0,273062,604773,5.666666430555565,0.03897058794874567,2.130587025846409,2.2147908342824496,2025-08-04T00:00:00.000000,8317954
2026-03-09T00:00:00.000000,Passenger,142.0,24.0,5.5,5.5,0.0,5.694066496163683,14.4,0.8419858931540544,0.0,0.0,0.1,0.9209643928888498,0.002061734645212887,105.43337327829873,0.12682003768844222,1.1876184103644396,89.84575477994582,2,0.0,0.0,0.9999853257320626,0.0,0.1392424089058971,0.04370453457054782,54.65343470583228,11.351139519160926,412.82052353685,0.0,0.0,0.0,0.0,0.0,136293,604554,5.916666420138899,0.03873239409343385,0.1187666943667061,4.435726234848707,2026-03-09T00:00:00.000000,9151541
2026-02-23T00:00:00.000000,Passenger,177.0,26.0,5.7,5.2,0.5,12.787220702234382,17.8,6.13975024025313,0.0,12.3,17.3,0.1963032216534347,0.7000888943383502,108.89695394704442,2.0872850442939033,5.819859613411664,21.233390552677562,2,0.0,0.0,0.8468871654967355,0.15311283450326457,0.389859678401662,0.4459671950312317,54.96311450688165,12.79022105103761,2.4546025976199957,0.0,0.9877387119516905,0.012261288048309475,0.0,0.0,32623,604238,6.807692045857998,0.03220338964856842,2.8177037347341707,18.52240819079149,2026-02-23T00:00:00.000000,8618358
2025-12-08T00:00:00.000000,Passenger,48.0,12.0,2.5,2.5,0.0,9.300301078676613,11.2,4.901108377878184,0.0,8.6,10.6,0.39847088698189426,0.3968743333356272,100.1961982612416,0.0,0.0,39.64025723782456,2,0.0,0.0,0.9761067488800038,0.023893251119996146,0.0450392656286378,0.07655661218186549,55.83740187833849,11.206054105214262,0.024941249688000423,0.0,0.0,0.0,0.0,0.0,145313,604466,3.9999996666666946,0.05208333224826391,2.1627756458251115,4.159780334728033,2025-12-08T00:00:00.000000,9178185
2025-11-03T00:00:00.000000,Passenger,139.0,22.0,5.7,5.7,0.0,13.875,16.0,0.602504570125036,13.4,13.8,14.6,0.0,0.9971264367816092,45.488782909304945,1.7278082549634273,1.5209956527351511,2.2477403343782654,1,0.0,0.0,1.0,0.0,0.7407243908151668,0.568283001421533,55.922182968521426,6.189012334247649,12.576703544074018,0.0,0.0,0.0,0.0,0.0,7656,147850,6.318181530991748,0.04100719394958854,1.9916828316640578,19.31417374265186,2025-11-03T00:00:00.000000,9817133
2025-06-09T00:00:00.000000,Passenger,43.0,8.0,1.1,1.1,0.0,7.1029585798816575,9.1,0.9948499476694976,6.6,7.3,7.6,0.0058823529411764705,0.0,16.38657419302465,0.0,0.0,2.975882352941176,2,0.0,0.0,0.9941176470588236,0.0058823529411764705,0.02405663005286208,0.03074384844278474,53.903934729411766,8.681366852941176,0.015155062649999248,0.0,0.0,0.0,0.0,0.0,170,122392,5.374999328125084,0.025581394753921054,1.0051757022924532,724.2130177514792,2025-06-09T00:00:00.000000,7525918
2026-03-30T00:00:00.000000,Tanker,150.0,23.0,9.4,6.7,2.7,11.209570957095709,12.2,0.40367829530158117,10.7,11.3,11.7,0.0,1.0,116.03389138293426,0.0,0.0,1.6407826496935405,1,0.0,0.0,1.0,0.0,0.5360143012338031,1.1493112563658028,55.5962037625334,5.652385088323118,6.500379231499996,0.0,0.0,0.0,0.0,0.0,6363,352372,6.521738846880919,0.06266666624888889,2.4772139954636985,55.38698522477208,2026-03-30T00:00:00.000000,9739812
2025-06-16T00:00:00.000000,Tanker,274.0,50.0,14.8,14.8,0.0,12.163832853025935,12.7,0.27927500516820847,11.8,12.2,12.4,0.0,1.0,148.97836495802122,0.0,0.0,2.304322766570605,1,0.0,0.0,1.0,0.0,1.057521639872716,0.5135457458660003,55.14259629154659,5.269494473102786,5.132160882212002,0.0,0.0,0.0,0.0,0.0,2082,62793,5.479999890400003,0.05401459834301242,2.1484122835351305,30.174435367611725,2025-06-16T00:00:00.000000,9429285
2025-10-06T00:00:00.000000,Tanker,186.0,32.0,11.6,11.3,0.29999999999999893,11.77936731768079,13.8,1.2696778344653097,10.4,12.1,13.0,0.0,0.9468142612047287,123.66239690320425,0.0,0.0,1.5751016475122799,1,0.0,0.0,1.0,0.0,1.141415325401924,1.6768394412397525,55.97999936233519,11.049901954382007,39.379902983850016,0.0,0.0,0.0,0.0,0.0,42549,225959,5.812499818359381,0.06236559106255059,2.047761945322904,5.310684403497227,2025-10-06T00:00:00.000000,9325611
2026-06-01T00:00:00.000000,Tanker,92.0,16.0,5.7,4.1,1.6000000000000005,8.50041869881292,102.2,4.079736725782764,0.1,8.0,11.4,0.1360492238397812,0.3318185474141398,97.92154311094386,0.0,0.0,16.2433297114572,4,0.0,0.016769886592133836,0.9393951580471326,0.04379473980535671,0.289941803014391,0.7199220414148401,54.437798175822415,11.214697629333225,450.715504796,0.0,0.0,0.0,0.0,0.0,24866,509306,5.749999640625022,0.06195652106568999,2.769785892996813,20.48284737582948,2026-06-01T00:00:00.000000,9170420
2025-12-22T00:00:00.000000,Tanker,299.0,50.0,12.0,12.0,0.0,18.70740740740741,18.9,0.12112113634840826,18.6,18.7,18.8,0.0,1.0,1.2979568699917186,2.037037037037037,1.6627710883665534,0.7021947873799717,1,0.0,0.0,1.0,0.0,0.1952603790311893,0.016707174294360153,56.277711688614545,3.6291095692729765,0.9085049695800025,0.0,1.0,0.0,0.0,0.0,729,30879,5.979999880400003,0.04013377912998736,1.6512258289822312,42.41620879120879,2025-12-22T00:00:00.000000,9750660
2025-10-20T00:00:00.000000,Tanker,146.0,24.0,6.3,5.5,0.7999999999999998,11.68465062510704,14.7,2.1410750590391134,8.0,12.1,13.8,0.0,0.7839955471827368,80.1764481956287,0.0,0.0,3.2930253468059605,1,0.0,0.0,1.0,0.0,0.8164834755551403,2.8135705164874802,56.63105835926529,7.985839253425245,19.284561753418007,0.0,0.0,0.0,0.0,0.0,23356,331658,6.083333079861122,0.043150684635954215,2.7089182448768137,14.200727895525583,2025-10-20T00:00:00.000000,9724051
2026-01-12T00:00:00.000000,Tanker,250.0,44.0,13.7,13.7,0.0,12.098595105144351,14.1,1.5380234160540933,11.4,12.4,13.0,0.002489405209969475,0.9519307708265418,57.57257012713662,1.5694455146252557,3.284449733295921,2.2433571407403012,3,0.0,0.00213377589425955,0.2718489760839285,0.0,1.1658088343906616,1.550476811182891,56.07381491527131,11.362787681563583,39.10589511387993,0.0,0.0,0.0,1.0,0.0,33743,213511,5.681818052685954,0.054799999780799996,1.0402955787300887,6.32775176338095,2026-01-12T00:00:00.000000,9818058
2026-01-05T00:00:00.000000,Tanker,299.0,50.0,12.1,12.1,0.0,15.183706151499745,16.0,0.6011231043666428,14.5,15.3,15.8,0.0,1.0,37.75431055713101,0.0,0.0,3.1667768174885613,1,0.0,0.0,1.0,0.0,0.412285754335928,0.23394429844730447,56.08826586883579,4.286641037874936,1.3725820293000022,0.0,0.0,0.0,1.0,0.0,3934,28084,5.979999880400003,0.04046822728940392,2.1626149917406963,7.140605136028477,2026-01-05T00:00:00.000000,9768370
2026-05-04T00:00:00.000000,Tanker,250.0,44.0,9.3,9.3,0.0,11.037877480586713,13.2,1.1944784293400392,9.7,11.3,12.8,0.0,0.6329594477998275,18.227151195594775,0.745711820534944,1.316452863831075,1.1920276100086282,1,0.0,0.0,1.0,0.0,0.05181246783198334,1.0376697528126761,54.76133868352027,13.810444340983606,0.7277329996750089,0.0,0.0,0.0,0.0,0.0,5795,42006,5.681818052685954,0.037199999851200004,2.595272822498735,7.24991370383155,2026-05-04T00:00:00.000000,9893058
2025-12-15T00:00:00.000000,Tanker,104.0,16.0,6.5,5.2,1.2999999999999998,8.57210725735937,11.3,2.1563310837610703,5.7,8.7,10.6,0.03653509867599301,0.1495440919310517,116.07673969387822,0.0,0.0,5.226599505678442,2,0.0,0.0,0.9757057207094679,0.0242942792905321,0.8395585632877323,0.7395079910608201,56.49088492068449,10.8720906279353,8.290854943399987,0.0,0.0,0.0,0.0,0.0,32024,197209,6.499999593750025,0.06249999939903847,2.2723772636417987,6.158354932392343,2025-12-15T00:00:00.000000,9190200
2025-10-13T00:00:00.000000,Tanker,130.0,20.0,8.0,5.7,2.3,11.497094353252798,13.4,3.0096535426645525,9.8,11.3,13.0,0.05247422285254322,0.8974280348039404,101.56911776068982,0.0,0.0,8.694426769903023,2,0.0,0.0,0.9801832189811798,0.019816781018820194,0.3843641882115846,1.3126095626523435,55.76734041649737,12.410993090919543,6.203880634020011,0.0,0.0,0.0,0.0,0.0,26089,604434,6.499999675000016,0.06153846106508876,1.0632449520824165,23.16904323827047,2025-10-13T00:00:00.000000,9320063
2026-01-12T00:00:00.000000,Tanker,183.0,32.0,11.3,11.1,0.20000000000000107,11.726206896551725,12.5,0.5930999584084575,10.8,11.9,12.4,0.0,0.9992740471869328,14.512737305900245,0.0,0.0,2.1154627949183302,1,0.0,0.0,1.0,0.0,0.750272972642575,1.0114178040982946,57.04160516769509,7.726287879128858,7.504643286365993,0.0,0.0,0.0,0.0,0.0,2755,71205,5.718749821289069,0.0617486335423572,2.6976857435764074,25.855119825708062,2026-01-12T00:00:00.000000,9397535
2026-03-09T00:00:00.000000,Tanker,78.0,11.0,4.4,3.8,0.6000000000000005,9.200387799849462,14.1,5.074857421488748,0.0,0.5,11.4,0.5171649965515842,0.24093472351819548,102.89762033950986,0.0,0.0,35.24379930526248,1,0.0,0.0,1.0,0.0,0.5901073710875145,0.4220710881218105,57.306883908142325,10.82497542684896,2.6891917084499934,0.0,0.0,0.0,0.0,1.0,123245,604527,7.090908446281051,0.05641025568704801,2.2463680861969197,4.9051231702963225,2026-03-09T00:00:00.000000,9254977
2025-08-11T00:00:00.000000,Tanker,50.0,10.0,3.2,2.7,0.5,13.08373860182371,16.5,2.266618319065197,9.5,13.9,15.7,0.0,0.7872340425531915,71.08960855396901,0.0,0.0,2.1442249240121583,1,0.0,0.0,1.0,0.0,0.11171444519349626,0.29010043908378685,53.853379668693,8.415396996960487,0.348231663360004,0.0,0.0,0.0,0.0,0.0,658,363062,4.99999950000005,0.06399999872000003,2.7353512554357886,552.6057838660579,2025-08-11T00:00:00.000000,9588914
2025-09-08T00:00:00.000000,Tanker,185.0,28.0,6.3,5.5,0.7999999999999998,10.079755568697022,14.4,5.804026683434724,0.0,3.6,13.6,0.4203495145631068,0.39510679611650484,110.41685285942305,0.0,0.0,37.38232884727911,4,0.0,0.37386407766990293,0.5973980582524272,0.028504854368932037,0.583216849871039,0.31150220792122324,55.725172034368924,10.71474817114563,403.79289540912,0.0,0.0,0.0,0.0,0.0,25750,604033,6.607142621173478,0.03405405386997808,2.3432004018202326,23.458503242844383,2025-09-08T00:00:00.000000,9298181
2025-09-22T00:00:00.000000,Tanker,143.0,22.0,8.3,7.0,1.3000000000000007,11.360892236384705,13.1,2.5355509828907103,8.3,12.2,12.8,0.01862464183381089,0.811461318051576,85.19799857415009,0.0,0.0,3.5504297994269343,1,0.0,0.0,1.0,0.0,0.11220393579950412,0.3347512744495061,55.92554917908309,15.309179487965615,0.5385951107760019,0.0,0.0,0.0,1.0,0.0,3490,514855,6.499999704545468,0.05804195763607023,1.774761484033815,147.5652049297793,2025-09-22T00:00:00.000000,9553660
2025-08-11T00:00:00.000000,Tanker,147.0,24.0,7.1,7.1,0.0,12.85975935828877,13.3,0.43737496845549834,12.1,13.0,13.2,0.0,1.0,17.30072988016778,0.0,0.0,2.9596256684491973,1,0.0,0.0,1.0,0.0,0.16973398050467076,0.1844838024616439,53.70350927406417,3.765327290106952,0.576592407316998,0.0,1.0,0.0,0.0,0.0,748,16417,6.124999744791677,0.04829931939932436,2.514998718115262,21.97724230254351,2025-08-11T00:00:00.000000,9716004
2026-03-30T00:00:00.000000,Tanker,95.0,16.0,5.0,5.0,0.0,12.11358574610245,12.8,0.22093110062855417,11.9,12.1,12.4,0.0,1.0,3.072113669347382,12.435412026726059,9.252259249769448,2.778841870824054,1,0.0,0.0,1.0,0.0,0.1715775453929288,0.0013723754820094015,55.48694829844098,5.604029848552337,0.0032208465220000784,0.0,0.0,0.0,0.0,0.0,449,9865,5.937499628906273,0.05263157839335181,2.2631387588199936,22.020089285714285,2026-03-30T00:00:00.000000,9710323
2026-06-15T00:00:00.000000,Tanker,108.0,18.0,6.3,6.3,0.0,11.150636497167238,13.2,0.7769993275063504,10.5,11.0,12.3,0.0,0.9401272994334475,93.06710727484152,1.4604287612785902,3.0341413759961724,1.4253724557599499,1,0.0,0.0,1.0,0.0,0.9779846576994349,1.5696624096132077,56.472386288731904,12.0663369803805,24.951031345088996,0.0,0.0,0.0,0.0,0.0,28594,144117,5.999999666666685,0.05833333279320988,2.3166013401523173,5.040289581366069,2026-06-15T00:00:00.000000,9215141
2026-03-09T00:00:00.000000,Tanker,182.0,32.0,12.1,12.1,0.0,10.117968712965157,13.0,4.715809309657014,0.0,11.4,12.3,0.17663309690818604,0.5895215329754301,116.65749362376427,0.0,0.0,20.06855676162859,1,0.0,0.0,1.0,0.0,1.2134576447609824,1.497316004110488,56.49453249459226,10.977409391551392,35.33724839866104,0.0,0.0,0.0,0.0,0.0,51038,303633,5.687499822265631,0.06648351611822244,2.608247404441209,5.949272096714148,2026-03-09T00:00:00.000000,9380063
2026-06-22T00:00:00.000000,Tanker,130.0,20.0,8.1,5.4,2.6999999999999993,10.401836118191259,12.7,2.246215445356664,9.0,10.5,11.4,0.03796200764702312,0.7386508466347029,89.09150958275762,2.4711654300757124,3.9240095851333052,7.615262415221448,3,0.0,0.0,0.9909267463737331,0.00905808096134005,0.9113925589456411,2.5063309510269804,56.90781352822116,10.804056031559144,646.7205301761401,0.0,0.0,0.0,0.0,0.0,65908,337125,6.499999675000016,0.062307691828402366,1.0684633731362954,5.115162274113524,2026-06-22T00:00:00.000000,9474450
2025-11-24T00:00:00.000000,Tanker,144.0,23.0,9.1,6.7,2.3999999999999995,8.375763289267885,13.2,3.744704134212103,2.5,6.4,12.4,0.08472104526732752,0.36556766450544903,114.30593318583102,2.025840017342294,4.5480190336853985,7.3896498039138425,3,0.0,0.017618193642472853,0.9234180083952467,0.05896379796228051,0.4667788900348381,1.1587580934316464,55.06493114386221,11.119484327355497,12.187529187488964,0.0,0.0,0.0,0.0,0.0,50743,514848,6.260869293005682,0.06319444400559414,2.643732856173999,10.146387607898783,2025-11-24T00:00:00.000000,9373632
2026-04-13T00:00:00.000000,Tanker,84.0,15.0,5.0,5.0,0.0,12.09166244594226,15.6,4.358193645996226,0.0,12.3,13.7,0.12328203722109882,0.8360009596600062,125.46726490559706,,,16.123529411764704,3,0.0,0.10922987284504919,0.8842238749700106,0.006546252184940192,1.003643556361891,1.0389899196056296,56.20843276457483,12.676028401891903,16.865989238960978,0.0,0.0,0.0,0.0,0.0,29177,324078,5.599999626666692,0.05952380881519275,3.1435034716923154,11.107691253084727,2026-04-13T00:00:00.000000,9356919
2025-10-27T00:00:00.000000,Tanker,143.0,24.0,8.5,8.5,0.0,12.69,12.8,0.04597927750336622,12.6,12.7,12.7,0.0,1.0,2.977396201914809,0.0,0.0,1.364666666666666,1,0.0,0.0,1.0,0.0,0.03082541620730665,0.03946485267604607,55.30058671333334,5.70986664,0.03254732800799925,0.0,0.0,0.0,0.0,0.0,150,3345,5.958333085069454,0.0594405590248912,2.1748455083307974,22.449664429530202,2025-10-27T00:00:00.000000,9986001
2026-06-22T00:00:00.000000,Tanker,106.0,17.0,6.8,5.5,1.2999999999999998,10.816460507315478,12.2,1.7605802821555392,10.2,10.9,11.5,0.021038017941050834,0.9156743912857753,94.0526079027304,0.0,0.0,3.615335326783426,3,0.0,0.010225331055104656,0.9841547415634344,0.005619927381460914,0.7787905986155246,2.0576494541754724,56.96005076377617,10.01480198456856,31.17851889427801,0.0,0.0,0.0,0.0,0.0,74912,413039,6.235293750865073,0.06415094279102884,0.7383924918299523,5.513729625822643,2026-06-22T00:00:00.000000,9338735
2025-10-13T00:00:00.000000,Tanker,237.0,44.0,15.0,14.7,0.3000000000000007,10.84722952130698,13.4,3.2629217203048757,6.6,10.8,13.0,0.0625,0.7846683893195521,70.7278601077546,1.0577519379844962,2.2107083536920302,10.010454349698534,3,0.0,0.05878552971576227,0.4848729543496985,0.0,0.4908701836382261,1.3156606541664022,57.28257439276486,10.440089303725237,15.756706305600005,0.0,0.0,0.0,0.0,0.0,18576,169623,5.386363513946284,0.0632911389734551,1.9614316821460016,9.13179004037685,2025-10-13T00:00:00.000000,9843209
2026-01-19T00:00:00.000000,Tanker,153.0,23.0,6.0,6.0,0.0,11.313586703858672,12.8,1.2508891120265362,10.6,11.5,12.2,0.003593369653413701,0.9384490552915266,36.46021934818997,0.0,0.0,2.9237741972875853,1,0.0,0.0,1.0,0.0,0.4080640675545432,1.7702929333667377,54.80246514964646,12.450619901008464,10.045861444344009,0.0,0.0,0.0,0.0,0.0,8627,97408,6.652173623818538,0.03921568601819813,1.2790891738746573,11.292371898910272,2026-01-19T00:00:00.000000,9967940
2025-05-26T00:00:00.000000,Tanker,100.0,17.0,7.0,7.0,0.0,13.075348837209301,13.2,0.06969053212117908,13.0,13.1,13.2,0.0,1.0,2.8207555008021155,1.7837209302325587,1.9502372528276881,0.5255813953488372,1,0.0,0.0,1.0,0.0,0.036322109246684275,0.030300871669767082,55.32531860465118,5.929555074418605,0.023515038499999953,1.0,0.0,0.0,0.0,0.0,215,3147,5.882352595155729,0.0699999993,2.8697891108526767,14.705607476635514,2025-05-26T00:00:00.000000,9191163
2025-11-03T00:00:00.000000,Tanker,144.0,24.0,8.4,6.1,2.3000000000000007,11.102093008461097,12.8,2.0176808342348185,10.3,11.5,12.0,0.013138869680015087,0.9201609354372289,59.92723494706411,0.0,0.0,3.6999119884327647,3,0.0,0.011818696171496825,0.9877412459923304,0.00044005783617275413,1.0130222916658063,2.0344370782205425,57.094042269315395,9.06863621877161,28.729033565976003,0.0,0.0,0.0,0.0,0.0,15907,278392,5.99999975000001,0.05833333292824075,0.8425510757719161,17.50232616622658,2025-11-03T00:00:00.000000,9362152
2026-03-23T00:00:00.000000,Tanker,124.0,17.0,5.2,5.2,0.0,9.83994462255902,13.3,2.7728538650213,7.5,9.6,12.2,0.0428481411468179,0.4480851361758734,57.04958626729927,0.0,0.0,7.1261642972196935,3,0.0,0.03899740950780648,0.9607225372820836,0.0,0.8336931229336298,1.4593193809055784,57.595722154309314,9.644792088776867,408.7372932345,0.0,0.0,0.0,0.0,0.0,14283,149379,7.294117217993104,0.04193548353277836,1.6950039683969884,10.45924940484526,2026-03-23T00:00:00.000000,9830604
2026-01-05T00:00:00.000000,Tanker,36.0,8.0,3.0,3.0,0.0,6.511527035056446,9.9,1.9584939217409212,0.0,0.0,0.2,0.9180847457627118,0.0,99.22149838871584,,,,1,0.0,0.0,1.0,0.0,0.025624578890917994,0.05315907127158067,57.680033546474576,11.861927410661016,0.024469901748000365,0.0,0.0,0.0,0.0,0.0,59000,604768,4.499999437500071,0.08333333101851859,0.10211923338673683,10.250478821674944,2026-01-05T00:00:00.000000,8327105
2026-02-23T00:00:00.000000,Tanker,159.0,26.0,7.0,6.5,0.5,10.735806192199437,14.2,2.533367208904904,7.1,11.3,13.3,0.0054541808702626825,0.7496691397633848,50.64792136248339,0.0,0.0,4.993727691999197,2,0.0,0.00020052135552436334,0.9997994786444756,0.0,0.9911049799018329,1.7449798264223768,56.535582166713446,11.47553363625426,29.111107513260034,0.0,1.0,0.0,0.0,0.0,24935,240841,6.115384380177524,0.04402515695581662,2.447334729395719,9.659140129943049,2026-02-23T00:00:00.000000,9829760
2025-10-13T00:00:00.000000,Tanker,289.0,46.0,9.4,9.4,0.0,18.586956521739133,18.9,0.23548427072935935,18.3,18.7,18.8,0.0,1.0,153.52264917992042,0.0,0.0,1.568820994907952,1,0.0,0.0,1.0,0.0,0.3855539542352513,0.22194890226940703,55.94254243008226,4.117917495887192,1.220938028952002,0.0,0.0,0.0,1.0,0.0,2553,23194,6.2826085590737275,0.03252595144454688,2.123275050075826,9.088557993730408,2025-10-13T00:00:00.000000,9637492
2025-12-29T00:00:00.000000,Tanker,82.0,13.0,5.5,5.5,0.0,9.64804896710023,10.7,0.30387537083432437,9.3,9.7,10.0,0.0,0.08416220351951033,4.261182642588533,0.0,0.0,3.5298775822494255,1,0.0,0.0,1.0,0.0,0.16204899853367413,0.36877390891354717,56.44599902524866,4.184457447207345,0.7769687630600058,0.0,0.0,0.0,0.0,1.0,2614,21089,6.3076918224852445,0.06707316991374183,2.303568382359168,8.07079984691925,2025-12-29T00:00:00.000000,9345350
2025-06-16T00:00:00.000000,Tanker,333.0,60.0,15.1,15.1,0.0,11.531357020547945,14.3,3.2426100084089864,7.0,13.3,14.1,0.010443307757885763,0.7627877237851662,46.687942686809635,0.7086743393009378,1.8113546126602236,3.188192668371696,1,0.0,0.0,1.0,0.0,0.30880932562053365,1.5827150763331184,53.847549053495314,5.9695209456521745,6.371814294559987,0.0,0.0,0.0,0.0,0.0,4692,92696,5.549999907500002,0.04534534520917314,2.189593503996544,19.760392240460455,2025-06-16T00:00:00.000000,9602631
2026-04-13T00:00:00.000000,Tanker,116.0,19.0,5.7,5.5,0.20000000000000018,7.349558397271952,12.0,3.5872419755483715,0.0,6.5,10.8,0.14351619103947952,0.25077628271477154,96.65707052701656,4.541487505544877,7.028384363581904,16.221075357861114,2,0.0,0.0,0.9449061067573562,0.0550938932426438,0.14170330245847923,0.8134131725214357,55.351488844625166,13.96412334969688,2.095571391569986,0.0,0.0,0.0,1.0,0.0,33815,552483,6.105262836565114,0.04913793061087991,3.0106686593620093,16.338883302774,2026-04-13T00:00:00.000000,9868974
2026-06-15T00:00:00.000000,Tanker,160.0,26.0,6.7,6.7,0.0,0.9630356385235469,13.2,1.4444975533799502,0.2,0.6,0.8,0.9869456835476252,0.013054316452374705,27.85430701138627,0.0,0.0,97.43536473366571,1,0.0,0.0,1.0,0.0,0.0920637124280471,0.06956538407429456,56.104537076718714,6.031233783521386,0.42360892500000047,0.0,0.0,0.0,0.0,0.0,30488,153843,6.153845917159773,0.04187499973828125,0.41536905564638565,5.046183619247548,2026-06-15T00:00:00.000000,9734850
2025-11-24T00:00:00.000000,Tanker,149.0,22.0,9.3,6.5,2.8000000000000007,10.546880552813425,12.9,2.075509014412049,7.8,10.7,12.3,0.013747379710427533,0.7042363379320431,99.31744296533233,0.0,0.0,2.6304294837420175,3,0.0,0.00029249744064739435,0.9995125042655877,0.0,0.1308386194709115,1.1077964637330293,54.5345461783747,11.429401163116074,4.544616416178025,0.0,0.0,0.0,0.0,0.0,20513,335003,6.772726964876047,0.0624161069636503,2.1681417910550342,16.33204953198128,2025-11-24T00:00:00.000000,9447328
2026-04-27T00:00:00.000000,Tanker,180.0,29.0,9.8,9.7,0.10000000000000142,10.5555667001003,14.2,3.394940977579469,6.6,13.1,13.9,0.0034,0.5472,39.32621397893245,1.0339399999999999,1.7279314876016265,1.5569399999999995,2,0.0,0.003,0.997,0.0,0.749068202324577,1.126848150191931,54.610071036399994,7.634529153800001,6.898500958510002,0.0,0.0,0.0,0.0,0.0,5000,111166,6.206896337693229,0.054444444141975315,2.1502576621956777,22.2376475295059,2026-04-27T00:00:00.000000,9914620
2026-02-02T00:00:00.000000,Tanker,165.0,24.0,7.8,7.8,0.0,11.184851994851995,12.6,4.678531353574203,0.1,11.3,11.9,0.2085904209988069,0.749105164479291,65.93930754280885,0.0,0.0,21.753031026252984,3,0.0,0.2022157831941367,0.7976137719447759,0.0,1.2629868554516723,1.1281632743562797,56.204501418169414,11.52959054535538,589.169716416424,0.0,0.0,0.0,0.0,0.0,29335,542408,6.874999713541678,0.047272726986225894,2.522158469415156,18.4907615736006,2026-02-02T00:00:00.000000,9298375
2025-12-01T00:00:00.000000,Tanker,158.0,25.0,7.0,7.0,0.0,11.698819561551433,12.2,0.32410649313348266,11.3,11.7,12.1,0.0,1.0,2.759752331001693,0.0,0.0,1.3097807757166937,1,0.0,0.0,1.0,0.0,0.007886110330652271,0.22567170623862062,57.68556650505902,8.537218878583472,0.021617872420000465,0.0,0.0,0.0,0.0,0.0,1186,9281,6.31999974720001,0.044303797187950654,2.468316891613862,7.832067510548523,2025-12-01T00:00:00.000000,9194012
2025-10-13T00:00:00.000000,Tanker,127.0,20.0,6.5,6.5,0.0,10.552509652509652,11.1,0.1742168852823413,10.3,10.6,10.8,0.0,0.9961389961389961,2.21515660327327,0.0,0.0,4.042664092664093,1,0.0,0.0,1.0,0.0,0.216444010234105,0.25390397618070015,55.442118889961385,6.0222051640926635,1.1572478354520024,0.0,0.0,0.0,0.0,0.0,518,24212,6.349999682500015,0.051181101959203924,2.8699694017619897,46.83172147001934,2025-10-13T00:00:00.000000,9328326
2025-12-01T00:00:00.000000,Tanker,229.0,32.0,8.6,7.4,1.1999999999999993,10.936312399355879,14.2,4.257345914036079,0.2,11.4,13.0,0.11546840958605664,0.7393618488182896,66.33688476473418,1.1221505198422546,2.250629431493723,13.742119632663192,1,0.0,0.0,1.0,0.0,0.9052492842104171,1.6949459515243517,56.8935630204076,11.2868491566697,23.050011726110984,0.0,0.0,0.0,0.0,0.0,36261,160283,7.156249776367195,0.037554584988844605,3.0065672961251018,4.420380584666299,2025-12-01T00:00:00.000000,9298662
2026-02-02T00:00:00.000000,Tanker,207.0,32.0,8.0,8.0,0.0,2.4318827708703377,8.4,1.8193246794340314,1.1,2.0,3.1,0.06690140845070422,0.0,69.78799126776212,4.488908450704225,3.6042339574180216,38.896038732394366,3,0.0,0.0,0.7975352112676056,0.0,0.049704183288157164,0.16351806286715098,55.12988922359155,4.69930505193662,0.15856381610999554,0.0,0.0,0.0,0.0,0.0,1136,146062,6.46874979785157,0.03864734280846694,1.099308399044955,128.68898678414098,2026-02-02T00:00:00.000000,9513440
2026-03-02T00:00:00.000000,Tanker,250.0,44.0,8.2,7.0,1.1999999999999993,10.800840903067249,102.2,5.443330234709331,4.5,11.3,13.6,0.06677154343646216,0.5821097710190526,57.80500782899383,1.0571578395385421,2.2040597967688633,9.70424025886477,3,0.0,0.06375633630484182,0.9006511099458137,0.0,0.9273076509304233,2.3585894212558185,56.7327713553356,11.482333162078309,42.994752000159934,0.0,0.0,0.0,0.0,0.0,45768,326429,5.681818052685954,0.0327999998688,1.6717703934630999,7.132409814932156,2026-03-02T00:00:00.000000,9693068
2025-10-06T00:00:00.000000,Tanker,145.0,23.0,9.0,6.8,2.2,10.679326923076925,13.0,0.8705628857329075,10.2,10.6,11.3,0.0,0.9038461538461539,72.22763478113946,0.0,0.0,1.461057692307694,1,0.0,0.0,1.0,0.0,0.0839494707349871,0.5260646598606165,54.14804535576924,7.2778171538461525,0.5361724104330026,0.0,0.0,0.0,0.0,0.0,208,268779,6.304347551984889,0.06206896508917955,1.263548853825859,1298.4492753623188,2025-10-06T00:00:00.000000,9439876
2025-09-29T00:00:00.000000,Tanker,100.0,17.0,6.1,4.6,1.5,12.593305330337664,16.1,1.7866946910836357,10.6,12.9,14.4,0.0050555789610137085,0.957643322422789,115.55552720599361,0.0,0.0,2.2081861490099493,3,0.0,0.0043750202547234015,0.5998638882587419,0.39576109148653466,1.0676992569300507,1.9485306513074756,56.43094383284182,11.849642382020289,30.978209145599944,0.0,0.0,0.0,0.0,0.0,30857,552561,5.882352595155729,0.060999999390000004,2.126831121250027,17.907732693803474,2025-09-29T00:00:00.000000,9697507
2025-08-25T00:00:00.000000,Tanker,100.0,17.0,7.0,7.0,0.0,10.739470115123797,13.0,0.6291455274308888,9.9,10.7,11.5,0.0,0.8845607948273143,77.1228387962907,2.3441665352468064,5.158655146893808,2.753452136886927,1,0.0,0.0,1.0,0.0,0.977605963814835,1.8616059654069383,56.87984097315881,11.444326438921305,23.977787921010016,0.0,1.0,0.0,0.0,0.0,31705,140835,5.882352595155729,0.0699999993,2.5431277615622827,4.442183951551855,2025-08-25T00:00:00.000000,9114763
2025-12-01T00:00:00.000000,Tanker,249.0,44.0,11.2,9.2,2.0,12.876929376438014,15.3,0.8662727317128828,12.0,13.0,13.9,0.0,0.9851421440549077,92.38575771549478,0.0,0.0,2.4384003431735755,1,0.0,0.0,1.0,0.0,1.054407585748889,1.3599390801915852,55.64150218814101,11.557648608411654,26.882658067296035,0.0,0.0,0.0,0.0,0.0,51286,594405,5.65909078047521,0.04497991949807261,2.1933021058402993,11.59023106171395,2025-12-01T00:00:00.000000,9438858
2026-03-30T00:00:00.000000,Tanker,100.0,15.0,6.7,5.3,1.4000000000000004,6.730564541375352,11.8,4.191659912666448,0.9,9.1,10.5,0.10413005272407733,0.2995508689709041,105.71787457336221,15.506556656739734,15.840665065947208,28.517560904164426,3,0.0,0.0,0.9685608279632885,0.03139035344659246,0.3766975634075314,1.3964767389236636,57.48096454505955,10.435879577035735,416.947527199096,0.0,0.0,0.0,0.0,0.0,20484,279864,6.666666222222252,0.06699999933,2.2902615932005665,13.663232924864522,2026-03-30T00:00:00.000000,9521411
2026-05-18T00:00:00.000000,Tanker,173.0,28.0,6.5,6.5,0.0,14.045201668984701,15.6,1.160793746869435,13.0,14.3,15.0,0.0,0.981822298411877,39.9240317784349,0.0,0.0,1.4525277355500208,1,0.0,0.0,1.0,0.0,0.9201897373180289,1.2215955002413483,56.35211041407639,12.311378390561826,16.298605996812018,0.0,0.0,0.0,0.0,0.0,30917,83925,6.1785712079081705,0.037572254118079455,1.7229574870095086,2.7146137922111526,2026-05-18T00:00:00.000000,9471032
2026-03-09T00:00:00.000000,Tanker,117.0,18.0,6.4,6.4,0.0,12.15440098742575,12.9,0.8052633342382796,11.7,12.4,12.7,0.0,0.9736963900030855,25.43385112329736,1.655473270076371,3.6320463194821406,1.928843631875337,3,0.0,0.0,0.972693613082382,0.027229250231410058,0.46462654067194814,1.5553060560346164,54.76978014062018,12.4457999409133,577.43989322818,0.0,0.0,0.0,0.0,0.0,12964,68071,6.499999638888909,0.05470085423332604,1.241828251273448,5.251176425210214,2026-03-09T00:00:00.000000,9256420
2026-03-02T00:00:00.000000,Tanker,250.0,44.0,8.4,8.4,0.0,12.847927639111518,13.8,0.2715637117688833,12.5,12.8,13.2,0.0,1.0,115.95364061183754,5.092305930844973,3.878066560439657,2.2550950309136706,1,0.0,0.0,1.0,0.0,0.6218572102923442,0.12218284303996699,56.34860874009618,5.512859932905885,1.0195666182000003,0.0,0.0,0.0,0.0,0.0,4367,36233,5.681818052685954,0.0335999998656,2.5776544950941136,8.298900595510766,2026-03-02T00:00:00.000000,9413573
2025-10-06T00:00:00.000000,Tanker,150.0,23.0,9.6,9.6,0.0,10.627368887412084,12.5,0.7926811570802981,9.6,10.6,11.8,0.0,0.7206069668272692,119.27824211832076,0.0,0.0,2.6178324195602816,1,0.0,0.0,1.0,0.0,1.0413826522753877,1.839424152713044,56.367827628029765,10.554662313525688,33.366821694157004,0.0,0.0,0.0,0.0,0.0,54171,219935,6.521738846880919,0.06399999957333334,2.775387310474232,4.060088609931697,2025-10-06T00:00:00.000000,9818278
2026-03-09T00:00:00.000000,Tanker,249.0,44.0,12.9,9.2,3.700000000000001,15.514961013645225,17.2,6.004205405644608,0.0,15.7,17.0,0.15120417114954895,0.8156914673508234,93.65424934686803,0.0,0.0,14.8071884057971,2,0.0,0.0,0.85955474633783,0.14044525366216998,0.14066932252031442,0.9571226513934218,57.73817117255648,9.7570736007614,1.3282144307579826,0.0,0.0,0.0,0.0,0.0,12083,126865,5.65909078047521,0.051807228707601495,2.831348366708071,10.500331071014733,2026-03-09T00:00:00.000000,9466130
2026-05-11T00:00:00.000000,Tanker,100.0,16.0,6.5,5.2,1.2999999999999998,12.791642735744007,14.6,2.567006437732329,11.5,13.1,13.9,0.026759677511578706,0.9480244725255875,82.69252800751227,0.0,0.0,5.558436731659901,3,0.0,0.012407799188061067,0.9819314997998742,0.005660701012064727,0.4218068734725456,1.323382352990073,57.44627959448797,9.277541413574248,9.712643882400027,0.0,0.0,0.0,0.0,0.0,17489,496276,6.249999609375024,0.06499999935,0.9349408048930853,28.378087831655993,2026-05-11T00:00:00.000000,9377949
2026-02-23T00:00:00.000000,Tanker,274.0,48.0,16.6,16.6,0.0,11.918773534158147,12.2,0.1618561662269435,11.7,11.9,12.1,0.0,1.0,5.880296026295318,2.266541151156536,2.3899095896985783,2.168101129639591,1,0.0,0.0,1.0,0.0,0.31987654696167006,0.015667471202028414,56.063829769768695,4.386951324905863,0.09034969879999927,0.0,0.0,0.0,0.0,0.0,1859,22149,5.708333214409725,0.060583941384730146,2.471314735852669,11.920882669537137,2026-02-23T00:00:00.000000,9578658
2026-02-23T00:00:00.000000,Tanker,274.0,48.0,9.9,9.9,0.0,10.653886564840938,12.0,0.7592231253142456,9.7,10.6,11.7,0.0,0.6950092421441775,14.05670123129965,0.5343613191944743,0.8754707727561409,2.469004767000681,1,0.0,0.0,1.0,0.0,0.4986791566895681,0.9919351253278268,57.44735462418523,8.727934739760677,13.305014594564009,0.0,0.0,0.0,0.0,0.0,10279,83071,5.708333214409725,0.0361313867294475,2.634268239529655,8.082409028993968,2026-02-23T00:00:00.000000,9935600
2026-02-16T00:00:00.000000,Tanker,84.0,15.0,5.7,5.2,0.5,9.668561265420418,12.7,3.0846104589443724,5.8,10.2,11.6,0.06450390717499407,0.5421974899360644,101.21285059184534,,,8.187378640776698,3,0.0,0.04233956902675823,0.9458205067487568,0.011839924224484964,0.8578054906963232,1.8709217831073341,56.8084735104665,10.9882204843713,20.275989954472,0.0,0.0,0.0,0.0,0.0,42230,344880,5.599999626666692,0.06785714204931974,1.8803016448576957,8.166899524023775,2026-02-16T00:00:00.000000,9356919
2025-12-29T00:00:00.000000,Tanker,249.0,44.0,11.9,11.9,0.0,12.242223099823805,13.6,0.6832900709557911,11.4,12.3,13.0,0.0,0.9927699131174433,57.659245968676686,0.0,0.0,1.723388419709581,1,0.0,0.0,1.0,0.0,1.139969234108842,1.3626297137861694,56.01950295330822,11.418551195880672,27.144783839745013,0.0,0.0,0.0,0.0,0.0,32918,154613,5.65909078047521,0.04779116446670215,2.3416082369727316,4.697056232341951,2025-12-29T00:00:00.000000,9438860
2025-06-02T00:00:00.000000,Tanker,88.0,13.0,5.5,5.2,0.2999999999999998,5.845882931628136,11.1,2.0215875528489944,3.6,6.1,7.6,0.0,0.07240531234628628,44.149749093279766,0.0,0.0,5.321387112641416,1,0.0,0.0,1.0,0.0,0.4089939053123269,0.06736129233470432,56.05232800796852,5.27630794677816,0.3799571754810016,0.0,0.0,0.0,0.0,0.0,10165,369140,6.76923024852075,0.062499999289772734,1.9786419913997135,36.31837859110586,2025-06-02T00:00:00.000000,9297228
2025-11-10T00:00:00.000000,Tanker,148.0,21.0,7.1,6.5,0.5999999999999996,10.91969018290407,13.4,3.735498982904454,2.8,11.7,12.7,0.08734192756292204,0.7129527317372621,109.49878729314061,2.537848390344523,5.359708479334284,10.330913734253372,4,0.0,0.01848987108655617,0.9348557397176182,0.04660527931246163,0.6788362780059957,0.8907034017826768,55.24453116685082,11.463215180798034,471.285909899614,0.0,0.0,0.0,0.0,0.0,40725,374835,7.047618712018156,0.04797297264883126,2.65024763627558,9.204277575876633,2025-11-10T00:00:00.000000,9362138
2025-06-02T00:00:00.000000,Tanker,129.0,20.0,6.2,6.2,0.0,11.99108851674641,12.3,0.07610042067716863,11.9,12.0,12.1,0.0,1.0,0.5034527829761906,1.7276913875598086,1.3566794858265918,0.9929425837320576,1,0.0,0.0,1.0,0.0,0.2671544912948063,0.017915866035615173,56.19814098026316,4.3766505,0.07165838282999944,0.0,0.0,0.0,0.0,0.0,1672,18568,6.449999677500016,0.04806201513130221,2.628071831252971,11.111909036505088,2025-06-02T00:00:00.000000,9854478
2026-01-05T00:00:00.000000,Tanker,104.0,17.0,6.6,5.6,1.0,13.237599505562423,17.3,2.213000256444904,9.7,13.7,14.4,0.006801384830701991,0.8953519778034228,119.24498790757933,0.0,0.0,2.8420409065239274,2,0.0,0.0,0.9929776315466399,0.007022368453360179,0.8056546348563312,1.401482211237501,56.10256369607385,12.10914283318192,20.354504332534987,0.0,0.0,0.0,0.0,0.0,40727,409580,6.117646698961958,0.06346153785133136,2.123812621575443,10.056966065903845,2026-01-05T00:00:00.000000,8712166
2025-06-30T00:00:00.000000,Tanker,56.0,10.0,4.0,3.1,0.8999999999999999,8.699939068812505,102.2,3.954207878087701,7.5,8.5,9.5,0.006799879925344888,0.040877589109750846,105.52558094460055,0.0,0.0,3.402215402447216,2,0.0,0.0,0.9975724037118731,0.002427596288126966,0.8319415981502535,1.1062496191759414,56.172540107036106,12.745948842114881,26.40636919775399,0.0,0.0,0.0,0.0,0.0,76619,604397,5.599999440000056,0.07142857015306125,0.505790174890109,7.88844657913284,2025-06-30T00:00:00.000000,9236315
2026-05-04T00:00:00.000000,Tanker,83.0,13.0,5.7,5.1,0.6000000000000005,8.573241082698331,10.6,1.3916099903422967,7.5,8.9,9.9,0.0010741640201756026,0.021856902671399215,87.62157543092376,0.0,0.0,1.5934603886397607,2,0.0,0.0,0.984307864748739,0.0,0.5329659583112721,1.484184926143261,55.105920433355124,13.827887825004673,12.028613615970004,0.0,0.0,0.0,0.0,0.0,21412,604647,6.384614893491163,0.06867469796777473,1.7246198949676796,28.240016813787307,2026-05-04T00:00:00.000000,9341419
2025-08-18T00:00:00.000000,Tanker,109.0,17.0,7.3,7.3,0.0,10.16932518290335,11.3,0.782654341946811,9.3,10.4,10.9,0.0,0.672073546399692,85.31824890106707,0.0,0.0,1.4077493261455531,1,0.0,0.0,1.0,0.0,0.9977226711187539,1.5636484603885819,56.60112409395457,12.056042594484019,19.88492916519497,0.0,0.0,0.0,0.0,0.0,20776,131220,6.4117643287197446,0.06697247644979379,2.0443225954608444,6.316245487364621,2025-08-18T00:00:00.000000,9479668
2026-03-09T00:00:00.000000,Tanker,295.0,47.0,9.5,9.5,0.0,15.19337386018237,15.5,0.12051636438737538,15.0,15.2,15.3,0.0,1.0,26.87347032570599,0.0,0.0,1.6017629179331307,1,0.0,0.0,1.0,0.0,0.21237657269904725,0.05411577219508718,56.26134979148936,3.684619224924013,0.15949991839500072,0.0,0.0,0.0,0.0,0.0,1645,11843,6.276595611136264,0.03220338972134444,2.4892678455506183,7.203771289537713,2026-03-09T00:00:00.000000,9834296
2026-05-25T00:00:00.000000,Tanker,250.0,44.0,11.2,11.2,0.0,14.393421723610404,14.7,0.18377553680103353,14.2,14.4,14.6,0.0,1.0,5.209012053579877,0.0,0.0,0.8013598504164535,1,0.0,0.0,1.0,0.0,0.3277858368217017,0.641552275291943,57.35597206799252,8.418126728369879,10.303256663489982,0.0,0.0,0.0,0.0,0.0,5883,54047,5.681818052685954,0.0447999998208,2.176556414451656,9.18854131247875,2026-05-25T00:00:00.000000,9607966
2025-07-07T00:00:00.000000,Tanker,244.0,42.0,13.1,13.1,0.0,11.97515052846474,13.3,0.925666352359378,10.6,12.2,12.7,0.0,0.931131612269685,106.04766225980872,0.0,0.0,1.270966741607877,2,0.0,0.0,0.5638163165103238,0.0,1.1402248883918844,2.140613154405889,56.24777051719772,10.46248458919296,36.633323766689,0.0,0.0,0.0,0.0,0.0,38697,211385,5.809523671201818,0.053688524370129,2.26863353735814,5.462709323961133,2025-07-07T00:00:00.000000,9395329
2026-01-12T00:00:00.000000,Tanker,183.0,32.0,8.0,6.7,1.2999999999999998,10.434978305191072,13.2,0.948173584299761,9.6,10.3,12.0,0.0,0.6652726227194312,46.7002817668842,0.0,0.0,3.1329604265774478,1,0.0,0.0,1.0,0.0,0.9291797951206007,1.7868879618428937,56.60437326587903,11.692072471378536,21.97506924048,0.0,0.0,0.0,0.0,0.0,19129,141922,5.718749821289069,0.043715846755651114,2.5311794259623936,7.419594312003346,2026-01-12T00:00:00.000000,9278064
2026-03-23T00:00:00.000000,Tanker,183.0,27.0,11.3,6.8,4.500000000000001,11.157700004881143,102.2,8.619514976336145,5.7,10.1,14.4,0.003238220386709217,0.48413741317814907,109.5487958451282,0.0,0.0,8.255738024462746,1,0.0,0.0,1.0,0.0,1.1150391901634793,1.6449080596675727,56.27508903867092,12.933757871691384,35.47520886277501,0.0,0.0,0.0,0.0,0.0,21308,604379,6.77777752674898,0.0617486335423572,1.0093374180040753,28.36527901628573,2026-03-23T00:00:00.000000,9691735
2026-05-18T00:00:00.000000,Tanker,186.0,32.0,9.9,9.6,0.3000000000000007,11.29147710399715,12.8,1.3511986963066418,10.1,11.5,12.2,0.006609320127845954,0.9050625419247919,115.91585058146653,0.0,0.0,2.5946454642307537,2,0.0,0.0,0.8778558181746439,0.0,1.1318551256169351,2.013624228259781,56.16276098467033,11.052714002979126,42.40947769936506,0.0,0.0,0.0,0.0,0.0,50686,251204,5.812499818359381,0.05322580616545266,1.5541744168090939,4.956180329486041,2026-05-18T00:00:00.000000,9322384
2026-04-06T00:00:00.000000,Tanker,165.0,27.0,7.4,7.4,0.0,10.957926829268292,13.0,3.622450915952081,3.6,12.7,12.9,0.017857142857142856,0.7916666666666666,50.392463998291056,8.673652694610778,11.131331032421555,9.45389221556886,3,0.0,0.017857142857142856,0.9761904761904762,0.0,2.865315904903779,0.9257460836193317,54.13219205952381,8.615951178571429,355.56275370314,0.0,0.0,0.0,0.0,0.0,168,46959,6.11111088477367,0.044848484576675854,2.5673218625886722,281.19161676646706,2026-04-06T00:00:00.000000,9777400
2026-04-20T00:00:00.000000,Tanker,277.0,46.0,14.5,8.9,5.6,11.358664294187426,23.2,5.666104211046363,0.0,11.7,12.7,0.3220468101659751,0.5824526711618258,64.4756323345844,0.5486979926711418,1.7516567965975869,44.86755300152592,3,0.0,0.047247795643153526,0.7288965248962656,0.2238556794605809,0.10121628744553716,1.8465303589548019,57.71575655444436,10.149499151306406,4.154923784054974,0.0,0.0,0.0,0.0,0.0,61696,405146,6.021738999527414,0.05234657020813513,2.241398549261086,6.566917902585299,2026-04-20T00:00:00.000000,9905928
2025-10-06T00:00:00.000000,Tanker,274.0,48.0,15.0,9.0,6.0,12.006940796968498,15.1,1.8507760909807784,10.2,12.4,13.9,0.0,0.9030710748162272,102.39202909808809,1.0985526015996931,2.460058816128299,1.8590123634444964,1,0.0,0.0,1.0,0.0,1.1813954501972885,1.5345946619181863,56.20210121281673,11.079622863678333,36.20663996800705,0.0,0.0,0.0,0.0,0.0,83391,580097,5.708333214409725,0.05474452534764772,1.9991602543768618,6.956433625134908,2025-10-06T00:00:00.000000,9318072
2026-03-16T00:00:00.000000,Tanker,274.0,48.0,9.5,9.5,0.0,12.248210999795543,13.2,0.34426239829300415,11.7,12.3,12.6,0.0,1.0,25.796883567901595,0.27162134532815374,0.925708308793086,3.7408437265726158,1,0.0,0.0,1.0,0.0,0.8165682665644017,1.4566852687438059,57.173459053158865,8.460501294895385,50.38506419400996,0.0,0.0,0.0,0.0,0.0,14673,145817,5.708333214409725,0.03467153272017689,2.6142773366630347,9.938454198473282,2026-03-16T00:00:00.000000,9612052
2026-02-23T00:00:00.000000,Tanker,250.0,46.0,8.8,8.6,0.20000000000000107,11.16208321539768,14.0,1.4858084616338163,8.5,11.5,12.7,0.0,0.8219360317011039,62.917806520737315,1.5189357486555333,3.3532747635478453,2.343699405604302,1,0.0,0.0,1.0,0.0,1.0953733592093,1.6046573774383674,56.22416786286442,11.061106914520238,36.38614133347,0.0,0.0,0.0,0.0,0.0,35330,218915,5.434782490548207,0.035199999859200005,2.8267419938096388,6.196467491296103,2026-02-23T00:00:00.000000,9610808
2025-09-15T00:00:00.000000,Tanker,88.0,15.0,5.9,5.3,0.6000000000000005,5.404338104976142,13.2,3.1701891757036673,1.1,4.1,9.5,0.08737864077669903,0.06873886756478764,94.38709255663447,0.0,0.0,22.63916241934269,2,0.0,0.22849401670806052,0.7715059832919395,0.0,0.2922559339624903,1.2195113252641165,57.52853524018464,10.835811742179073,25.44929135233898,0.0,0.0,0.0,0.0,0.0,39861,476636,5.866666275555582,0.06704545378357439,2.6496833106031263,11.957752132463623,2025-09-15T00:00:00.000000,9356921
2026-05-25T00:00:00.000000,Tanker,80.0,14.0,4.4,4.4,0.0,6.0639303843364765,9.6,3.495444473459082,0.7,7.0,9.1,0.27867511756287056,0.0,57.84877185317346,0.0,0.0,35.518361504907304,4,0.0,0.03591630886662577,0.804675253867648,0.0,0.8033767803404109,0.8181854967501978,55.899332680569756,6.7088653438288,293.9428888496,0.0,0.0,0.0,0.0,0.0,14673,360215,5.714285306122479,0.05499999931250001,2.403127173283406,24.551185932388222,2026-05-25T00:00:00.000000,8012097
2026-02-23T00:00:00.000000,Tanker,183.0,32.0,11.4,11.4,0.0,12.343673780487805,12.9,0.2250984908225599,12.1,12.3,12.7,0.0,1.0,5.103020205465707,0.6801067073170732,0.8631496370872176,0.6922256097560967,1,0.0,0.0,1.0,0.0,0.6031149820342684,0.7879503229868404,56.49943376524391,7.200606418445123,3.852730451298006,0.0,0.0,0.0,0.0,0.0,1312,37649,5.718749821289069,0.062295081626802834,2.6654880373450696,28.717772692601066,2026-02-23T00:00:00.000000,9934890
2025-07-14T00:00:00.000000,Tanker,294.0,46.0,9.6,9.6,0.0,,0.0,0.0,0.0,0.0,0.0,0.97,0.0,7.14233891692995e-15,0.0,0.0,29.048453608247375,2,0.0,0.0,0.0,0.97,6.362854406396708,1.5721411020526692,55.000636429999986,8.894762549999998,340.32373331507097,0.0,0.0,0.0,1.0,0.0,100,461806,6.391304208884692,0.03265306111342496,0.0,4664.707070707071,2025-07-14T00:00:00.000000,9822451
2025-08-04T00:00:00.000000,Tanker,123.0,20.0,6.7,6.7,0.0,11.044282724505328,13.7,1.963454431677684,7.5,11.4,12.6,0.0,0.8938356164383562,37.130807685883106,2.414697488584475,3.4133098266626356,1.9914573820395738,1,0.0,0.0,1.0,0.0,0.744525665987115,1.8372073972710676,57.296125854166675,9.17234303681507,19.303954874087964,0.0,1.0,0.0,0.0,0.0,10512,131595,6.149999692500015,0.05447154427258907,2.597461555642381,12.519741223480164,2025-08-04T00:00:00.000000,9108740
2026-03-16T00:00:00.000000,Tanker,124.0,20.0,6.9,6.9,0.0,10.963324317362185,14.1,1.5350041458405426,9.6,10.3,13.2,0.0,0.7601107676455435,42.31111088437857,1.8227653271509532,4.68725439205831,1.773840803709428,1,0.0,0.0,1.0,0.0,0.5785044324469802,0.9631100437904955,55.949276609479654,12.90128869693457,7.989242486940005,0.0,0.0,0.0,0.0,0.0,15528,75917,6.199999690000015,0.05564516084157129,2.3452690108271277,4.889354028466542,2026-03-16T00:00:00.000000,9118496
2025-07-07T00:00:00.000000,Tanker,250.0,44.0,8.2,8.2,0.0,11.224947686018783,15.7,1.2623587756676469,9.8,11.2,12.6,0.0,0.8451262835174461,61.84085819829733,0.0,0.0,1.2448318652975812,1,0.0,0.0,1.0,0.0,1.137547460955119,1.530953791429742,56.06087556175483,11.24526786634386,37.66344466278904,1.0,0.0,0.0,0.0,0.0,41098,219311,5.681818052685954,0.0327999998688,2.218068140296306,5.336423583229919,2025-07-07T00:00:00.000000,9389679
2026-06-22T00:00:00.000000,Tanker,155.0,22.0,7.7,7.2,0.5,15.256052272362293,16.5,0.893453897133465,14.7,15.4,16.0,0.0,0.9942387987795086,91.51160963039024,0.0,0.0,1.8324152882607996,1,0.0,0.0,1.0,0.0,0.8386094534437055,1.3288551453502317,57.990211425525935,9.042734428416573,51.28353519150001,0.0,0.0,0.0,0.0,0.0,49816,217700,7.045454225206626,0.04967741903433923,1.4550258823034976,4.370169627622202,2026-06-22T00:00:00.000000,9617698
2026-03-16T00:00:00.000000,Tanker,250.0,44.0,14.7,8.3,6.399999999999999,11.617198811954706,15.1,1.927983798635477,8.7,12.1,13.5,0.0,0.834245939675174,70.2826634515711,1.2395174013921115,2.8659694154132973,1.6915282160757377,2,0.0,0.0,0.6008120649651972,0.0,1.1547829359460229,1.9552866991551177,55.841193171879354,11.515072082180975,44.494873434074,0.0,0.0,0.0,0.0,0.0,43100,432904,5.681818052685954,0.0587999997648,2.4896461856946073,10.04440938304833,2026-03-16T00:00:00.000000,9800336
2025-07-14T00:00:00.000000,Tanker,240.0,42.0,14.9,14.9,0.0,11.063832872928176,12.2,1.0782855043186292,10.9,11.2,11.6,0.0,0.962810773480663,110.38922099634866,1.3728936464088397,1.5621741859267932,1.7785359116022097,2,0.0,0.0,0.49136740331491713,0.0,0.5777180127979086,1.4797820780821689,57.18422561301796,10.160701342679559,16.145622022950022,0.0,0.0,0.0,0.0,0.0,28960,126204,5.714285578231296,0.06208333307465278,0.6491781147185277,4.35802341241065,2025-07-14T00:00:00.000000,9313486
2026-04-06T00:00:00.000000,Tanker,143.0,22.0,6.5,6.5,0.0,4.495522388059702,8.8,2.5633707389617446,0.0,0.2,6.6,0.6420918637954811,0.0,121.61742982736324,0.0,0.0,70.2836056009335,2,0.0,0.6428874509387928,0.35711254906120715,0.0,0.013713048530067287,0.10178027108795311,57.656082176249065,10.7236499491885,0.022906754727001655,0.0,0.0,1.0,0.0,0.0,18854,604489,6.499999704545468,0.045454545136681505,2.574733855290622,32.0632790537315,2026-04-06T00:00:00.000000,9553646
2025-09-01T00:00:00.000000,Tanker,245.0,42.0,15.0,15.0,0.0,11.528318250377072,12.7,1.0601862257985317,9.7,11.8,12.5,0.0,0.8865950226244343,26.905376860579405,1.2386689291101056,2.0948400110607683,3.5519607843137253,2,0.0,0.0,0.5828619909502263,0.0,0.3912227860286811,1.2383543611273706,54.80344426234917,12.868129581919305,6.178622920433979,0.0,0.0,0.0,0.0,0.0,10608,58195,5.833333194444448,0.06122448954602249,2.6410429515324942,5.4864711982652965,2025-09-01T00:00:00.000000,9368223
2026-02-09T00:00:00.000000,Tanker,180.0,32.0,8.0,7.0,1.0,12.069721102036668,14.0,1.1936418785139273,10.7,12.2,13.5,0.0,0.959300552373852,52.49340406903236,0.0,0.0,2.6030363617879293,1,0.0,0.0,1.0,0.0,0.8722292428749285,2.155502999111601,56.63025847216104,11.052515446372292,25.821479204499994,0.0,0.0,0.0,0.0,0.0,29509,156878,5.624999824218756,0.044444444197530866,2.3457602356627563,5.316456554154805,2026-02-09T00:00:00.000000,9561370
2025-07-07T00:00:00.000000,Tanker,214.0,34.0,12.0,9.0,3.0,13.132603686635946,14.3,1.3988913236456295,9.8,13.6,14.0,0.0,0.8591589861751152,149.56503144205476,0.0,0.0,2.3336117511520738,1,0.0,0.0,1.0,0.0,0.9638003514377506,0.23432494628655462,55.597325074884786,4.022667011232719,3.290201216949998,0.0,0.0,0.0,0.0,0.0,3472,486603,6.294117461937722,0.05607476609310857,3.0023754716549242,140.19101123595505,2025-07-07T00:00:00.000000,9817315
2025-07-07T00:00:00.000000,Tanker,100.0,15.0,5.0,5.0,0.0,12.874865262126407,13.2,0.18671645162490197,12.6,12.9,13.1,0.0,1.0,12.098203159142903,2.7108280254777073,2.922912419166224,2.4218520333170015,1,0.0,0.0,1.0,0.0,0.6375851865900358,0.14666019584750573,55.7236209745223,4.081971136697698,1.2174006507840023,0.0,0.0,0.0,0.0,0.0,2041,39631,6.666666222222252,0.0499999995,2.6778428885397045,19.426960784313724,2025-07-07T00:00:00.000000,9291561
2026-02-16T00:00:00.000000,Tanker,46.0,9.0,2.7,2.7,0.0,6.88585746663309,11.0,3.494515787344474,0.0,0.0,9.1,0.7277293798527491,0.004391693098152905,99.34155153543772,0.0,0.0,71.47540329525232,1,0.0,0.0,1.0,0.0,0.04498690632033765,0.30016178541685096,57.64881113299942,11.722519368514718,0.21587975395199918,0.0,0.0,0.0,0.0,0.0,69677,604389,5.11111054320994,0.05869565089792064,2.6040796349744255,8.67427808714622,2026-02-16T00:00:00.000000,9817963
2026-03-02T00:00:00.000000,Tanker,183.0,32.0,10.8,7.5,3.3000000000000007,8.850773101741,102.2,3.1730569118033176,6.2,9.6,12.0,0.003141277983220009,0.2916020517714422,57.36431508907584,0.0,0.0,2.771681756496729,1,0.0,0.0,1.0,0.0,0.8583022932673449,2.624032521597697,56.583900683725005,10.538351599864805,41.38502576021995,0.0,0.0,0.0,0.0,0.0,50298,234934,5.718749821289069,0.059016393120129004,1.827889739555284,4.6709346481897525,2026-03-02T00:00:00.000000,9381768
2026-04-20T00:00:00.000000,Tanker,183.0,32.0,7.8,6.7,1.0999999999999996,12.216096466629278,14.9,1.8279931516083923,9.2,13.1,13.9,0.0,0.8463264161525519,56.56984807626232,0.0,0.0,2.8407588765693084,1,0.0,0.0,1.0,0.0,1.2510709213169957,3.058592361435309,56.30183350862849,10.007574861663574,71.43006263594994,0.0,0.0,0.0,0.0,0.0,46358,228762,5.718749821289069,0.042622950586759835,2.5711241996396024,4.934788705049939,2026-04-20T00:00:00.000000,9385142
2026-05-11T00:00:00.000000,Tanker,100.0,18.0,5.8,4.6,1.2000000000000002,17.77248717174766,102.2,21.40888401596872,11.0,12.3,12.8,0.05302312998782632,0.861896388475585,74.9175048003046,1.221263357229812,2.635921349027328,11.680131128848348,2,0.0,0.06005681049641553,0.9399431895035845,0.0,0.522156001043623,0.9541505140407559,54.98330021628567,14.673689161098338,6.203838893055989,0.0,0.0,0.0,0.0,0.0,7393,604648,5.555555246913597,0.057999999420000004,0.08407724169929423,81.79761904761905,2026-05-11T00:00:00.000000,9719513
2026-06-22T00:00:00.000000,Tanker,244.0,42.0,15.0,15.0,0.0,10.717242627103312,13.4,4.877150017491998,0.2,9.6,12.6,0.2558076836665918,0.47908335205571784,106.4898245845421,0.0,0.0,30.330740657530143,3,0.0,0.0,0.6629371676776754,0.0,1.0449549562878517,2.8090572633114794,56.13117457868644,9.537556889358196,41.240518708429995,0.0,0.0,0.0,0.0,0.0,66765,417678,5.809523671201818,0.06147540958411717,2.5424679193912914,6.256036187166736,2026-06-22T00:00:00.000000,9288746
2025-08-11T00:00:00.000000,Tanker,129.0,21.0,6.1,6.1,0.0,,0.3,0.07221911180470118,0.0,0.0,0.2,1.0,0.0,87.64619114125362,0.0,0.0,115.35740181268879,1,0.0,1.0,0.0,0.0,0.001063167290186274,0.0008974871681385573,53.58502074622356,0.4176334410876133,8.589587000015636e-06,0.0,0.0,0.0,0.0,0.0,331,79980,6.1428568503401495,0.04728682133886185,2.7693116917465224,242.36363636363637,2025-08-11T00:00:00.000000,9488322
2025-08-18T00:00:00.000000,Tanker,147.0,22.0,9.1,6.5,2.5999999999999996,11.08066852788048,12.8,1.5993950011585931,9.5,11.3,12.3,0.009847181711664548,0.8085408720364969,97.16111489820914,1.9776157355470796,3.891067032550153,2.682970608032309,3,0.0,0.004911126068855483,0.9950639443571909,2.4929573953581132e-05,0.9555393453000144,0.9814959077540484,55.93048791987635,12.023124621120335,16.128849752400004,0.0,0.0,0.0,0.0,0.0,40113,372738,6.681817878099187,0.061904761483641074,1.7506608732119482,9.292431192660551,2025-08-18T00:00:00.000000,9747974
2026-01-05T00:00:00.000000,Tanker,162.0,23.0,6.7,6.7,0.0,14.053747161241484,16.9,4.609538003818298,5.7,15.3,16.5,0.03792851932895697,0.8300510576221736,32.843194212841475,3.493362509117432,4.988224791295118,5.061998541210795,1,0.0,0.0,1.0,0.0,0.058609647589008655,0.32314960648322755,53.9218292968636,8.664949368344272,0.1693102694789927,0.0,0.0,0.0,0.0,0.0,1371,15369,7.043477954631393,0.041358024436061576,2.3429674835279304,11.218248175182481,2026-01-05T00:00:00.000000,9580962
2025-08-18T00:00:00.000000,Tanker,156.0,24.0,8.0,6.2,1.7999999999999998,10.956979933995237,13.9,4.366899698659131,0.0,11.9,12.1,0.14884185256052196,0.6644997207135471,94.94089697119767,0.0,0.0,4.086268614144969,2,0.0,0.0,0.9818642073612778,0.018135792638722174,0.8636787217884275,1.3726744775862123,56.87273774400722,10.17210080915822,17.59111648211499,0.0,0.0,0.0,0.0,0.0,84143,363985,6.499999729166678,0.05128205095332019,2.770843862722901,4.325842028951059,2025-08-18T00:00:00.000000,9308558
2026-03-02T00:00:00.000000,Tanker,275.0,48.0,16.6,16.6,0.0,8.276326002587323,11.0,1.6010912591134585,6.5,7.7,10.9,0.0,0.24579560155239327,21.107370771497195,0.0,0.0,3.791332470892626,1,0.0,0.0,1.0,0.0,0.12416284291572065,0.19924538865168284,54.006911795601546,7.577228093143596,0.3600620106000062,0.0,0.0,0.0,0.0,0.0,773,24484,5.72916654730903,0.06036363614413224,2.7481239603496217,31.71502590673575,2026-03-02T00:00:00.000000,9390628
2026-03-16T00:00:00.000000,Tanker,250.0,44.0,15.0,8.9,6.1,11.827769258524265,16.2,1.3163383311295076,10.9,11.8,12.8,0.004419210833807712,0.97296042184738,112.53716193677019,0.967166012523594,1.9127988320278861,1.728252988584954,2,0.0,0.0,0.6975911555861821,0.0,0.7574274958762065,1.2441363710381854,55.42634148101987,11.843605558603228,17.432758681849993,0.0,0.0,0.0,0.0,0.0,66754,604592,5.681818052685954,0.05999999976,1.4433968165105822,9.057150989468639,2026-03-16T00:00:00.000000,9892444
2025-07-21T00:00:00.000000,Tanker,107.0,16.0,6.2,6.2,0.0,11.44736374407583,12.6,3.096189557816446,6.9,11.9,12.3,0.05954539115883419,0.8680797657230512,42.95750107531295,0.0,0.0,6.925662482566248,3,0.0,0.033189234416399385,0.9666713150188259,0.0,0.45445852586716706,1.0682720062825828,54.50188981745921,11.348033589457538,527.5418639148,0.0,0.0,0.0,0.0,0.0,7171,546448,6.6874995820312755,0.057943924692112854,1.7440786990217716,76.21311018131102,2025-07-21T00:00:00.000000,9418793
2025-09-01T00:00:00.000000,Tanker,82.0,12.0,5.5,3.8,1.7000000000000002,9.40484325136099,10.4,0.4277931221222785,9.1,9.4,9.8,0.0,0.03923409048244791,114.65341788431897,0.0,0.0,1.3941784037558684,1,0.0,0.0,1.0,0.0,0.3683751708673109,0.9310447629979539,54.302545853763846,15.44660998723484,4.653796674500014,0.0,0.0,0.0,0.0,0.0,5327,428208,6.8333327638889365,0.06707316991374183,1.6363011172928568,80.39954938039804,2025-09-01T00:00:00.000000,9131199
2026-06-29T00:00:00.000000,Tanker,276.0,46.0,9.4,9.4,0.0,3.8149838137814087,4.6,1.781189230518476,0.0,3.7,4.1,0.31992417860151645,0.0,68.02154476281018,0.0,0.0,33.02156098588583,3,0.0,0.3048652064026959,0.6949241786015165,0.0,0.48836575224564666,0.22561824814498596,57.75372911668071,10.879332008319293,369.93938224358504,0.0,0.0,1.0,0.0,0.0,9496,172680,5.999999869565221,0.03405797089109431,2.3018316234569483,18.18641390205371,2026-06-29T00:00:00.000000,9628300
2026-03-02T00:00:00.000000,Tanker,186.0,32.0,11.2,10.9,0.29999999999999893,11.879631116207952,13.7,1.5924942145462477,10.9,12.4,13.1,0.0,0.9323012232415903,126.27866119131586,0.0,0.0,2.1523126911314985,1,0.0,0.0,1.0,0.0,1.0924453587289953,1.5786330799242128,55.865693615997706,11.245334290749236,36.736598401460974,0.0,0.0,0.0,0.0,0.0,52320,217308,5.812499818359381,0.060215053439704014,1.3814798185292185,4.153519753817925,2026-03-02T00:00:00.000000,9325611
2025-12-01T00:00:00.000000,Tanker,249.0,44.0,13.6,13.6,0.0,12.12472398795584,12.3,0.13381301426931225,12.0,12.1,12.3,0.0,1.0,12.138858062122013,0.7959183673469389,1.2292549255743248,0.9634325861492132,1,0.0,0.0,1.0,0.0,0.49007198208937747,0.10917447207306366,56.021898526597525,5.25319718969555,0.8684941343399987,0.0,0.0,0.0,0.0,0.0,2989,32595,5.65909078047521,0.05461847367623103,2.2419176469530675,10.90863453815261,2025-12-01T00:00:00.000000,9814428
2025-12-08T00:00:00.000000,Tanker,183.0,32.0,7.5,7.0,0.5,12.52173518055871,14.6,1.1049034995233553,12.0,12.6,13.5,0.0,0.9520327049738815,47.23999050873562,0.0,0.0,4.54203043379514,2,0.0,0.0,0.9320917556211674,0.0,0.9510396250566159,1.8629564336225883,56.62921292441517,11.626201495389505,27.025499187725995,0.0,0.0,0.0,0.0,0.0,22015,152768,5.718749821289069,0.04098360633342292,1.3575833935395185,6.939583901153811,2025-12-08T00:00:00.000000,9332171
2026-04-20T00:00:00.000000,Tanker,144.0,24.0,9.1,9.1,0.0,11.68239608801956,12.8,0.6778593248590626,10.9,11.7,12.5,0.0,1.0,3.995108531796503,0.0,0.0,1.1344743276283618,1,0.0,0.0,1.0,0.0,0.25386007632442503,0.3477703743016224,51.28925925183374,1.7606051271393643,0.8756605200000048,1.0,0.0,0.0,0.0,0.0,409,19745,5.99999975000001,0.06319444400559414,2.3603682666228676,48.39460784313726,2026-04-20T00:00:00.000000,9407093
2025-12-08T00:00:00.000000,Tanker,118.0,18.0,5.8,5.8,0.0,8.95,13.4,5.359911519768381,0.0,5.1,13.2,0.21352313167259787,0.48398576512455516,84.49950420102242,2.2316725978647685,2.7375485082975524,40.73060498220641,1,0.0,0.0,1.0,0.0,0.06758811543592763,0.06428775934450771,53.711683686832735,9.460802163701068,0.03872200919499963,0.0,0.0,0.0,0.0,0.0,281,7074,6.555555191358045,0.04915254195633439,2.462726761176769,25.264285714285716,2025-12-08T00:00:00.000000,9191668
2026-02-09T00:00:00.000000,Tanker,144.0,23.0,6.2,6.2,0.0,12.771519654841804,14.8,1.010972683443355,12.0,12.6,14.3,0.0,0.9651965484180249,86.51462287120799,0.0,0.0,1.6377756471716207,1,0.0,0.0,1.0,0.0,1.0323061742943969,1.3974292523695817,56.720492391706614,11.612344739069991,20.013453683975033,0.0,0.0,0.0,0.0,0.0,20860,95407,6.260869293005682,0.043055555256558645,2.275034491665747,4.573900954024642,2026-02-09T00:00:00.000000,9395989
2026-02-23T00:00:00.000000,Tanker,88.0,12.0,4.5,3.5,1.0,7.379374256078898,11.8,2.4378715335255547,3.7,7.7,8.7,0.06785885358454415,0.05444675075842248,90.4542167477022,0.0,0.0,5.911080951620629,2,0.0,0.0,0.9599233594124221,0.04007664058757784,0.934928710336827,0.2968125623072741,56.08593948794507,7.995980832029379,3.6940671534750003,0.0,0.0,1.0,0.0,0.0,6263,217539,7.3333327222222735,0.051136363055268606,2.050968593000716,34.73954008304056,2026-02-23T00:00:00.000000,9350460
2026-03-02T00:00:00.000000,Tanker,80.0,14.0,3.8,3.8,0.0,10.819343065693431,11.4,0.46977307962853815,10.3,11.0,11.2,0.0,0.9635036496350365,62.19788545571004,0.0,0.0,1.118978102189781,1,0.0,0.0,1.0,0.0,0.3410038835705331,0.38162335300813527,58.34772751094891,9.32307698540146,1.618437132032002,0.0,0.0,0.0,0.0,0.0,274,31237,5.714285306122479,0.04749999940625001,1.9158145138864422,114.42124542124542,2026-03-02T00:00:00.000000,9201906
2025-07-28T00:00:00.000000,Tanker,207.0,32.0,7.8,7.8,0.0,9.545546218487395,10.9,0.2811602048353532,9.2,9.5,9.9,0.0,0.036414565826330535,4.357676403738329,1.3554061624649858,1.2063570244656836,3.257366946778711,1,0.0,0.0,1.0,0.0,0.007899972823612825,0.3280411081008221,57.77531154229692,8.34960536694678,0.04285830202499707,0.0,0.0,0.0,0.0,0.0,1785,20056,6.46874979785157,0.03768115923825527,2.4896749194467214,11.242152466367713,2025-07-28T00:00:00.000000,9513438
2025-06-16T00:00:00.000000,Tanker,180.0,27.0,7.5,7.5,0.0,18.58644578313253,19.4,0.46519010188148796,17.9,18.6,19.3,0.0,1.0,16.538720405445826,0.0,0.0,2.0021084337349397,1,0.0,0.0,1.0,0.0,0.12858625093688583,0.15001190349417629,59.29717232831325,-1.7261686807228915,0.248129829485997,0.0,0.0,0.0,0.0,0.0,332,6353,6.666666419753096,0.041666666435185185,3.009515862056764,19.19335347432024,2025-06-16T00:00:00.000000,9744960
2026-06-15T00:00:00.000000,Tanker,249.0,44.0,14.9,14.9,0.0,11.268724299065422,12.8,1.4235627354022529,9.8,11.7,12.3,0.0,0.8948598130841121,112.55136944569226,0.9827219626168224,2.5303659354652,1.4573411214953271,2,0.0,0.0,0.12331775700934579,0.0,1.161189867650116,1.9822118106330306,56.18097083679906,10.86487749478972,34.16209885108094,1.0,0.0,0.0,0.0,0.0,42800,217569,5.65909078047521,0.05983935718940017,1.756156003295196,5.083506623986541,2026-06-15T00:00:00.000000,9607722
2026-03-02T00:00:00.000000,Tanker,160.0,26.0,7.6,6.7,0.8999999999999995,9.78814044213264,14.3,4.608384805995661,0.0,0.1,11.5,0.763873230615057,0.1529500187899286,118.00857103581245,1.267924764890282,2.9264213571105593,83.34518495297806,3,0.0,0.6726794438181135,0.32631842665664534,0.0,1.0523647550999917,0.4230867906484422,57.9069294818364,11.20819170719028,378.739959275216,0.0,0.0,0.0,0.0,0.0,15966,603734,6.153845917159773,0.047499999703125004,2.4954507899573257,37.816097713748825,2026-03-02T00:00:00.000000,9755658
2026-05-04T00:00:00.000000,Tanker,116.0,15.0,6.4,5.0,1.4000000000000004,10.933965551906708,102.2,5.2914211027482505,5.7,10.5,11.9,0.07693995611410333,0.7064631956912029,95.81696193528896,2.8009216406000634,5.156455275636512,10.803765647233508,4,0.0,0.06068222621184919,0.9278675443846001,0.011410333133851985,0.4219655159866422,1.8582866892574152,55.72760248035109,12.818002558727313,745.73479907388,0.0,0.0,0.0,0.47610213445042887,0.0,50130,576555,7.7333328177778125,0.0551724133174792,1.1717076958914039,11.501426320094158,2026-05-04T00:00:00.000000,9393345
2025-12-15T00:00:00.000000,Tanker,160.0,26.0,7.5,7.0,0.5,12.457416826093043,16.5,4.347690046450566,2.5,13.4,14.8,0.08766316867161505,0.7640559679208259,106.94916500475966,1.2862469072604727,3.100964633174077,11.487752751471715,2,0.0,0.0013650712396553195,0.9986349287603447,0.0,0.9255026669028725,1.1858396177576356,56.43998469110997,12.321198757699857,13.337341024949984,0.0,0.0,0.0,0.0,0.0,23442,96840,6.153845917159773,0.046874999707031254,2.829087869535178,4.131223070688111,2025-12-15T00:00:00.000000,9755646
2025-09-08T00:00:00.000000,Tanker,86.0,11.0,4.4,3.3,1.1000000000000005,9.0555462361082,10.9,2.431544969239431,6.6,9.7,10.2,0.05437711402855013,0.22954766955225592,74.24518563802843,5.795648684285959,14.397679709181526,10.044169580920713,4,0.0,0.004385713466720174,0.9651722754113398,0.030126698389038583,0.41728876545738397,1.1421945992439246,54.63005958702632,12.142990500515968,12.296423946339022,0.0,0.0,0.0,1.0,0.0,34886,570773,7.818181107438082,0.05116279010275826,1.4805395602395508,16.36155940948832,2025-09-08T00:00:00.000000,7004342
2026-03-30T00:00:00.000000,Tanker,333.0,60.0,21.0,21.0,0.0,11.873913043478261,12.1,0.09949216768662512,11.7,11.9,12.0,0.0,1.0,10.456407417280998,3.113526570048309,2.8542781087954374,1.9874396135265704,1,0.0,0.0,1.0,0.0,0.08015889494236772,0.026209080360922527,55.424811212560385,5.660901091787439,0.037098037344000065,0.0,0.0,0.0,0.0,0.0,207,6738,5.549999907500002,0.0630630628736845,3.015282425672831,32.70873786407767,2026-03-30T00:00:00.000000,9501174
2025-07-21T00:00:00.000000,Tanker,55.0,13.0,4.2,4.0,0.20000000000000018,7.944171318162301,11.5,3.8973755712673586,0.0,7.6,9.2,0.3206772052050356,0.003938716952364818,95.98583602804999,0.0,0.0,17.02016196556596,2,0.0,0.04003303440024564,0.9599669655997544,0.0,0.7866392468610017,0.7054634361709204,56.719676528846854,11.343721837009115,4.432048010225006,0.0,0.0,0.0,0.0,0.0,94447,602294,4.230768905325469,0.07636363497520664,2.3605622479041894,6.377125553226183,2025-07-21T00:00:00.000000,8412235
2025-08-11T00:00:00.000000,Tanker,274.0,48.0,15.0,15.0,0.0,11.500156756011851,13.9,1.7413689517573843,9.4,12.1,12.7,0.0,0.8787638668779715,109.49718724475223,0.9759043616068354,1.7887951340430113,1.7677323778681182,2,0.0,0.0,0.46873492730655275,0.0,1.2170759912363103,1.78033871622686,56.0963700993592,11.208091817715154,52.319512062647966,0.0,0.0,0.0,0.0,0.0,58052,250144,5.708333214409725,0.05474452534764772,1.8950596894529224,4.30903860398615,2025-08-11T00:00:00.000000,9800271
2026-01-12T00:00:00.000000,Tanker,144.0,23.0,8.1,7.9,0.1999999999999993,11.172541183351205,12.5,0.9494513531700625,10.8,11.3,11.8,0.0,0.9546739448289306,25.160615338751946,2.176908080709621,3.4270855171375922,1.4834389316697532,1,0.0,0.0,1.0,0.0,0.38535246895656694,1.8343011528466477,54.74203433141631,12.17172421912467,14.148653594655052,0.0,0.0,0.0,0.0,0.0,10259,134783,6.260869293005682,0.056249999609375004,1.053238739849522,13.139305907584324,2026-01-12T00:00:00.000000,9322700
2026-02-23T00:00:00.000000,Tanker,275.0,48.0,9.5,9.5,0.0,12.186893474623536,13.3,5.829150027949635,0.0,0.0,12.8,0.6593476329483438,0.3201548419850235,98.17387855283042,0.653978931336464,1.5490947209876935,59.523251681685494,2,0.0,0.6606802893768244,0.3393197106231755,0.0,0.08359189153220019,0.6290736949393848,57.70029918371621,10.319752491306003,0.595617969600002,0.0,0.0,0.0,0.0,0.0,15758,604598,5.72916654730903,0.03454545441983471,2.19586007269781,38.37012121596751,2026-02-23T00:00:00.000000,9935648
2025-06-09T00:00:00.000000,Tanker,176.0,31.0,10.5,10.5,0.0,10.584813753581662,11.4,0.2985761921616716,10.3,10.5,11.1,0.0,0.9952244508118434,5.595349688046991,0.0,0.0,2.4242597898758356,1,0.0,0.0,1.0,0.0,0.41685372164367157,0.5157851722293358,56.26217880229226,6.963616632282712,2.2760872220799935,1.0,0.0,0.0,0.0,0.0,1047,33675,5.6774191716961555,0.059659090570118804,2.679374114975334,32.19407265774379,2025-06-09T00:00:00.000000,9239642
2025-06-16T00:00:00.000000,Tanker,120.0,24.0,8.4,8.2,0.20000000000000107,3.1882681564245807,8.5,1.4216261023116221,0.0,0.0,1.6,0.869495042656214,0.0,126.88287411382575,0.0,0.0,90.98162182936204,4,0.0,0.7256936438398278,0.2587810314349397,0.015448466682038276,0.292128070535982,0.09399598808391951,57.6832828609638,10.608210289293675,354.667374651304,0.0,0.0,0.0,0.0,0.0,13011,604460,4.999999791666675,0.06999999941666668,1.125470946212503,46.461183704842426,2025-06-16T00:00:00.000000,9152820
2026-02-09T00:00:00.000000,Tanker,274.0,48.0,14.3,14.3,0.0,11.140260647919751,13.2,1.3809735893250095,9.1,11.3,12.6,0.0,0.8455846077947706,137.0075345963152,0.0,0.0,1.6034944910376587,2,0.0,0.0,0.323466535109357,0.0,1.056969047070254,1.1852891913544554,56.254941975127444,10.680081781368196,20.801168989500002,0.0,0.0,0.0,0.0,0.0,24324,152540,5.708333214409725,0.052189780831424164,2.534441999914513,6.271430333429264,2026-02-09T00:00:00.000000,9207027
2026-01-05T00:00:00.000000,Tanker,100.0,17.0,6.1,6.1,0.0,11.247410408226862,13.0,1.8867659157792367,7.5,12.0,12.5,0.0,0.8316609535680898,36.52830410951503,0.0,0.0,1.9458148956061074,1,0.0,0.0,1.0,0.0,0.6494014844505502,1.2971196591889103,57.052218578061705,11.279655389841071,9.170936257956008,0.0,0.0,0.0,1.0,0.0,16045,72586,5.882352595155729,0.060999999390000004,2.650035867273513,4.524183495387684,2026-01-05T00:00:00.000000,9711470
2026-04-27T00:00:00.000000,Tanker,150.0,23.0,9.2,7.0,2.1999999999999993,10.169929909226703,12.6,2.3489923784983415,9.7,10.3,10.7,0.044481054365733116,0.8060406370126304,30.50531237792762,0.0,0.0,5.5050961010433825,2,0.0,0.04217462932454695,0.957825370675453,0.0,0.2138918207901707,1.3907476293144794,57.983333574629306,9.16670602800659,3.270956717717987,0.0,0.0,0.0,0.0,0.0,9105,197857,6.521738846880919,0.06133333292444444,0.4257142694200685,21.732974516695958,2026-04-27T00:00:00.000000,9739824
2025-12-01T00:00:00.000000,Tanker,183.0,32.0,11.0,11.0,0.0,11.977514792899408,12.1,0.05948970564296442,11.9,12.0,12.0,0.0,1.0,0.7979625011757224,0.0,0.0,1.2473372781065093,1,0.0,0.0,1.0,0.0,0.0272100514440732,0.019573620524548384,56.35856999408284,7.30954379289941,0.006602372500000282,0.0,0.0,0.0,0.0,0.0,169,1849,5.718749821289069,0.060109289289020276,1.6809348438418799,11.005952380952381,2025-12-01T00:00:00.000000,9629574
2025-11-10T00:00:00.000000,Tanker,100.0,17.0,6.7,6.7,0.0,9.03194409148666,12.5,0.47847267698190743,8.4,9.1,9.6,0.0,0.008640406607369758,6.601989457140706,0.0,0.0,2.228818297331639,1,0.0,0.0,1.0,0.0,0.4106687281033457,0.536333943244761,57.64209239110546,8.2774855158831,4.547024648890003,0.0,0.0,0.0,0.0,0.0,3935,53445,5.882352595155729,0.06699999933,2.507974958140435,13.58540925266904,2025-11-10T00:00:00.000000,9685499
2025-12-22T00:00:00.000000,Tanker,156.0,24.0,8.7,6.7,1.9999999999999991,10.945832822499572,14.0,4.843530265548332,0.1,11.0,12.8,0.1989186395531437,0.7282485538791819,71.74079642630629,0.0,0.0,12.901305981274975,3,0.0,0.08698590653388197,0.8433021249527899,0.06971196851332817,1.0030210755041524,1.0685579359685538,56.81343747108752,10.851124293537676,14.234264200940025,0.0,0.0,0.0,0.0,0.0,50307,604623,6.499999729166678,0.0557692304117357,2.6220538907912356,12.018904305649425,2025-12-22T00:00:00.000000,9308558
2026-06-22T00:00:00.000000,Tanker,105.0,17.0,4.5,4.5,0.0,12.296968367481243,53.4,1.6787172910863561,11.1,12.5,13.1,0.005663500914873225,0.9538642502396096,23.89057502829335,0.0,0.0,1.6324605044950677,1,0.0,0.0,1.0,0.0,0.34210680320781794,2.958889358309895,54.43512918306177,11.722551774418404,16.181350921639986,0.0,0.0,0.0,0.0,0.0,22954,170425,6.1764702249135155,0.0428571424489796,1.1913851243651676,7.4249553435280795,2026-06-22T00:00:00.000000,9418925
2026-03-30T00:00:00.000000,Tanker,95.0,14.0,5.1,5.1,0.0,7.6688983653162754,10.5,4.192872763086618,0.0,4.8,10.0,0.38370541670372676,0.09428088588455039,87.50110475861945,0.0,0.0,33.96984522326988,4,0.0,0.2557146669038513,0.6608556435115183,0.08334074535266388,0.4692870119423348,0.6030629091901358,55.58935511491596,7.8411418968246895,300.34190007344995,0.0,0.0,0.0,0.0,0.0,11243,455222,6.785713801020443,0.05368420996121884,2.3849990638970295,40.49297278064402,2026-03-30T00:00:00.000000,9344265
2025-09-22T00:00:00.000000,Tanker,109.0,17.0,5.0,5.0,0.0,12.31152030217186,12.8,0.19781283355867887,12.1,12.3,12.6,0.0,1.0,2.0468032155926883,0.0,0.0,1.5877242681775263,1,0.0,0.0,1.0,0.0,0.17989706731176863,0.030874609601281376,55.6147639197356,5.333656796978282,0.07360072081600029,0.0,0.0,0.0,0.0,0.0,1059,11341,6.4117643287197446,0.04587155921218753,2.527629089457394,10.719281663516067,2025-09-22T00:00:00.000000,9479802
2025-12-15T00:00:00.000000,Tanker,250.0,44.0,9.0,9.0,0.0,12.02365514344313,13.8,2.829964632678434,9.8,12.3,13.1,0.043557512487276,0.8857088748431693,125.38913234249976,0.8969793811992519,2.0581569433666282,5.195364912529887,2,0.0,0.03887034538266695,0.961129654617333,0.0,1.1693518598084356,1.2178302470349727,55.9950151876524,11.481409082830291,31.702857102375017,0.0,0.0,0.0,0.0,0.0,42243,250497,5.681818052685954,0.035999999856,1.1660918994541636,5.930045925855783,2025-12-15T00:00:00.000000,9953494
2025-06-30T00:00:00.000000,Tanker,120.0,17.0,6.8,6.8,0.0,12.10168660968661,13.2,1.9549871877345972,11.7,12.4,13.0,0.01384511481314723,0.9335884736605132,28.728595918347814,0.0,0.0,2.161188653759568,1,0.0,0.0,1.0,0.0,0.23872707215678557,1.3282974815850677,54.630730732552905,11.917549419968482,6.1921659176500095,0.0,0.0,0.0,0.0,0.0,8884,76280,7.058823114186875,0.05666666619444445,0.664965654603988,8.587189012720927,2025-06-30T00:00:00.000000,9268277
2025-10-06T00:00:00.000000,Tanker,170.0,26.0,7.0,6.7,0.2999999999999998,11.948308808842134,16.2,2.128221041698152,9.3,12.3,14.4,0.0,0.8003861775084893,50.49813633425103,0.0,0.0,2.3690558625740725,1,0.0,0.0,1.0,0.0,1.0027225113082827,2.105449110214346,56.67593276310007,11.125823765463746,32.08307005182296,0.0,0.0,0.0,0.0,0.0,30038,169649,6.538461286982258,0.04117647034602076,2.3963664975157406,5.648000799014548,2025-10-06T00:00:00.000000,9457749
2025-12-22T00:00:00.000000,Tanker,228.0,32.0,8.2,7.0,1.1999999999999993,13.100672617764824,15.7,3.528584923556072,8.0,14.0,14.4,0.039931956469587596,0.8665299980372059,56.02111721120987,0.0,0.0,5.664602098008855,2,0.0,0.035144919634484115,0.9648550803655159,0.0,0.8010013252238509,2.0589054334754344,57.01068278061414,10.535769687196039,39.74391071249996,0.0,0.0,0.0,0.0,0.0,91706,211376,7.124999777343757,0.03596491212296091,1.8137577314682893,2.304956109263399,2025-12-22T00:00:00.000000,9389863
2025-12-22T00:00:00.000000,Tanker,249.0,44.0,8.4,6.8,1.6000000000000005,10.003476096816923,13.3,2.657446117748879,5.8,10.5,12.5,0.0,0.5613133705294424,36.26969805867082,0.0,0.0,2.4430217155701843,1,0.0,0.0,1.0,0.0,0.5713103765942382,0.7557494765596717,56.06280591915867,12.66278795239433,8.282246945199986,0.0,0.0,0.0,0.0,0.0,24913,82064,5.65909078047521,0.033734939623554464,2.521216680193269,3.294155427103404,2025-12-22T00:00:00.000000,9274800
2026-03-09T00:00:00.000000,Tanker,127.0,19.0,8.9,8.9,0.0,11.233651437432899,14.3,1.2513174603125146,10.7,11.4,12.2,0.0,0.9314088035309555,29.272744848399736,1.451604437552189,2.187367364361918,1.2652868901347962,2,0.0,0.0,0.94297984015269,0.057020159847310035,0.23339498589842173,1.3549084659788309,54.62123777704878,11.798306982225935,6.076866530259021,0.0,0.0,0.0,0.0,0.0,8383,79583,6.684210174515254,0.07007873960567922,1.198735611736582,9.49451204963016,2026-03-09T00:00:00.000000,9406582
2026-03-09T00:00:00.000000,Tanker,180.0,29.0,10.2,10.0,0.1999999999999993,14.437870967741937,15.1,4.76681833678502,0.0,14.6,14.8,0.12124645892351275,0.8725212464589235,50.092934315379914,1.391950113378685,1.5718752040734434,12.864795918367347,3,0.0,0.11841359773371105,0.8810198300283286,0.0,1.037340361735424,0.5570008751943509,55.26092435070822,6.626173373937677,336.93403478844,0.0,0.0,0.0,0.0,0.0,1765,327973,6.206896337693229,0.05666666635185185,3.104795662338203,185.92573696145124,2026-03-09T00:00:00.000000,9914632
2026-01-19T00:00:00.000000,Tanker,183.0,32.0,11.5,11.2,0.3000000000000007,11.314910119907982,66.8,2.889908137646996,7.4,12.5,13.3,0.012839605554437512,0.7330448782451198,115.30795279758641,0.0,0.0,4.333902193600322,3,0.0,0.011793117327430066,0.6846045481988328,0.0,1.1080612724346928,2.1211196552848928,56.16112730271684,11.417602619843025,44.09939383584,0.0,0.0,0.0,0.0,0.0,49690,308644,5.718749821289069,0.06284152971124847,2.0415866793666257,6.211515627201192,2026-01-19T00:00:00.000000,9828144
2025-09-01T00:00:00.000000,Tanker,110.0,18.0,6.6,5.2,1.3999999999999995,12.498630238412558,14.2,0.7188468623480516,11.8,12.4,13.5,0.0,0.9918554716422331,69.00941859066866,1.6361913223752407,2.8234584793554913,1.8200725603435508,1,0.0,0.0,1.0,0.0,0.5606101032549278,0.7703004072706112,58.23979155227306,9.518376671405301,8.409873515679992,0.0,0.0,0.21464534281060269,0.0,0.0,13506,156546,6.111110771604957,0.059999999454545455,2.3648953958729217,11.591706775268419,2025-09-01T00:00:00.000000,9909247
2025-09-08T00:00:00.000000,Tanker,183.0,32.0,12.2,12.2,0.0,11.888744121715076,13.6,0.9516493016588063,11.0,12.1,12.8,0.0,0.9363485477178424,121.33192113259219,0.0,0.0,2.5833333333333335,2,0.0,0.0,0.8154356846473029,0.0,1.1491083210936905,1.5088792977208438,56.134564729322264,11.119509884564316,30.20876372556804,0.0,0.0,0.0,0.0,0.0,36150,173004,5.718749821289069,0.06666666630236794,1.8914510896097543,4.785858529973167,2025-09-08T00:00:00.000000,9381756
2025-08-04T00:00:00.000000,Tanker,143.0,22.0,8.5,6.9,1.5999999999999996,11.062343704565281,102.2,7.862403079282241,0.1,8.9,12.9,0.37036370183651424,0.4728123874684912,105.12288946949481,0.0,0.0,43.47504669406052,3,0.0,0.3541591645660785,0.6433201296362981,0.0025207057976233344,0.2787932585873119,1.0846630502662349,55.92015638980915,15.421209628015843,8.854881413759992,0.0,0.0,0.0,1.0,0.0,5554,394545,6.499999704545468,0.0594405590248912,1.628000783339097,71.05078336034576,2025-08-04T00:00:00.000000,9553660
2025-09-29T00:00:00.000000,Tanker,145.0,23.0,9.0,9.0,0.0,7.071394037066882,9.7,1.8154210584901729,4.9,6.4,9.2,0.0,0.0,144.66768852419906,0.0,0.0,4.021756647864625,1,0.0,0.0,1.0,0.0,0.09191018264136366,0.08385584193686249,55.310206970991125,5.2262754786462535,0.10788017500000122,0.0,0.0,0.0,0.0,0.0,1241,14079,6.304347551984889,0.06206896508917955,2.3685952144793085,11.354032258064516,2025-09-29T00:00:00.000000,9348297
2025-11-17T00:00:00.000000,Tanker,250.0,44.0,15.0,14.8,0.1999999999999993,11.668294184921264,13.4,1.416733673367469,9.4,12.1,12.9,0.0,0.8699744875516847,63.17265814826736,1.1152928066625614,2.3589842911027126,1.28342863845635,2,0.0,0.0,0.29403829799712616,0.0,1.126928173960288,1.4184868946217268,56.101344889680654,11.20705681188235,28.78106741735395,0.0,0.0,0.0,0.0,0.0,34101,172245,5.681818052685954,0.05999999976,2.4704696410660794,5.051173020527859,2025-11-17T00:00:00.000000,9893022
2025-06-02T00:00:00.000000,Tanker,250.0,42.0,14.7,14.7,0.0,11.224280466286771,83.3,3.465444270396446,9.0,11.2,12.5,0.0,0.8259523878395186,122.59563609369907,1.2161262329698304,2.543096172704659,2.0617367157444106,2,0.0,0.0,0.19678343119956032,0.0,1.1369521976809092,1.508340675233686,56.105247577420386,11.350328164993783,36.384341660160054,1.0,0.0,0.0,0.0,0.0,34571,220097,5.9523808106576,0.0587999997648,1.0099712235823597,6.366705235753543,2025-06-02T00:00:00.000000,9979993
2025-11-10T00:00:00.000000,Tanker,184.0,28.0,7.0,7.0,0.0,11.56236396890718,13.4,1.9961166719226473,8.0,12.4,12.9,0.0,0.8407407407407408,47.30709637064399,0.0,0.0,1.7260905349794236,1,0.0,0.0,1.0,0.0,0.9103899311335183,1.7976825436020352,56.648556392318234,11.587612842706903,26.496938731188056,0.0,0.0,0.0,0.0,0.0,21870,159806,6.571428336734702,0.03804347805411153,2.4547651017388934,7.30742146417303,2025-11-10T00:00:00.000000,9353096
2026-03-30T00:00:00.000000,Tanker,183.0,32.0,11.7,11.7,0.0,9.97718839822315,11.0,0.6291030603359163,9.1,10.0,10.7,0.0,0.46877449699503526,13.777250304774117,0.0,0.0,1.596759864123334,1,0.0,0.0,1.0,0.0,0.2754531799907469,0.753835879306723,55.34068369636792,14.582143099033186,2.3222497203840073,0.0,0.0,0.0,0.0,0.0,3827,39872,5.718749821289069,0.06393442588013974,2.5432994330789467,10.421327757449033,2026-03-30T00:00:00.000000,9290646
2025-07-28T00:00:00.000000,Tanker,80.0,14.0,4.1,3.7,0.39999999999999947,11.009376947040499,17.8,1.712560022167061,8.0,11.6,12.2,0.0008300477277443454,0.81707823199834,109.20422873931783,0.0,0.0,3.554907657190288,2,0.0,0.0,0.9991699522722557,0.0008300477277443454,0.8434252935622343,1.8749775341931922,56.741397252749536,6.600907902261881,27.048098062169963,0.0,0.0,0.0,0.0,0.0,9638,448527,5.714285306122479,0.051249999359375006,2.4524673548188978,46.54218117671474,2025-07-28T00:00:00.000000,9201906
2026-06-29T00:00:00.000000,Tanker,68.0,12.0,3.7,3.2,0.5,8.965403747870527,10.8,2.2539283559362797,5.6,9.9,10.4,0.0183160013418316,0.4314659510231466,97.0645594947523,0.0,0.0,3.0248708487084874,2,0.0,0.0,0.9972492452197249,0.0027507547802750757,0.13899126310111531,0.7259862035677455,54.45609580409259,11.018296455954378,1.3732091057549964,1.0,0.0,0.0,0.0,0.0,14905,170822,5.666666194444484,0.05441176390570936,2.129614216771264,11.461486849168008,2026-06-29T00:00:00.000000,9212345
2025-12-08T00:00:00.000000,Tanker,183.0,32.0,11.0,9.9,1.0999999999999996,9.901423450021088,13.2,4.158275284554844,1.2,11.2,13.0,0.06714115070674896,0.673103722874776,97.99891150624266,0.0,0.0,9.237157789945245,3,0.0,0.0,0.9737706549870595,0.026129802906629505,0.43602758965202737,1.3088060102960084,57.61178237248655,10.262988273989649,410.71639908231504,0.0,0.0,0.0,0.0,0.0,20092,227921,5.718749821289069,0.060109289289020276,2.8377142817154644,11.344432830620676,2025-12-08T00:00:00.000000,9629574
2026-06-15T00:00:00.000000,Tanker,115.0,16.0,6.5,5.6,0.9000000000000004,11.23248031496063,13.3,3.323082426944338,5.0,12.1,13.0,0.02995169082125604,0.8386473429951691,102.87511915898223,4.059227053140096,7.715343010989021,10.070241545893719,1,0.0,0.0,1.0,0.0,0.069283559180842,0.5093915921753783,58.02694012753623,7.702115571980675,0.4609904866560003,0.0,0.0,0.0,0.0,0.0,1035,73999,7.187499550781277,0.0565217386389414,2.4074026956814047,71.56576402321083,2026-06-15T00:00:00.000000,9817183
2026-02-23T00:00:00.000000,Tanker,144.0,24.0,9.0,5.6,3.4000000000000004,5.016305980754395,12.9,2.706266796906252,0.0,4.8,5.3,0.2917363372348852,0.026636158291530994,70.27877323177916,0.0,0.0,9.040664722596082,4,0.0,0.015576872304849072,0.7355745255067617,0.24881926721229722,0.6550402631156026,0.4129928662828424,56.504474720379015,12.343172434627007,450.9461319726299,0.0,0.0,0.0,0.0,0.0,34089,604492,5.99999975000001,0.06249999956597223,1.9584166822140985,17.733278573104904,2026-02-23T00:00:00.000000,9362152
2025-08-25T00:00:00.000000,Tanker,183.0,32.0,8.4,8.4,0.0,11.563763608087092,13.9,2.3453325424631903,8.0,13.1,13.8,0.0,0.6578538102643857,95.45556129730136,0.0,0.0,2.6964230171073096,1,0.0,0.0,1.0,0.0,0.16747467725607013,0.12241940036015177,53.535585510108874,3.0249804774494558,0.2342896176720001,0.0,0.0,0.0,0.0,0.0,1286,14566,5.718749821289069,0.04590163909343367,2.4729957999528462,11.335408560311285,2025-08-25T00:00:00.000000,9753674
2025-06-16T00:00:00.000000,Tanker,88.0,12.0,4.5,3.5,1.0,8.023747174076865,8.7,0.4488582193995015,7.2,8.2,8.4,0.0,0.0,68.00250583674324,0.0,0.0,3.9405519969856813,1,0.0,0.0,1.0,0.0,0.6013554766588626,0.5263068808284231,56.66549267464205,7.221178926714392,6.651379077428005,0.0,0.0,1.0,0.0,0.0,10616,226538,7.3333327222222735,0.051136363055268606,2.6734440290775345,21.341309467734337,2025-06-16T00:00:00.000000,9350460
2026-01-26T00:00:00.000000,Tanker,257.0,43.0,9.1,9.1,0.0,11.955312710154674,13.4,0.4473531152013011,11.5,12.0,12.4,0.0,0.9993275050437121,173.35068925346465,5.19364492266308,3.927730502266162,5.865601882985877,1,0.0,0.0,1.0,0.0,0.4576892186474217,0.041247643237290244,55.8938244852051,4.869290829186282,0.24778001957400003,0.0,0.0,0.0,0.0,0.0,2974,30188,5.976744047052464,0.03540856017350755,2.0118290397195007,10.15405314497141,2026-01-26T00:00:00.000000,9649225
2026-05-18T00:00:00.000000,Tanker,130.0,22.0,7.2,6.3,0.9000000000000004,10.49016988529113,13.1,2.0249512603807394,5.6,11.2,11.7,0.0,0.8597357339915783,95.75656881716988,1.3049077972992593,2.1559539413222644,3.0356530582594803,1,0.0,0.0,1.0,0.0,0.3393733799365426,0.6461212154946842,58.257260377958474,9.057110323217657,4.683139917959982,0.0,0.0,1.0,0.0,0.0,6887,393103,5.909090640495879,0.05538461495857989,3.012416697099345,57.087278536160326,2026-05-18T00:00:00.000000,9954230
2026-03-16T00:00:00.000000,Tanker,147.0,22.0,9.1,9.1,0.0,13.583704548230791,16.1,1.4387341532920264,12.0,13.9,15.4,0.0,0.9950323710248788,60.369257030347065,1.7064864204568593,3.908819865195421,1.521336373630848,1,0.0,0.0,1.0,0.0,0.7165802371016088,1.211425089051264,55.37589611775724,11.782571278594405,12.440697992370009,0.0,0.0,0.0,0.0,0.0,24559,91283,6.681817878099187,0.061904761483641074,2.3631868535500278,3.717037218014496,2026-03-16T00:00:00.000000,9722390
2025-09-29T00:00:00.000000,Tanker,113.0,20.0,6.5,6.5,0.0,,0.2,0.038346221024740355,0.0,0.0,0.0,1.0,0.0,10.034287273307159,1.0739130434782609,0.9924756591419307,112.78478260869565,1,0.0,1.0,0.0,0.0,0.00016664660092905825,0.0008843878972594045,54.03731207246377,8.198716724637679,2.6043400000008255e-06,0.0,0.0,0.0,0.0,0.0,138,33126,5.649999717500013,0.05752212338475997,0.0,241.79562043795622,2025-09-29T00:00:00.000000,9623996
2026-03-23T00:00:00.000000,Tanker,250.0,44.0,13.0,13.0,0.0,5.527455815865187,11.1,2.5116665964502465,0.0,0.0,4.9,0.8404142137740265,0.01702248386410384,86.03515378751912,0.8235832328533941,2.7833825919841657,77.43800269522661,3,0.0,0.7976452230654656,0.2015745797574296,0.0007801971771047592,0.023925316192898317,0.05750907383236107,54.226763541314995,11.961045714802468,0.02532315469500047,0.0,0.0,0.0,0.0,0.0,14099,533975,5.681818052685954,0.051999999792,1.9508950973151051,37.87593984962406,2026-03-23T00:00:00.000000,9935155
2026-06-29T00:00:00.000000,Tanker,147.0,22.0,6.9,6.9,0.0,12.263002742230348,14.3,1.6238170195132402,11.5,12.1,13.4,0.00800725185073274,0.9557334944855719,106.26013128226032,0.0,0.0,2.2715030605304927,2,0.0,0.007176310620939719,0.9928236893790603,0.0,0.7350572683043802,1.1153700726327296,56.015953056277375,13.056931540036258,11.192401824614995,0.0,0.0,0.0,0.0,0.0,13238,102161,6.681817878099187,0.046938775190892686,1.1700818547201177,7.7178363677570445,2026-06-29T00:00:00.000000,9909649
2026-06-08T00:00:00.000000,Tanker,84.0,15.0,5.5,5.2,0.2999999999999998,11.652074054457472,14.2,2.7344901907546313,10.5,11.9,12.6,0.04486395421291916,0.908379681982876,101.62834201990516,,,5.934388774780181,3,0.0,0.036740439869839145,0.9622902771687706,0.0009692829613902287,1.0709292819233125,1.163595060142024,56.19778085649997,12.696159371489232,25.220923516799992,0.0,0.0,0.0,0.0,0.0,43331,603360,5.599999626666692,0.06547618969671203,0.7679673670553926,13.924763443341796,2026-06-08T00:00:00.000000,9356919
2025-11-03T00:00:00.000000,Tanker,70.0,14.0,6.2,3.6,2.6,7.535683401393226,13.0,3.1977463615600503,0.4,7.6,10.0,0.10962340520491866,0.08887760284408329,58.72680582359506,0.0,0.0,12.877346323144641,4,0.0,0.005263400895701556,0.9589393169890884,0.03575111193191437,1.1915291191007578,0.31833928840396997,56.34353018340335,11.02012008362959,449.24387095056,0.0,0.0,0.0,0.0,0.0,64977,588074,4.999999642857168,0.08857142730612247,3.002113336219454,9.050634080275794,2025-11-03T00:00:00.000000,9333917
2025-09-01T00:00:00.000000,Tanker,100.0,17.0,6.5,6.5,0.0,10.409678624813154,10.8,0.22536311187369992,10.0,10.4,10.7,0.0,0.8949925261584455,18.00084457499971,0.0,0.0,1.742040358744395,1,0.0,0.0,1.0,0.0,0.20308419772053599,0.6016366877293673,55.47938874738415,14.758448529521672,1.6548977418749988,0.0,1.0,0.0,0.0,0.0,2676,32492,5.882352595155729,0.06499999935,3.1060846120534844,12.146542056074766,2025-09-01T00:00:00.000000,9140815
2026-03-23T00:00:00.000000,Tanker,129.0,20.0,7.5,6.2,1.2999999999999998,8.845272969374168,14.9,3.2805854083907504,3.5,8.0,11.6,0.07483479192712984,0.3096981603857832,57.2201566123513,2.9114663332737987,4.11066033360127,11.022593320235758,2,0.0,0.06626183247008394,0.933738167529916,0.0,0.4357342019554586,0.8670188061221332,58.065970882479014,10.758110790676906,4.873263966834982,0.0,0.2552241471691373,0.0,0.0,0.0,5599,250579,6.449999677500016,0.058139534433026864,2.469070767129512,44.76223651304037,2026-03-23T00:00:00.000000,9854478
2025-06-02T00:00:00.000000,Tanker,25.0,9.0,2.0,2.0,0.0,20.14580943275972,102.2,12.130509341517365,0.0,0.1,0.2,0.9182060923110458,0.014767587597406135,105.47345783706584,0.0,0.0,84.71395868230039,1,0.0,0.0,1.0,0.0,0.5781965575339487,5.021359197502355,55.494766122881586,7.877061902117051,936.0284513406201,0.0,0.0,0.0,0.0,0.0,73404,604628,2.777777469135837,0.07999999680000013,0.016487352499547244,8.237102025802761,2025-06-02T00:00:00.000000,8661020
2025-06-16T00:00:00.000000,Tanker,333.0,60.0,14.9,11.2,3.700000000000001,13.151303357569235,88.0,2.881779625738995,11.2,12.7,15.6,0.0,0.9347468831473724,94.3708518372683,1.2057135090385638,2.419335846750623,2.0383686443329285,2,0.0,0.0,0.721973038761414,0.0,1.0799040956616779,2.0781770605870435,55.51724560009144,11.593466308546786,51.540359837264944,0.0,0.0,0.0,0.0,0.0,80931,588690,5.549999907500002,0.04474474461037614,1.5268337779429957,7.274064005931051,2025-06-16T00:00:00.000000,9739513
2026-02-23T00:00:00.000000,Tanker,228.0,32.0,7.6,7.6,0.0,14.586123680241327,14.8,0.10140401434664842,14.4,14.6,14.7,0.0,1.0,4.247323827682857,0.41500754147812974,1.0444214250725758,0.6885369532428349,1,0.0,0.0,1.0,0.0,0.058391281525257174,0.27711624809129026,55.56884753016592,15.400141374811463,0.21510282751999443,0.0,0.0,0.0,0.0,0.0,1326,9439,7.124999777343757,0.0333333331871345,2.95843358371276,7.123773584905661,2026-02-23T00:00:00.000000,9577123
2025-07-14T00:00:00.000000,Tanker,277.0,50.0,8.8,8.8,0.0,12.609780947529291,13.8,0.2944025947089716,12.2,12.6,12.8,0.0,1.0,5.335288816746796,0.19322465613856346,0.4271255463894816,1.4054508405501789,1,0.0,0.0,1.0,0.0,0.35128392037136463,0.3740800268286183,56.90098165817626,7.336246173713704,3.7486233187200027,0.0,0.0,0.0,0.0,0.0,1963,37274,5.539999889200002,0.0317689529539027,2.0380185934656225,18.99796126401631,2025-07-14T00:00:00.000000,9304605
2025-06-30T00:00:00.000000,Tanker,144.0,22.0,6.4,6.4,0.0,10.311554063129616,12.9,3.7088033669873215,0.9,10.9,12.0,0.10321878324550335,0.7677082560182092,97.34084868818957,0.0,0.0,15.494411044310842,2,0.0,0.06892797941562137,0.9310720205843787,0.0,0.8543399739978093,1.1639960111548209,56.5161597612509,11.709693925530074,15.461754414527993,0.0,0.0,0.0,0.0,0.0,40419,311211,6.545454247933898,0.04444444413580247,2.9928782706370085,7.699811964966104,2025-06-30T00:00:00.000000,9435703
2025-10-06T00:00:00.000000,Tanker,99.0,16.0,5.0,5.0,0.0,8.823169191919192,11.8,4.1168624688682325,0.0,8.4,10.9,0.2526813210151853,0.19894870978018478,140.76037651155022,0.0,0.0,33.17449678687132,3,0.0,0.0,0.7708930657321865,0.22884145693957736,0.6915872985172093,0.2976949780037235,55.21991089582669,10.732199631198897,406.89823083415,0.0,1.0,0.0,0.0,0.0,18834,380567,6.187499613281274,0.050505049994898486,2.6476467054168595,20.207454999203527,2025-10-06T00:00:00.000000,9803429
2026-04-13T00:00:00.000000,Tanker,250.0,44.0,13.5,8.8,4.699999999999999,10.812134500009966,14.6,4.128174447261989,0.1,11.1,13.4,0.11848946780003904,0.660414189632837,112.00415602301044,1.2272520763824806,3.5210125094028646,12.616131894654647,5,0.0,0.030292275203634363,0.8082021614523256,0.02690280562900392,0.8055313687822596,1.6079867828187389,56.67132840093344,10.490358433976327,433.207317776625,0.0,0.0,0.0,0.0,0.0,56351,438266,5.681818052685954,0.053999999784000004,3.2217622942409636,7.777568766637089,2026-04-13T00:00:00.000000,9886720
2025-06-30T00:00:00.000000,Tanker,299.0,50.0,10.8,10.8,0.0,17.389214046822744,17.8,0.15949224431509182,17.2,17.4,17.7,0.0,1.0,170.36986691757045,0.9421822742474918,1.3034480875708985,0.9418478260869559,1,0.0,0.0,1.0,0.0,0.36460406116072225,0.04482855061597844,55.989818799749166,4.431080533026756,0.17309343786000053,0.0,0.0,0.0,1.0,0.0,2392,16658,5.979999880400003,0.036120401216988625,3.1349290193897463,6.966959431200334,2025-06-30T00:00:00.000000,9768382
2026-05-04T00:00:00.000000,Tanker,80.0,14.0,6.1,3.6,2.4999999999999996,9.629557331693821,12.4,2.623841527472163,5.2,10.4,11.4,0.031218289261624784,0.6354235062376887,121.49162140322017,0.0,0.0,5.795268011699397,3,0.0,0.000477526413179729,0.9897331821166359,0.009789291470184444,0.9668960667734874,1.7560594514635834,55.80296572427327,12.406887645720168,25.157309077529995,0.0,0.0,0.0,0.0,0.0,67012,601966,5.714285306122479,0.07624999904687502,2.3629466841415763,8.983092328125233,2026-05-04T00:00:00.000000,9390458
2025-12-22T00:00:00.000000,Tanker,183.0,27.0,11.1,11.1,0.0,11.602693271295633,13.3,1.3726872839465531,10.0,12.2,12.7,0.0009832841691248771,0.8908554572271387,20.994778967517547,0.0,0.0,1.245409850719585,2,0.0,0.0,0.998390989541432,0.0,1.0982869592042657,3.186494878992152,55.63278300473763,10.728852710914454,37.95460156687496,0.0,0.0,0.0,0.0,0.0,11187,222913,6.77777752674898,0.06065573737346591,1.9669432831737685,19.92785624888253,2025-12-22T00:00:00.000000,9340116
2025-12-29T00:00:00.000000,Tanker,100.0,18.0,6.0,5.2,0.7999999999999998,11.115883158375171,13.2,4.091048625900349,0.1,11.0,12.8,0.13323326858555537,0.738742715874978,117.81309001412697,0.0,0.0,13.213402790040615,3,0.0,0.11464771322620519,0.8760815822002472,0.009270704573547589,1.044311572042286,1.1368021057830437,55.999754382438645,12.924329403231505,13.180584330599991,0.0,0.0,0.0,0.0,0.0,22652,604490,5.555555246913597,0.05999999940000001,3.1043378011345957,26.687121981369476,2025-12-29T00:00:00.000000,9363522
2025-08-04T00:00:00.000000,Tanker,228.0,42.0,8.2,8.2,0.0,5.367774076755974,11.2,2.6753766494063385,0.5,5.2,8.4,0.14704070632924388,0.035778450798213644,71.10185970757303,2.3376745379876795,4.303096152502368,19.004114476386036,3,0.0,0.1325907294286741,0.8673579385041835,0.0,0.49589142758689847,2.3415862352277137,57.486020684359126,9.348272769544684,408.88054035895505,0.0,0.0,0.0,0.0,0.0,38962,502809,5.4285712993197315,0.03596491212296091,2.9528541519187006,12.905443905443905,2025-08-04T00:00:00.000000,9792046
2026-01-26T00:00:00.000000,Tanker,250.0,44.0,14.5,8.6,5.9,11.67949028837696,14.6,2.31270550003017,7.7,12.8,13.8,0.0,0.7400803556569907,125.30248772756416,0.9406651926871599,2.3691026433228117,3.2234267646149823,2,0.0,0.0,0.9416351662981718,0.0,1.2020498188704747,1.6720730076738606,56.11719406670945,11.53159528968452,29.26438174348999,0.0,0.0,0.0,0.0,0.0,42063,431540,5.681818052685954,0.057999999768,2.637602307046062,10.259616756217014,2026-01-26T00:00:00.000000,9941702
2025-12-08T00:00:00.000000,Tanker,250.0,44.0,14.3,14.3,0.0,9.65554962646745,10.6,0.6217826034219462,8.6,9.8,10.4,0.0,0.3409818569903949,1.8805900152200683,0.0,0.0,3.6982924226254,1,0.0,0.0,1.0,0.0,0.24476697424896315,0.03614576712141317,56.15876403255069,3.6889916995731054,0.11261456015999959,0.0,0.0,0.0,0.0,0.0,1874,19857,5.681818052685954,0.0571999997712,2.894897823123376,10.601708489054992,2025-12-08T00:00:00.000000,9683051
2025-07-21T00:00:00.000000,Tanker,129.0,20.0,8.4,6.2,2.2,12.380122850122849,14.7,0.5894992649075095,11.8,12.4,13.0,0.0,0.9982800982800982,60.84797693306173,0.0,0.0,1.4553439803439803,1,0.0,0.0,1.0,0.0,1.018302858577833,1.1570490311285702,57.08497345978706,10.344784128214577,24.190017757150013,0.0,0.7212121212121212,0.0,0.0,0.0,24420,600194,6.449999677500016,0.0651162785649901,2.0356224949080812,24.57897538801753,2025-07-21T00:00:00.000000,9854466
2025-09-22T00:00:00.000000,Tanker,299.0,46.0,11.5,9.2,2.3000000000000007,13.451043614218081,16.3,1.8443544300323458,11.5,13.6,15.5,0.0,0.9464033850493653,110.2500917953116,1.7818009862127029,3.516613529606911,2.5150949585069045,1,0.0,0.0,1.0,0.0,1.1394815446895439,1.295614736749591,56.128359507987,10.786288747356798,30.71021284732002,0.0,0.0,0.0,0.0,0.0,91461,455876,6.499999858695656,0.038461538332904555,2.1687793658784353,4.984430352066477,2025-09-22T00:00:00.000000,9917579
2026-04-13T00:00:00.000000,Tanker,244.0,42.0,8.9,8.9,0.0,12.518116572422793,13.2,0.3229328057406573,11.9,12.6,12.8,0.0,1.0,10.94147712149732,0.5435624184428012,1.1236985266755093,4.631622444541105,1,0.0,0.0,1.0,0.0,0.3412296296145093,0.6454284759420668,57.20922632318399,8.310103155284907,6.159814301495985,0.0,0.0,0.0,0.0,0.0,4598,47956,5.809523671201818,0.03647540968657619,2.7869488545363854,10.432020883184686,2026-04-13T00:00:00.000000,9389095
2025-11-17T00:00:00.000000,Tanker,228.0,42.0,15.0,15.0,0.0,10.713790679510545,12.9,1.1509305938789092,9.2,10.8,12.1,0.0,0.7282478521218433,125.64098847948075,0.0,0.0,1.5768810205675605,2,0.0,0.0,0.11851080447800053,0.0,1.124565197744342,1.602555001454078,56.01214073420984,11.090023925436084,35.81786438339998,0.0,0.0,0.0,0.0,0.0,38410,225359,5.4285712993197315,0.0657894733956602,2.5196979693869737,5.8673487984586945,2025-11-17T00:00:00.000000,9380673
2026-03-16T00:00:00.000000,Tanker,245.0,42.0,15.0,15.0,0.0,12.951584399756246,13.8,0.6840849302146664,12.6,13.0,13.6,0.0,1.0,12.326549441338516,0.43077391834247414,0.9912650865852094,0.8944241316270561,1,0.0,0.0,1.0,0.0,0.28256559307489,0.7901994803924066,55.27863148659355,14.382371822364412,2.393419747260007,0.0,0.0,0.0,0.0,0.0,3282,31091,5.833333194444448,0.06122448954602249,1.4618046590816443,9.476074367570863,2026-03-16T00:00:00.000000,9388807
2026-05-11T00:00:00.000000,Tanker,185.0,28.0,6.6,6.6,0.0,11.229795918367348,13.4,1.3192032024398415,9.4,11.2,13.1,0.0,0.763265306122449,13.452544399468534,1.5167346938775508,1.8033227389005178,3.7865306122448983,1,0.0,0.0,1.0,0.0,0.03554765525688359,0.17402113975043695,53.86477119183674,8.94054606122449,0.09658728177000053,0.0,1.0,0.0,0.0,0.0,245,8872,6.607142621173478,0.035675675482834186,2.8047212047664223,36.36065573770492,2026-05-11T00:00:00.000000,9937971
2026-01-26T00:00:00.000000,Tanker,135.0,23.0,8.4,8.2,0.20000000000000107,9.92723220845374,11.3,0.8900386693178337,8.5,10.2,10.8,0.0,0.5537542244208258,62.210351702892325,0.0,0.0,3.3990400156732132,1,0.0,0.0,1.0,0.0,0.6279269074018099,1.571096093312726,57.126902443992755,10.392791971004554,15.744312144349998,0.0,0.0,0.0,0.0,0.0,20417,130158,5.869564962192827,0.06222222176131688,2.584154481297248,6.375293887147335,2026-01-26T00:00:00.000000,9772278
2026-02-23T00:00:00.000000,Tanker,250.0,44.0,14.9,14.9,0.0,10.516899212081418,12.3,1.0724771720765458,9.3,10.7,11.5,0.0,0.8077396585686146,123.16894762251312,0.0,0.0,2.261346848325673,2,0.0,0.0,0.5014363099146422,0.0,1.1640470215936547,1.456425085088407,56.001297390142796,11.274334868803349,33.33583550787201,0.0,0.0,0.0,0.0,0.0,24368,221250,5.681818052685954,0.059599999761600006,2.0513238005957097,9.079903147699758,2026-02-23T00:00:00.000000,9282053
2025-07-28T00:00:00.000000,Tanker,244.0,41.0,15.0,15.0,0.0,11.407586077944279,13.3,1.763837766299962,9.5,11.8,12.7,0.0,0.8758981756016775,120.2636171918611,1.1706413441247963,2.5225133424654285,1.2222545745959665,2,0.0,0.0,0.2907284237519032,0.0,1.1648099194654429,1.6136621954778332,56.06984276485829,11.072883582071213,34.74377687584997,0.0,0.0,0.0,0.0,0.0,37437,218554,5.95121936704343,0.06147540958411717,1.814224781277883,5.838070306656694,2025-07-28T00:00:00.000000,9297321
2025-11-03T00:00:00.000000,Tanker,96.0,16.0,5.6,4.8,0.7999999999999998,11.884113300492611,12.6,0.22804875800662322,11.6,11.9,12.2,0.0,1.0,141.14920006556483,0.0,0.0,1.8702791461412154,1,0.0,0.0,1.0,0.0,0.3294257215645602,0.06156505785525394,55.51502405541871,5.6009438111658465,0.4966627804800004,0.0,0.7955665024630542,0.0,0.0,0.0,2436,416418,5.999999625000023,0.05833333272569445,2.631004765120487,171.0135523613963,2025-11-03T00:00:00.000000,9148960
2025-09-29T00:00:00.000000,Tanker,107.0,18.0,6.2,6.1,0.10000000000000053,9.231205479452056,15.4,1.68416882815366,7.1,9.6,11.3,0.002054231717337716,0.24363188167625308,26.889111954328364,0.0,0.0,1.464585045193098,1,0.0,0.0,1.0,0.0,0.08386498568496115,0.6124895551865491,54.514554056148995,11.162066999452204,2.7920649842510175,1.0,0.0,0.0,0.0,0.0,7302,76507,5.944444114197549,0.057943924692112854,2.493810261762273,10.478975482810574,2025-09-29T00:00:00.000000,9819052
2026-01-26T00:00:00.000000,Tanker,183.0,32.0,7.5,7.5,0.0,10.940184612627146,13.2,1.3638665086259998,9.2,11.2,12.5,0.0,0.7716538961329927,63.01129742752977,0.0,0.0,4.099977595554958,1,0.0,0.0,1.0,0.0,0.696641647917081,1.3418229998546742,56.97693248303983,10.129929266523277,14.034027679609983,0.0,0.0,0.0,0.0,0.0,22317,122971,5.718749821289069,0.04098360633342292,2.419589864212337,5.510440939236422,2026-01-26T00:00:00.000000,9392470
2026-02-23T00:00:00.000000,Tanker,183.0,32.0,7.4,6.7,0.7000000000000002,12.730531239558971,15.3,2.5148490851585947,8.4,13.7,14.3,0.0,0.8672903441363181,54.85242347831043,0.0,0.0,2.120200467758102,1,0.0,0.0,1.0,0.0,0.8864619072115223,2.022130240374202,56.63777551293017,11.291048415937185,22.70517364458001,0.0,0.0,0.0,0.0,0.0,29930,125793,5.718749821289069,0.04043715824897728,2.34606429815395,4.203047211734438,2026-02-23T00:00:00.000000,9794422
2025-06-16T00:00:00.000000,Tanker,290.0,46.0,11.3,11.0,0.3000000000000007,11.132920901458242,14.7,5.104028359376184,0.6,12.6,14.5,0.12876220849113015,0.6250747458640622,69.42492754583287,1.1786525812238389,2.632588662226492,16.053976479968107,2,0.0,0.0,0.9962128762208491,0.003787123779150887,0.2992215418261361,1.843246680239762,53.72785789376121,5.830010697229421,5.757030786669023,0.0,0.0,0.0,0.0,0.0,5017,123473,6.30434768903592,0.038965517107015464,2.723338566708178,24.615829346092504,2025-06-16T00:00:00.000000,9948695
2026-04-20T00:00:00.000000,Tanker,149.0,23.0,8.3,8.3,0.0,11.094644271906196,12.5,0.373843483692831,10.7,11.1,11.5,0.0,1.0,5.936752041551727,0.0,0.0,1.840373950245603,1,0.0,0.0,1.0,0.0,0.4588059323058088,0.5303656607557893,53.78668985343052,0.6362547433053399,3.151787691712001,0.0,0.0,0.0,0.0,0.0,6311,38716,6.478260587901714,0.05570469761272016,2.139927255573256,6.135657686212362,2026-04-20T00:00:00.000000,9983968
2025-07-07T00:00:00.000000,Tug,33.0,10.0,4.0,4.0,0.0,4.6421052631578945,8.7,0.5639634631006054,0.0,0.0,0.0,0.9878794036956932,0.0,66.77002003729736,0.0,0.0,51.59254253527669,1,0.0,0.0,1.0,0.0,0.0022217346155720546,0.0033915782619399286,56.66236648276262,12.856848876065088,0.002701178480000199,0.0,0.0,0.0,0.0,0.0,68891,603686,3.2999996700000334,0.12121211753902675,0.0,8.763042531572072,2025-07-07T00:00:00.000000,9251963
2025-12-01T00:00:00.000000,Tug,33.0,13.0,5.3,5.3,0.0,4.31404958677686,11.5,3.1806854368728175,0.0,1.1,8.2,0.4773033157959134,0.033157959133733025,102.34070164680998,0.0,0.0,52.38077205432522,3,0.0,0.0,0.9032790896855499,0.09665973326807782,0.009210344413596732,0.05678715838756246,57.68246958430198,11.83131326654839,0.018888911019999635,0.0,0.0,0.0,0.0,0.0,16346,604606,2.5384613431952814,0.16060605573921044,2.578059850521469,36.990272254512085,2025-12-01T00:00:00.000000,9548342
2025-11-03T00:00:00.000000,Tug,33.0,9.0,7.5,4.9,2.5999999999999996,7.324219901527268,14.3,3.5499747851690064,0.0,0.0,9.3,0.7144405799719952,0.0009846876552689822,89.28579316249342,1.4411518135417136,5.906674668259117,53.38119878946655,1,0.0,0.0,1.0,0.0,0.3098667156555387,1.0948704204639659,55.72141009294909,10.280987507213515,6.616622823210036,0.0,0.0,0.0,0.0,0.0,110695,561282,3.666666259259305,0.22727272038567517,2.619736179286994,5.0705729307821565,2025-11-03T00:00:00.000000,8802064
2025-08-11T00:00:00.000000,Tug,24.0,11.0,5.5,5.5,0.0,4.669387755102041,9.3,3.0271336296397466,0.0,2.0,8.1,0.39215686274509803,0.0,94.39279379795808,0.0,0.0,46.574509803921565,1,0.0,0.0,1.0,0.0,0.012308943224438675,0.009742222656851237,53.51528554248366,9.940366352941176,0.0036940337500000362,0.0,0.0,0.0,0.0,0.0,153,132194,2.1818179834710927,0.22916665711805595,2.6757977397800654,869.6973684210526,2025-08-11T00:00:00.000000,9763253
2026-04-06T00:00:00.000000,Tug,24.0,8.0,2.6,2.6,0.0,5.9368539889613645,10.4,2.790809429004867,0.0,0.0,5.9,0.7514193453071907,0.013380891074481331,83.19125605746899,0.0,0.0,40.19926341782572,1,0.0,0.0,1.0,0.0,0.13213259327108567,0.13575012062938338,54.56692462484961,10.019044747198246,0.16221122135000035,0.0,0.0,0.0,0.0,0.0,47381,604633,2.999999625000047,0.10833332881944463,2.114081249905531,12.761355002110594,2026-04-06T00:00:00.000000,6609705
2025-12-15T00:00:00.000000,Tug,37.0,13.0,2.5,2.5,0.0,3.2687269088669955,7.5,1.6485060018143927,0.0,0.0,3.0,0.8337909587978826,0.0,90.42401979276427,0.0,0.0,71.36523873235534,3,0.0,0.0,0.5570396512023549,0.05965484225768929,0.02450314819688619,0.005602876327808058,54.61399912968341,11.37296944642617,0.002268166007999873,0.0,0.0,0.0,0.0,0.0,126377,604487,2.846153627218952,0.06756756574141715,1.8198284852282196,4.783242071279357,2025-12-15T00:00:00.000000,9951226
2026-02-23T00:00:00.000000,Tug,25.0,7.0,2.8,2.8,0.0,6.703084415584416,11.8,4.086326616873257,0.0,4.8,11.1,0.3306264501160093,0.13805104408352667,93.40685740215737,0.0,0.0,22.336842105263162,3,0.0,0.0,0.902262180974478,0.09744779582366589,0.6228819736970451,0.2388520555104524,54.464563291183296,8.87208922012761,331.301715845856,0.0,0.0,0.0,0.0,0.0,3448,79292,3.571428061224563,0.11199999552000017,2.7163754453181626,23.003191180736874,2026-02-23T00:00:00.000000,8865652
2026-06-08T00:00:00.000000,Tug,19.0,7.0,3.6,3.6,0.0,5.480800340570456,10.3,2.8867434690895317,0.0,0.0,5.8,0.8009028044563965,0.031310026892047635,103.47909639172637,0.0,0.0,56.71905219648179,2,0.0,0.0,0.439684978870534,0.560315021129466,0.007522255184154656,0.027049194462120268,57.05123303246254,10.044290196696119,0.004446510687999666,0.0,0.0,0.0,0.0,0.0,10412,604433,2.7142853265306677,0.18947367423822767,2.0091837230848832,58.05715109019307,2026-06-08T00:00:00.000000,8977065
2025-12-29T00:00:00.000000,Tug,19.0,7.0,2.9,2.9,0.0,,0.0,0.0,0.0,0.0,0.0,1.0,0.0,6.963958073107949e-16,,,,1,0.0,0.0,0.0,1.0,3.067804125792867e-05,4.251658939452899e-05,55.70466166486595,9.555278615446179,1.668700000013009e-07,0.0,0.0,0.0,0.0,0.0,4998,604462,2.7142853265306677,0.15263157091412782,0.0,120.96497898739244,2025-12-29T00:00:00.000000,9553579
2025-06-16T00:00:00.000000,Tug,30.0,13.0,,,,7.911192567677889,12.4,2.806457719205441,0.8,8.4,9.0,0.10534879902070551,0.0034335020227805393,106.85949046197472,0.0,0.0,16.192895636466776,2,0.0,0.0,0.9882215952348963,0.011778404765103678,0.4373043066165284,0.5789713725893774,57.45176596399302,11.441813233672205,4.018302510105,0.0,0.0,0.0,0.0,0.0,66987,586257,2.3076921301775286,,2.921831682000142,8.751933239781447,2025-06-16T00:00:00.000000,9898929
2025-09-08T00:00:00.000000,Tug,20.0,7.0,2.4,2.4,0.0,8.02895647160565,10.1,3.450319637347139,0.0,7.6,9.3,0.21441952881067272,5.676979846721544e-05,114.51020782014818,0.0,0.0,18.27382047351388,2,0.0,0.0,0.41379506102753333,0.0,0.18518593150814133,0.987610751489106,55.536556544024975,13.681809831450467,5.27750895779999,0.0,0.0,0.0,0.0,0.0,17615,604550,2.85714244897965,0.11999999400000029,2.6954016676984915,34.322130123765184,2025-09-08T00:00:00.000000,9192313
2026-01-26T00:00:00.000000,Tug,24.0,10.0,2.5,2.5,0.0,2.724775371925173,8.7,2.3286917398385616,0.0,0.7,7.3,0.6206626232619549,0.0,100.85460158886653,0.0,0.0,74.10164759149792,4,0.0,0.0,0.21438296818913233,0.06114618145810125,0.26350223413773904,0.1308483791031065,57.1651751581879,12.197140834261665,415.207334468,0.0,0.0,0.0,0.0,0.0,24237,601200,2.399999760000024,0.10416666232638906,3.1348060115934735,24.80607360950652,2026-01-26T00:00:00.000000,9651151
2025-09-01T00:00:00.000000,Tug,27.0,8.0,5.0,5.0,0.0,,0.0,0.0,0.0,0.0,0.0,1.0,0.0,100.4508032095291,0.0,0.0,76.98985507246377,1,0.0,0.0,1.0,0.0,1.150782209265101e-05,2.3126296956420932e-05,53.65271978985506,9.510836760869564,8.774999999921794e-09,0.0,0.0,0.0,0.0,0.0,138,22045,3.374999578125053,0.18518517832647488,0.0,160.91240875912408,2025-09-01T00:00:00.000000,7720441
2026-04-20T00:00:00.000000,Tug,25.0,7.0,,,,0.9333333333333332,1.3,0.016496387816243796,0.0,0.0,0.0,0.999960306434327,0.0,113.60130099478597,0.0,0.0,81.88294764418688,1,0.0,0.0,1.0,0.0,5.794481376486354e-05,0.00021646212052389992,57.72062233977693,11.980324882745204,4.7615200000261997e-07,0.0,0.0,0.0,0.0,0.0,25193,600846,3.571428061224563,,0.0,23.85066687837409,2026-04-20T00:00:00.000000,5367673
2025-11-03T00:00:00.000000,Tug,24.0,8.0,3.9,3.9,0.0,,0.4,0.06625952966222456,0.0,0.0,0.1,1.0,0.0,,,,,1,0.0,0.0,0.0,1.0,2.259500192004279e-05,3.573472833261923e-05,58.034199672727276,12.14836027272727,2.3400000000466468e-08,0.0,0.0,0.0,0.0,0.0,110,239455,2.999999625000047,0.16249999322916694,1.5091940935239831,2196.8348623853212,2025-11-03T00:00:00.000000,8026361
2025-09-08T00:00:00.000000,Tug,24.0,12.0,,,,5.661903181451804,10.7,3.321139243373861,0.0,3.9,7.9,0.3610134600158353,0.005637371338083928,112.53910031809588,0.0,0.0,32.64865078862355,3,0.0,0.0,0.8438638163103721,0.156104513064133,0.2507023660650966,0.14279898630234103,55.82715372186857,12.72606853922407,460.61898682328103,0.0,0.0,0.0,0.0,0.0,31575,604625,1.9999998333333473,,2.3787011150045845,19.149458415151706,2025-09-08T00:00:00.000000,1037311
2025-11-17T00:00:00.000000,Tug,62.0,14.0,5.5,5.5,0.0,4.1106040851803565,12.1,3.353249731028989,0.0,0.4,8.5,0.8063380281690141,0.09218950064020487,104.20520074055993,15.917419871794873,14.64329330656143,69.26613782051281,3,0.0,0.778809218950064,0.21991037131882202,0.0,1.3145141306551635,0.4281649008770289,54.29225764260564,11.872664022887326,444.359623364745,0.0,0.0,0.0,0.0,0.0,6248,604345,4.428571112244921,0.08870967598855362,2.5348536932672685,96.74163598527294,2025-11-17T00:00:00.000000,9556026
2025-06-02T00:00:00.000000,Tug,32.0,9.0,3.0,3.0,0.0,3.1021004425035263,11.7,2.0244823838597013,0.0,0.2,2.8,0.8112684857321392,0.013497188085815456,101.65606580830361,0.0,0.0,67.1381071651739,3,0.0,0.0038794001249739638,0.9714434492813997,0.024677150593626327,0.0018978504052467923,0.013628596102299625,54.63395115391585,11.355340392470316,0.0003940296549999893,0.0,0.0,0.0,0.0,0.0,192040,604388,3.5555551604938715,0.0937499970703126,1.3830688966494586,3.147214888642411,2025-06-02T00:00:00.000000,9487029
2025-11-03T00:00:00.000000,Tug,29.0,9.0,5.0,5.0,0.0,9.507834757834758,10.0,0.5786371641074018,9.3,9.7,9.8,0.0,0.0,10.215238481635687,0.0,0.0,1.106054131054131,1,0.0,0.0,1.0,0.0,0.19704121521970844,0.6629507948481755,54.66350282763533,16.275469054843306,2.0105272744200007,0.0,0.0,0.0,0.0,0.0,1404,39314,3.222221864197571,0.17241378715814526,0.8640978611759771,28.021382751247327,2025-11-03T00:00:00.000000,9051727
2026-06-22T00:00:00.000000,Tug,18.0,9.0,4.0,4.0,0.0,,0.3,0.03626364150101864,0.0,0.0,0.1,0.9917942437232088,0.0,104.94521398204392,0.0,0.0,90.2316785170137,2,0.0,0.0,0.0,0.9995101041028781,0.7392911674414212,0.22049769311180184,57.60890860440907,9.959078292957749,332.87203343056507,0.0,0.0,0.0,0.0,0.0,8165,604476,1.9999997777778027,0.2222222098765439,2.7575069230228317,74.04164625183734,2026-06-22T00:00:00.000000,9873864
2025-12-01T00:00:00.000000,Tug,24.0,8.0,,,,6.6938932853939255,12.0,3.8963571613066277,0.0,0.1,9.6,0.5916951979633044,0.05041460163925268,102.33079386687218,0.0,0.0,57.488314863493635,1,0.0,0.0,1.0,0.0,0.025817964693313197,0.07728532855564817,57.70813210616036,10.635575856625248,0.07917697821600157,0.0,0.0,0.0,0.0,0.0,125301,604610,2.999999625000047,,2.463839206399003,4.825299281723863,2025-12-01T00:00:00.000000,9905849
2025-09-08T00:00:00.000000,Tug,32.0,12.0,6.0,6.0,0.0,2.566666666666667,8.8,0.7250779728667088,0.0,0.0,0.1,0.9695121951219512,0.0,50.860120570365744,0.0,0.0,11.687804878048773,1,0.0,0.0,1.0,0.0,0.002880242768995722,0.003132420281816449,53.55825762195121,8.560318987804877,0.0008312415260001776,0.0,0.0,0.0,0.0,0.0,164,73477,2.666666444444463,0.1874999941406252,0.13791601155476202,450.77914110429447,2025-09-08T00:00:00.000000,9691369
2026-06-29T00:00:00.000000,Tug,32.0,12.0,5.0,5.0,0.0,4.451851851851852,10.5,3.1420150773807993,0.0,1.2,7.8,0.47124463519313303,0.0015021459227467812,97.39370863688194,0.0,0.0,56.73196650923143,2,0.0,0.0,0.9987124463519313,0.0012875536480686696,0.006030549956326991,0.04029285457268302,57.68357501309014,11.821457153648067,0.0036941947680004107,0.0,0.0,0.0,0.0,0.0,4660,148789,2.666666444444463,0.15624999511718765,2.4824825232918983,31.93582313801245,2026-06-29T00:00:00.000000,9602459
2025-06-02T00:00:00.000000,Tug,30.0,12.0,4.8,4.8,0.0,7.771533947346972,11.8,4.647227742700044,0.0,4.9,10.8,0.3876509925197579,0.287606058203156,100.66594993886044,0.0,0.0,46.80389119458617,3,0.0,0.0,0.7979805989480083,0.20191367324822246,0.3976895271396486,0.6015434136298622,55.40836502756853,10.638653008616817,403.0712237384,0.0,0.0,0.0,0.0,0.0,37833,604430,2.499999791666684,0.15999999466666684,2.323965657374806,15.976686403045042,2025-06-02T00:00:00.000000,9324784
2025-11-03T00:00:00.000000,Tug,33.0,10.0,4.0,4.0,0.0,5.115570776255708,11.7,1.1605070014606835,0.0,0.0,0.0,0.9636832281574971,0.000675495511510088,38.844649059976234,0.0,0.0,40.22860190205314,1,0.0,0.0,1.0,0.0,0.00360556657276114,0.005543525192282535,56.6619564653453,12.856290636867834,0.002331095198999991,0.0,0.0,0.0,0.0,0.0,56255,604041,3.2999996700000334,0.12121211753902675,0.0,10.73774309382444,2025-11-03T00:00:00.000000,9251963
2026-05-04T00:00:00.000000,Tug,26.0,7.0,3.3,3.3,0.0,7.570412647679928,11.2,2.356598220364853,5.2,6.4,10.7,0.004994891588148484,0.34288795550005674,62.79457176110581,0.0,0.0,3.126788250667575,1,0.0,0.0,1.0,0.0,0.2795822979495277,0.9114838493624239,54.70702814927915,11.262569305823591,4.07616213999,0.0,0.0,0.0,0.0,0.0,17618,105970,3.714285183673545,0.12692307204142028,2.3338716029739155,6.0152125787591535,2026-05-04T00:00:00.000000,9096454
2026-06-08T00:00:00.000000,Tug,23.0,12.0,5.1,5.1,0.0,5.02957774192279,11.5,3.239288678534862,0.0,1.9,8.0,0.41047748701658854,0.0043109968234760244,106.69109456012755,0.0,0.0,52.48001058841325,2,0.0,0.0,0.8347451217667524,0.1652548782332476,0.045355693269138984,0.03302698620103996,56.01680779138306,12.697152956839611,0.04025087737500033,0.0,0.0,0.0,0.0,0.0,39666,604374,1.916666506944458,0.22173912079395125,2.4696772422089825,15.236959536114963,2026-06-08T00:00:00.000000,9898905
2025-06-09T00:00:00.000000,Tug,32.0,11.0,5.9,5.9,0.0,4.494223826714801,11.0,3.1878089642624463,0.0,2.8,9.8,0.22,0.08,66.12877162533883,0.0,0.0,90.21942857142858,1,0.0,0.0,1.0,0.0,0.00722952208177903,0.003757333792138303,53.56470081714286,8.55045442857143,0.00046125590400009525,0.0,0.0,0.0,0.0,0.0,350,173480,2.9090906446281233,0.18437499423828146,3.0742108563135115,497.0773638968481,2025-06-09T00:00:00.000000,9693252
2026-04-13T00:00:00.000000,Tug,30.0,11.0,4.8,4.8,0.0,3.98843728100911,11.0,2.4132504301661997,0.0,0.0,5.9,0.7451425329740462,0.0017727981846546589,136.35228811948315,0.0,0.0,38.72055922219857,3,0.0,0.0,0.5244646149482343,0.4751099134874486,0.7285796402679376,0.22965614901639572,55.687724387250036,11.084447239256843,392.23786262496003,0.0,0.0,0.0,0.0,0.0,14102,604752,2.7272724793388656,0.15999999466666684,2.444834353457182,42.88717112261542,2026-04-13T00:00:00.000000,9292852
2025-10-20T00:00:00.000000,Tug,33.0,13.0,5.4,5.4,0.0,9.170198693448267,11.7,4.1842880039096935,0.0,0.0,10.4,0.753007554488614,0.15092023707802688,102.75350113537044,0.0,0.0,66.97124773469264,3,0.0,0.0,0.34518045326931684,0.6539311822706867,1.0738935951929824,0.4220581079016978,55.14080551933379,9.63869369971925,390.438673816839,0.0,0.0,0.0,0.0,0.0,147462,604790,2.5384613431952814,0.1636363586776861,2.4854879742490312,4.101355612670469,2025-10-20T00:00:00.000000,9548354
2025-11-03T00:00:00.000000,Tug,31.0,10.0,4.9,4.9,0.0,8.780930794802055,11.2,4.817201446339511,0.0,0.2,10.7,0.5335901757765471,0.30421382133397545,103.29751262260115,0.0,0.0,59.17158680471948,1,0.0,0.0,1.0,0.0,0.09507520567093902,0.2961646342799159,54.10694599436552,11.861460968938117,0.24219985445600206,0.0,0.0,0.0,0.0,0.0,20765,576759,3.0999996900000313,0.15806451103017707,2.221206212358939,27.776873434790986,2025-11-03T00:00:00.000000,9112739
2026-06-29T00:00:00.000000,Tug,33.0,15.0,2.9,2.9,0.0,,0.1,0.01904604538629341,0.0,0.0,0.0,0.9981456953642384,0.0,108.0359167827406,0.0,0.0,75.82645161290321,2,0.0,0.0,0.0,0.9981456953642384,1.5638399136014658,0.4881765127527416,54.722179272847676,11.324675789933776,412.36465824817503,0.0,0.0,0.0,0.0,0.0,3775,172655,2.199999853333343,0.0878787852157944,0.0,45.748542660307365,2026-06-29T00:00:00.000000,9865697
2026-06-29T00:00:00.000000,Tug,25.0,10.0,5.0,5.0,0.0,9.16090909090909,9.5,0.11012541186581573,9.1,9.1,9.3,0.0,0.0,98.21411652475057,0.0,0.0,0.7609090909090911,1,0.0,0.0,1.0,0.0,0.08099598070590967,0.07633986286415566,53.66855072727272,14.508096654545453,0.06091986521599914,0.0,0.0,0.0,0.0,0.0,110,7603,2.499999750000025,0.19999999200000032,1.816094764294077,69.75229357798165,2026-06-29T00:00:00.000000,7407817
2025-10-13T00:00:00.000000,Tug,38.0,14.0,5.2,5.2,0.0,8.462812499999998,10.2,0.5447274241508452,7.9,8.3,9.2,0.0,0.019642857142857142,14.451741771792552,0.0,0.0,1.7419642857142856,1,0.0,0.0,1.0,0.0,0.2593060438407963,0.6892386653099494,58.41975288325893,8.913661114732141,4.118661708199983,0.0,0.0,0.0,0.0,0.0,4480,57648,2.7142855204081773,0.13684210166204996,2.3865103092913054,12.87073007367716,2025-10-13T00:00:00.000000,9191890
2025-11-24T00:00:00.000000,Tug,33.0,9.0,8.3,4.9,3.4000000000000004,7.4130674578933595,10.2,3.6981056657726956,0.0,0.0,8.1,0.6292742863118268,0.00013724772560911848,107.26156777589888,1.8544873470668202,5.601032968452769,61.27172762208512,1,0.0,0.0,1.0,0.0,0.8093236309212221,0.4941662215604409,55.95408467514116,10.82598454982746,2.2704123640770058,0.0,0.0,0.0,0.0,0.0,153008,604598,3.666666259259305,0.2515151438934805,2.1903099969961404,3.951440130190122,2025-11-24T00:00:00.000000,8802064
2026-02-16T00:00:00.000000,Tug,37.0,14.0,6.4,6.4,0.0,5.961956521739131,9.6,2.161790880792033,0.0,0.0,5.3,0.8619631901840491,0.0,128.0831967792153,0.0,0.0,25.677914110429448,1,0.0,0.0,1.0,0.0,0.017297966796001176,0.016777835419732493,53.61924377300613,8.134187875766871,0.001755366727999836,0.0,0.0,0.0,0.0,0.0,652,105751,2.6428569540816462,0.1729729682980279,2.4516698610498047,162.44393241167435,2026-02-16T00:00:00.000000,9565182
2025-08-18T00:00:00.000000,Tug,24.0,8.0,2.6,2.6,0.0,,0.0,0.0,0.0,0.0,0.0,1.0,0.0,7.544514468599568e-15,,,,1,0.0,0.0,1.0,0.0,2.0612991713515834e-05,2.370218583871178e-05,54.32945114454905,10.174903435317338,1.5466199999690575e-07,0.0,0.0,0.0,0.0,0.0,6586,585310,2.999999625000047,0.10833332881944463,0.0,88.88534548215641,2025-08-18T00:00:00.000000,6609705
2025-09-22T00:00:00.000000,Tug,28.0,9.0,2.8,2.8,0.0,6.576899488926746,11.3,3.487922392319146,0.0,0.0,8.8,0.6956203786462989,0.0034668616776360336,90.0268438276755,,,,1,0.0,0.0,1.0,0.0,0.021313141765199668,0.061128042857196155,57.71324838777391,10.620116013000732,0.05775411415000038,0.0,0.0,0.0,0.0,0.0,36921,604589,3.1111107654321373,0.09999999642857155,2.5229911928050734,16.37565005417118,2025-09-22T00:00:00.000000,8703995
2025-08-11T00:00:00.000000,Tug,33.0,13.0,6.0,6.0,0.0,3.797609221573929,10.4,1.2851046405311015,0.0,0.0,0.3,0.9369858039331389,0.0015546452118062255,95.3079202311047,0.0,0.0,73.45427248587185,4,0.0,0.00821578929450881,0.9326396060052426,0.05913325692497986,0.12284792729665994,0.038526184701668874,54.63719446435096,11.378881969553918,414.692658766725,0.0,0.0,0.0,0.0,0.0,88123,604464,2.5384613431952814,0.18181817630854014,0.2334438434773484,6.859399468918091,2025-08-11T00:00:00.000000,9949443
2026-05-11T00:00:00.000000,Tug,33.0,12.0,6.5,6.5,0.0,9.173029588897618,10.0,0.32661816512166225,8.8,9.1,9.6,0.0,0.0,20.735083716748797,15.390966221523959,12.544397198866678,4.323906781880074,1,0.0,0.0,1.0,0.0,0.17427282983572218,1.759882748984614,54.66915635454308,12.96506335925635,3.9196924428199984,0.0,0.0,0.0,0.0,0.0,3819,84911,2.7499997708333526,0.19696969100091846,2.4493357568347447,22.239654269250916,2026-05-11T00:00:00.000000,9338993
2025-08-18T00:00:00.000000,Tug,29.0,14.0,6.4,6.4,0.0,3.9818181818181815,10.5,0.34426676076617935,0.0,0.0,0.0,0.9952244508118434,0.0004775549188156638,18.846552985049602,0.0,0.0,46.755444126074515,1,0.0,0.0,1.0,0.0,0.0008250171876296894,0.00015681261603435682,53.651168267430755,9.509992749283667,0.00013469000999999172,0.0,0.0,0.0,0.0,0.0,2094,167894,2.0714284234693983,0.22068964756242596,0.0,80.21691352126135,2025-08-18T00:00:00.000000,9725093
2025-06-09T00:00:00.000000,Tug,28.0,12.0,5.5,5.5,0.0,7.108262803819445,13.8,3.551128735714898,0.0,0.0,8.8,0.7832772102764766,0.089332856757655,72.9798613761411,0.0,0.0,64.61521342438438,1,0.0,0.0,1.0,0.0,0.13740863148239946,0.07401278425318668,55.5118370719253,9.739432487975872,0.24874601959999768,0.0,0.0,0.0,0.0,0.0,159471,604662,2.3333331388889054,0.19642856441326556,2.478084625153359,3.7916974979619993,2025-06-09T00:00:00.000000,9788124
2026-06-22T00:00:00.000000,Tug,32.0,12.0,5.8,5.8,0.0,2.0770075060189774,9.7,1.2181382284662798,0.0,0.2,0.7,0.9393639808864722,0.0,108.40998665744037,0.0,0.0,90.34158531059484,2,0.0,0.0,0.0,0.12703905091448345,0.009021155623819341,0.013433818959334026,54.62506065235212,11.352665016054953,0.0024520636800000497,0.0,0.0,0.0,0.0,0.0,97104,604444,2.666666444444463,0.1812499943359377,0.5746469563100333,6.22477163424405,2026-06-22T00:00:00.000000,9964039
2025-06-09T00:00:00.000000,Tug,36.0,15.0,2.8,2.8,0.0,3.5368800721370603,5.0,0.8839181964605562,0.0,0.0,0.2,0.9485769563667837,0.0,95.73501255471844,0.0,0.0,75.52599663968229,3,0.0,0.0,0.03849091186803116,0.010691919963341989,0.02589934117316636,0.03389238564255114,54.25185263902041,13.743301597474671,0.032851103416999906,0.0,0.0,0.0,0.0,0.0,19641,307695,2.3999998400000107,0.07777777561728401,0.22626502603501805,15.666751527494908,2025-06-09T00:00:00.000000,9851270
2025-06-30T00:00:00.000000,Tug,32.0,9.0,3.0,3.0,0.0,3.582528238876338,10.2,2.5298441544482917,0.0,0.3,6.4,0.6982678912654873,0.0006009985822597547,107.58141504619893,0.0,0.0,65.53124234275191,3,0.0,0.0,0.9403239228256179,0.059637551624237194,0.22690872121958258,0.07339674589252128,54.627680734689946,11.363202746178265,415.533443628346,0.0,0.0,0.0,0.0,0.0,129784,604278,3.5555551604938715,0.0937499970703126,2.529799102030698,4.656064353574814,2025-06-30T00:00:00.000000,9487029
2025-12-22T00:00:00.000000,Tug,23.0,12.0,5.3,5.3,0.0,6.5114074074074075,10.7,3.0318863166751564,0.8,6.7,9.0,0.1083676268861454,0.012345679012345678,110.11019758820008,0.0,0.0,20.018930041152263,1,0.0,0.0,1.0,0.0,0.014576628671502168,0.006373479932479239,53.9283871824417,14.276667418381342,0.002728678050000114,0.0,0.0,0.0,0.0,0.0,729,288497,1.916666506944458,0.23043477258979247,2.7045860032134454,396.2870879120879,2025-12-22T00:00:00.000000,1050260
2025-12-22T00:00:00.000000,Tug,58.0,15.0,5.9,5.9,0.0,0.65,0.8,0.16076913250262317,0.1,0.3,0.5,0.9811320754716981,0.0,104.6564857757823,0.0,0.0,72.12500000000001,2,0.0,0.9811320754716981,0.0,0.0,5.262046598174934,0.595323105343176,53.234253094339664,4.272638207547172,167.640649110711,0.0,0.0,0.0,0.0,0.0,106,22155,3.8666664088889062,0.10172413617717008,2.4880243225119782,211.0,2025-12-22T00:00:00.000000,9344978
2026-05-25T00:00:00.000000,Tug,72.0,18.0,7.5,7.5,0.0,10.05939565627951,10.3,0.12568907694899303,9.9,10.1,10.2,0.0,0.5136921624173749,0.9887727162974543,0.0,0.0,1.2340887629839468,1,0.0,0.0,0.0,0.0,0.22983382490200788,0.024351302930130048,55.85745211425873,5.266207917847026,0.0872688836140002,0.0,0.0,0.0,0.0,0.0,1059,20192,3.99999977777779,0.10416666521990743,2.386823266261055,19.08506616257089,2026-05-25T00:00:00.000000,9646314
2025-12-15T00:00:00.000000,Tug,37.0,14.0,6.8,6.8,0.0,6.018181818181818,7.6,2.127081868809004,0.0,0.0,4.6,0.8694817658349329,0.0,134.98136271336224,0.0,0.0,37.23005780346821,2,0.0,0.0,0.0,0.9961612284069098,2.3118355621475297,0.5886779141691673,53.79439217466411,9.473892284069096,355.40574894083096,0.0,0.0,0.0,0.0,0.0,521,596858,2.6428569540816462,0.18378377881665464,2.162586172571467,1147.803846153846,2025-12-15T00:00:00.000000,9565194
2025-09-15T00:00:00.000000,Tug,35.0,12.0,4.8,4.8,0.0,,0.0,0.0,0.0,0.0,0.0,0.9998960120626007,0.0,125.86259538261118,0.0,0.0,132.66826998076021,3,0.0,0.0,0.5530598450579732,0.44683616700462747,0.3671474577264714,0.12107823769090337,54.998949832423435,11.872459928872251,427.51871157323995,0.0,0.0,0.0,0.0,0.0,19233,604690,2.9166664236111317,0.1371428532244899,0.0,31.44186772046589,2025-09-15T00:00:00.000000,9148752
2026-01-12T00:00:00.000000,Tug,81.0,16.0,4.0,4.0,0.0,,0.1,0.004967495613308877,0.0,0.0,0.0,0.9987654320987654,0.0,62.27818318607548,,,,2,0.0,0.0,0.0,0.9993827160493827,1.1695565208623382,0.419828168397828,57.744659989506175,11.937455091975309,397.982577813415,0.0,0.0,0.0,0.0,0.0,1620,306531,5.062499683593769,0.04938271543971957,0.0,189.3335392217418,2026-01-12T00:00:00.000000,8928868
2025-07-14T00:00:00.000000,Tug,26.0,9.0,2.6,2.6,0.0,7.591677700018915,8.7,0.6619471549717526,6.6,7.8,8.3,0.000756000756000756,0.0,24.022544267995347,0.0,0.0,1.703830403830404,1,0.0,0.0,1.0,0.0,0.13050100414221336,1.875215863230653,54.63109966880867,12.697400938637939,3.0034610405950386,0.0,0.0,0.0,0.0,0.0,15873,114398,2.8888885679012706,0.0999999961538463,2.5681769595272086,7.207535282258065,2025-07-14T00:00:00.000000,9364538
2026-04-27T00:00:00.000000,Tug,23.0,8.0,3.0,3.0,0.0,6.956455167281989,11.2,3.645136833462764,0.0,6.4,9.5,0.26460631211095337,0.05543300207491537,88.15521488868804,0.0,0.0,31.64802987943386,4,0.0,0.0,0.6001310472862291,0.0914710057879218,0.7999918912402406,0.18347971687482187,55.839840535153435,8.276800751840122,310.34315194161996,0.0,0.0,0.0,0.0,0.0,45785,604387,2.8749996406250453,0.1304347769376184,2.6062114614127787,13.200834352612267,2026-04-27T00:00:00.000000,7625433
2025-08-11T00:00:00.000000,Tug,27.0,9.0,2.8,2.8,0.0,3.7723153763824477,9.1,1.8780352185852969,0.0,0.0,3.9,0.7973402766587225,0.0,108.66591021741225,0.0,0.0,91.49091784202804,1,0.0,0.0,0.0,0.0,0.0024703126424182272,0.013119151693412991,54.637445659112686,11.37396806539052,0.00043599024000009193,0.0,0.0,0.0,0.0,0.0,235814,604749,2.999999666666704,0.10370369986282592,2.0766372668455912,2.5645278250138883,2025-08-11T00:00:00.000000,9681675
2025-06-16T00:00:00.000000,Tug,30.0,14.0,2.2,2.2,0.0,9.331543624161075,10.0,4.257460555365922,0.0,9.0,9.9,0.2904761904761905,0.0,101.88006367238523,0.0,0.0,46.19714285714286,2,0.0,0.0,0.7095238095238096,0.2904761904761905,0.04829968510852344,0.9320275086760313,53.40505963333334,5.374142428571429,0.34919092199999896,0.0,0.0,0.0,0.0,0.0,210,241477,2.1428569897959293,0.07333333088888898,2.325329276907378,1155.3923444976076,2025-06-16T00:00:00.000000,9740938
2025-07-07T00:00:00.000000,Tug,30.0,12.0,3.0,3.0,0.0,2.096634991155539,8.9,1.141631946448192,0.0,0.0,2.3,0.6936421882700838,0.0,94.67927300471295,0.0,0.0,83.62064179951504,1,0.0,0.0,0.0,0.0,0.001959927476836901,0.004673243025582926,55.09561363172744,14.688392617410054,0.0002850256799999783,0.0,0.0,0.0,0.0,0.0,81160,604709,2.499999791666684,0.09999999666666677,2.0146580450009597,7.450917335107628,2025-07-07T00:00:00.000000,9369277
2026-06-08T00:00:00.000000,Tug,34.0,12.0,6.1,6.1,0.0,4.787126076742365,11.0,2.9222476994469524,0.0,0.0,6.2,0.6558847355630135,0.034486749218840415,106.85781210017676,17.23659313299751,29.88175125533466,42.93352440507208,4,0.0,0.0,0.22179145932183775,0.539868070825136,0.9178444585812328,0.2879627715663672,54.644629689966436,11.360949923677817,415.15523117152,0.0,0.0,0.0,0.0,0.0,17282,604198,2.833333097222242,0.1794117594290659,2.1216537802458,34.963138707250735,2026-06-08T00:00:00.000000,9429558
2025-09-01T00:00:00.000000,Tug,29.0,12.0,5.3,5.3,0.0,3.262623274161736,10.0,2.259563839419409,0.0,0.7,6.1,0.5608762098828324,0.0,95.66202256475115,0.0,0.0,70.89190015282732,2,0.0,0.0,0.7009679062659195,0.29903209373408046,0.013936650119751296,0.016057360206468096,54.47202315231788,13.606271256240447,0.002818166640000087,0.0,0.0,0.0,0.0,0.0,1963,603761,2.4166664652777947,0.18275861438763397,2.699634856049266,307.72731906218144,2025-09-01T00:00:00.000000,9803833
2025-09-29T00:00:00.000000,Tug,24.0,8.0,2.9,2.9,0.0,1.1,1.1,0.06444666630710959,0.0,0.0,0.1,0.9986595174262735,0.0,96.85308966804514,0.0,0.0,128.07372654155492,1,0.0,0.0,1.0,0.0,2.909181189440267e-05,3.9374209676528425e-05,53.89464218498661,9.148417932975871,1.9845000000263126e-07,0.0,0.0,0.0,0.0,0.0,746,28866,2.999999625000047,0.1208333282986113,1.551646564259976,38.74630872483222,2025-09-29T00:00:00.000000,9769245
2025-07-21T00:00:00.000000,Tug,25.0,7.0,,,,,0.2,0.00889145998885555,0.0,0.0,0.0,1.0,0.0,112.191984133587,,,,1,0.0,0.0,1.0,0.0,2.1741904887337808e-05,3.5241835900626546e-05,57.720472053031,11.979894573100482,6.996000000155969e-08,0.0,0.0,0.0,0.0,0.0,10937,414930,3.571428061224563,,0.0,37.94166057059254,2025-07-21T00:00:00.000000,5367673
2025-09-22T00:00:00.000000,Tug,29.0,9.0,4.3,4.3,0.0,9.871691201183033,11.7,1.8366116848675036,9.2,9.9,10.6,0.030151737640724426,0.2908467939304944,37.852137986497915,0.0,0.0,4.687416786320323,3,0.0,0.0,0.9657040300212106,0.034263338228095935,0.7370422588563806,1.1408129440026078,56.439790990602056,11.898646899200523,563.5702786585659,0.0,0.0,0.0,0.0,0.0,30645,159877,3.222221864197571,0.14827585695600493,0.7622728578186853,5.217236653178436,2025-09-22T00:00:00.000000,8027779
2026-03-02T00:00:00.000000,Tug,34.0,11.0,4.8,4.8,0.0,5.827560414269275,8.0,2.6439804593613907,0.0,5.6,7.3,0.23558952935425093,0.0,156.79558654485848,0.0,0.0,28.21275394532118,3,0.0,0.0,0.0,0.17550331096395716,1.0322578491772831,0.25527703988206296,56.40659049891116,10.699493539709348,394.683828280961,0.0,0.0,0.0,0.0,0.0,22501,423894,3.090908809917381,0.14117646643598628,2.7609875909505024,18.839733333333335,2026-03-02T00:00:00.000000,9225720
2026-04-13T00:00:00.000000,Tug,27.0,9.0,2.7,2.7,0.0,8.131228291758763,11.2,4.177542942468971,0.0,0.0,9.3,0.5762669962917182,0.015192718282953141,77.72006404951821,0.0,0.0,77.76340608212898,3,0.0,0.0,0.9147769412293516,0.08513316102932914,0.7312874940625996,0.9051561196087763,55.9916370207439,8.915514105539948,391.731588251124,0.0,0.0,0.0,0.0,0.0,44495,604427,2.999999666666704,0.09999999629629644,2.226188432264247,13.58446082617881,2026-04-13T00:00:00.000000,9563213
2026-04-20T00:00:00.000000,Tug,33.0,14.0,5.6,5.6,0.0,6.502856582193317,12.5,4.078246437441636,0.0,4.1,9.5,0.3773213008947033,0.059943187307967306,109.63635996162581,0.0,0.0,44.11387160360222,3,0.0,0.0,0.8745483004502502,0.1253937274150225,0.8007150929251569,0.9515281923156909,56.117672697984496,10.558374427505843,455.793282190966,0.0,0.0,0.0,0.0,0.0,51749,604671,2.3571426887755225,0.16969696455463745,2.3294319792326124,11.684915359047693,2026-04-20T00:00:00.000000,9548366
2025-06-09T00:00:00.000000,Tug,31.0,11.0,4.4,4.4,0.0,4.963549415515409,9.9,2.908293529821878,0.4,4.7,9.0,0.1643192488262911,0.0,124.69769504199932,0.0,0.0,22.059154929577463,1,0.0,0.0,1.0,0.0,0.016657946083592806,0.008704699872175333,53.90473225070423,14.2727406629108,0.0019322499999999214,0.0,0.0,0.0,0.0,0.0,1065,108365,2.8181815619834945,0.1419354792924039,2.957059510931555,101.8468045112782,2025-06-09T00:00:00.000000,9388845
2026-06-01T00:00:00.000000,Tug,33.0,15.0,4.9,4.9,0.0,1.0387878787878788,1.8,0.1655300068404414,0.0,0.0,0.1,0.9875915501482961,0.0,118.43928867561058,0.0,0.0,65.2497394502912,3,0.0,0.0,0.2098541250529629,0.7896616427577023,0.7996187236584475,0.24964361385606407,54.67230810544156,11.341570207735607,412.43663769115494,0.0,0.0,0.0,0.0,0.0,16521,604682,2.199999853333343,0.14848484398530779,0.6041164245221561,36.603026634382566,2026-06-01T00:00:00.000000,9865697
2025-12-22T00:00:00.000000,Tug,75.0,18.0,6.5,6.5,0.0,6.18956043956044,9.5,1.8604196117236549,4.6,4.9,9.2,0.0,0.0,71.40716805791703,4.39065934065934,3.62121901949847,1.3527472527472526,2,0.0,0.0,0.37362637362637363,0.0,0.4947421521039904,0.7155400570294546,54.90757426923077,2.421169423076923,4.913028333914995,0.0,0.0,0.0,0.0,0.0,182,179696,4.166666435185197,0.08666666551111113,2.472559146578236,992.7955801104972,2025-12-22T00:00:00.000000,9420174
2025-06-16T00:00:00.000000,Tug,27.0,9.0,2.8,2.8,0.0,6.873708865206699,8.5,0.4592703613634853,6.3,6.9,7.4,0.00023416461772626156,0.0,18.017750266623974,0.0,0.0,3.148021308980213,1,0.0,0.0,0.0,0.0,1.1033984128696366,1.2550587334516146,56.90603490416813,7.604001632595715,22.084166226944987,0.0,0.0,0.0,0.0,0.0,17082,169840,2.999999666666704,0.10370369986282592,2.3950981762379424,9.943211755752005,2025-06-16T00:00:00.000000,9681675
2025-08-25T00:00:00.000000,Tug,26.0,8.0,4.2,4.2,0.0,9.760195635816403,11.7,3.3834722788003724,0.0,9.7,10.8,0.11591551638117412,0.4791285547979378,61.75980758675075,0.0,0.0,9.361649758855812,1,0.0,0.0,1.0,0.0,0.1780391652466742,0.528628047022505,57.69708351737901,10.300671661566607,0.9466345771519907,0.0,0.0,0.0,0.0,0.0,6013,35986,3.249999593750051,0.16153845532544403,3.1919861958623756,5.985695276114438,2025-08-25T00:00:00.000000,8108121
2025-11-24T00:00:00.000000,Tug,50.0,15.0,5.5,5.5,0.0,5.1775654500286645,8.1,0.6966480174469737,4.3,5.2,6.1,0.0,0.0,162.65774439477192,0.0,0.0,10.796101662526276,1,0.0,0.0,0.0,0.0,0.3382450796147495,0.08735447803796739,56.08473258608827,4.454204237531053,0.4173959510279985,0.0,0.0,0.0,0.0,0.0,5233,57101,3.333333111111126,0.10999999780000005,2.5837975148468635,10.913799694189603,2025-11-24T00:00:00.000000,9499644
2026-01-05T00:00:00.000000,Tug,38.0,14.0,6.2,6.2,0.0,6.12210200927357,12.2,3.047577370004366,0.0,0.0,7.5,0.7884966817351159,0.029880414222051233,146.52330991401072,0.0,0.0,101.0148792921035,1,0.0,0.0,1.0,0.0,0.014478463888285742,0.09752323115066738,57.68375605376551,11.869687183033566,1.5305970556320263,0.0,0.0,0.0,0.0,0.0,31191,604709,2.7142855204081773,0.16315789044321344,2.46097034741366,19.387912792561718,2026-01-05T00:00:00.000000,9342451
2026-06-15T00:00:00.000000,Tug,34.0,11.0,4.8,4.8,0.0,8.18115141955836,12.4,5.070623568008633,0.0,2.5,11.8,0.43949930458970793,0.30273528048215115,106.89776897000088,0.0,0.0,45.2123840445269,3,0.0,0.0,0.7450162262401484,0.2545201668984701,0.6896158027471682,0.26418237469700573,59.04158857950858,9.875696462679649,323.00560258278,0.0,0.0,0.0,0.0,0.0,2157,529014,3.090908809917381,0.14117646643598628,2.3271294969160317,245.3682745825603,2026-06-15T00:00:00.000000,9225720
2025-10-06T00:00:00.000000,Tug,32.0,12.0,6.0,6.0,0.0,5.4953125,9.0,2.202238841178593,0.0,0.0,4.1,0.8467153284671532,0.0,111.28588022947366,0.0,0.0,91.60900243309003,1,0.0,0.0,1.0,0.0,0.015086838676567725,0.017406432361220442,53.56008486618005,8.5545210243309,0.005912189344000095,0.0,0.0,0.0,0.0,0.0,411,389890,2.666666444444463,0.1874999941406252,1.8617409072963482,950.9512195121952,2025-10-06T00:00:00.000000,9691369
2026-03-09T00:00:00.000000,Tug,33.0,12.0,5.9,5.9,0.0,,0.2,0.04284508669072626,0.0,0.0,0.1,0.9874213836477987,0.0,82.69318341738212,0.0,0.0,115.28025477707007,2,0.0,0.0,0.0,0.9874213836477987,4.151053927123633,0.9737120168237674,54.337406371069186,8.599938377358491,323.38704226385,0.0,0.0,0.0,0.0,0.0,159,267239,2.7499997708333526,0.17878787337006447,2.3339354355002113,1691.386075949367,2026-03-09T00:00:00.000000,9432983
2026-03-02T00:00:00.000000,Tug,28.0,12.0,5.5,5.5,0.0,7.805780653372931,14.9,4.408533231277765,0.0,0.4,10.3,0.5268725844722363,0.11298712063909813,106.1145483182947,0.0,0.0,16.06421806840671,1,0.0,0.0,1.0,0.0,0.3422224082042961,0.45363044454625095,55.678709880267526,10.501458501688926,2.342504975125006,0.0,0.0,0.0,0.0,0.0,193022,604454,2.3333331388889054,0.19642856441326556,2.336377457823359,3.1315452722760737,2026-03-02T00:00:00.000000,9788124
2025-06-30T00:00:00.000000,Tug,23.0,8.0,3.0,3.0,0.0,5.676496693738073,9.8,2.1331308731096477,0.2,5.5,6.7,0.12087286154813112,0.0,99.730267496727,0.0,0.0,14.65597501571339,5,0.0,0.01231512580284014,0.11747490817669358,0.06110423663897237,0.7808839136737965,1.2062244141608842,56.68562875972738,9.280672785673602,396.59536551132,0.0,0.0,0.0,0.0,0.0,50913,593739,2.8749996406250453,0.1304347769376184,3.047162757230005,11.662063953488373,2025-06-30T00:00:00.000000,7625433
2026-02-09T00:00:00.000000,Tug,38.0,12.0,6.0,6.0,0.0,3.004419739696312,9.5,2.001742726057566,0.0,0.2,3.0,0.7307362279045821,0.0,114.72202443095878,0.0,0.0,84.57654882443796,3,0.0,0.7068817573365368,0.09473142268748927,0.0,0.037851477341522784,0.008694171342803755,54.51496880556032,11.282348637291918,0.004034469239999917,0.0,0.0,0.0,0.0,0.0,11654,604179,3.1666664027777998,0.15789473268698073,1.498693344681289,51.84750707972196,2026-02-09T00:00:00.000000,9416575
2025-07-07T00:00:00.000000,Tug,28.0,8.0,4.5,4.5,0.0,2.2615384615384615,5.1,0.812481662866845,0.0,0.0,0.5,0.9172932330827067,0.0,121.24034593366342,0.0,0.0,73.5375939849624,1,0.0,0.0,1.0,0.0,0.005806350852720011,0.0013321711043326777,53.55828115789473,8.168556834586466,0.00011602157700001749,0.0,0.0,0.0,0.0,0.0,133,50293,3.499999562500055,0.16071427997449,0.6153977467479121,381.00757575757575,2025-07-07T00:00:00.000000,8500422
2025-05-26T00:00:00.000000,Tug,29.0,9.0,4.5,4.5,0.0,9.177160911758069,10.5,3.1208630427050568,0.2,9.7,10.0,0.10397243615727604,0.06789623023915688,24.391329057704237,0.0,0.0,9.265687069314957,2,0.0,0.0,0.9495338467774626,0.050466153222537495,0.21888196784044545,0.6943510474896613,54.49626865160113,10.718274928455614,2.1144201232840154,0.0,0.0,0.0,0.0,0.0,4934,82218,3.222221864197571,0.15517240844233074,3.1401560163786244,16.666936955199677,2025-05-26T00:00:00.000000,9559573
2026-03-09T00:00:00.000000,Tug,32.0,10.0,5.1,5.1,0.0,5.174407582938389,11.2,3.0803713025249198,1.0,5.1,10.7,0.09977827050997783,0.12416851441241686,84.3599381415265,0.0,0.0,134.31574279379157,1,0.0,0.0,1.0,0.0,0.003029187784997139,0.015417513738495892,53.88421556984479,9.111296827051,0.0007547445000000216,0.0,0.0,0.0,0.0,0.0,451,11211,3.1999996800000323,0.1593749950195314,3.148970009907277,24.913333333333334,2026-03-09T00:00:00.000000,9036258
2025-11-24T00:00:00.000000,Tug,32.0,9.0,4.3,4.3,0.0,4.498711150991109,9.9,1.154303957150855,3.3,4.5,5.7,0.02311125278928913,0.0,41.92652392614224,0.0,0.0,6.101872957679126,4,0.0,0.0,0.011396238444373605,0.021995537137392412,0.3472716556852861,0.624499069837659,54.50099307602806,11.295300006136438,465.1328013826,0.0,0.0,0.0,0.0,0.0,12548,306044,3.5555551604938715,0.13437499580078138,2.0791732593125705,24.391806806407907,2025-11-24T00:00:00.000000,8422058
2025-05-26T00:00:00.000000,Tug,29.0,12.0,5.9,5.9,0.0,,0.0,0.0,0.0,0.0,0.0,1.0,0.0,15.069665708349454,0.0,0.0,147.56052631578947,1,0.0,0.0,1.0,0.0,2.8934534140668264e-05,2.3394242036734743e-05,53.89998552631579,11.45077283333333,1.4399999999549186e-08,0.0,0.0,0.0,0.0,0.0,114,39367,2.4166664652777947,0.20344826884661144,0.0,348.3805309734513,2025-05-26T00:00:00.000000,9190614
2026-03-30T00:00:00.000000,Tug,35.0,12.0,6.0,6.0,0.0,6.585197505197505,12.5,3.6685619933617755,0.2,5.7,9.9,0.1685512367491166,0.09434628975265018,100.50116290709262,0.0,0.0,25.88424028268551,2,0.0,0.0,0.9710247349823321,0.028975265017667843,0.048243688800368605,0.1054298439888995,58.30918867102473,11.32827761130742,0.04000980042999913,0.0,0.0,0.0,0.0,0.0,2830,386172,2.9166664236111317,0.1714285665306124,2.644087076479822,136.50477200424177,2026-03-30T00:00:00.000000,9495375
2025-08-11T00:00:00.000000,Tug,23.0,7.0,5.5,5.5,0.0,,0.1,0.027935903032118143,0.0,0.0,0.0,1.0,0.0,105.13977778063419,0.0,0.0,90.91961024396943,1,0.0,0.0,1.0,0.0,3.0924825795999116e-06,4.556702819977702e-06,57.43988035776553,10.552075830069096,1.0230000000568357e-09,0.0,0.0,0.0,0.0,0.0,87412,604661,3.2857138163265978,0.2391304243856337,0.0,6.917447460845889,2025-08-11T00:00:00.000000,9149469
2026-03-16T00:00:00.000000,Tug,28.0,8.0,4.2,4.2,0.0,4.97199654278306,5.8,1.5687127471508804,1.3,5.5,5.8,0.06677937447168217,0.0,73.49000874310492,0.0,0.0,2.142180896027051,1,0.0,0.0,1.0,0.0,0.004818920152101117,0.30920423275952696,55.99237185460692,15.24453284361792,0.0161223258239969,0.0,0.0,0.0,0.0,0.0,1183,38565,3.499999562500055,0.14999999464285735,2.8685921878181806,32.62690355329949,2026-03-16T00:00:00.000000,7434054
2026-05-04T00:00:00.000000,Tug,36.0,12.0,5.3,5.3,0.0,8.717462591531358,9.4,0.19590705301606573,8.5,8.7,9.0,0.0,0.0,18.463460863227922,0.0,0.0,1.204414729916162,1,0.0,0.0,1.0,0.0,0.08828257091156579,1.5340784784155141,54.68110522524673,14.646436280430862,2.3874619454399704,0.0,0.0,0.0,0.0,0.0,18846,77718,2.999999750000021,0.14722221813271616,2.5522176975491497,4.124064738657469,2026-05-04T00:00:00.000000,9211004
2026-03-23T00:00:00.000000,Tug,35.0,15.0,7.5,7.3,0.20000000000000018,6.859108579694422,10.3,3.6726373299363213,0.0,7.7,8.9,0.26572666210694307,0.002507847985829782,134.38401836401508,0.0,0.0,46.16516248969642,3,0.0,0.0,0.9160660107679627,0.08389891443503271,1.1530160981516353,0.6005779627677029,56.40790147733291,10.979565062117464,502.133462538096,0.0,0.0,0.0,0.0,0.0,57021,603243,2.333333177777788,0.2142857081632655,2.4233260126526845,10.579498421606454,2026-03-23T00:00:00.000000,9557927
2025-12-22T00:00:00.000000,Tug,25.0,12.0,6.1,6.1,0.0,,0.0,0.0,0.0,0.0,0.0,1.0,0.0,0.0,0.0,0.0,50.65246575342466,1,0.0,0.0,1.0,0.0,2.4897957988882692e-05,3.2642109043819096e-05,53.88802716561644,9.182651393150683,6.019999999922557e-08,0.0,0.0,0.0,0.0,0.0,7300,243348,2.083333159722237,0.24399999024000035,0.0,33.339909576654335,2025-12-22T00:00:00.000000,9892705
2025-06-02T00:00:00.000000,Tug,25.0,10.0,2.8,2.8,0.0,6.969862660390741,9.8,3.3093045533325802,0.0,0.0,8.2,0.7370793949205354,0.0,92.29946133696806,0.0,0.0,76.30737723466846,2,0.0,0.0,0.9863874527825648,0.013612547217435201,0.18590360109092727,0.8395557828558502,55.04355237535467,12.172748965881597,5.604032580999984,0.0,0.0,0.0,0.0,0.0,57447,376196,2.499999750000025,0.11199999552000017,2.4778612515070804,6.5486892037739795,2025-06-02T00:00:00.000000,9570876
2026-04-20T00:00:00.000000,Tug,32.0,12.0,5.0,5.0,0.0,8.151833269008106,11.1,4.609473818067319,0.0,5.3,10.4,0.4051960433798117,0.2194017399594804,78.92525105711823,0.0,0.0,48.53293991416308,3,0.0,0.0,0.680252651650578,0.31938982242879277,0.6322104901961584,0.5307413660603594,57.713957284590634,11.495875675247287,396.77307956859994,0.0,0.0,0.0,0.0,0.0,8391,557042,2.666666444444463,0.15624999511718765,2.2562223269419133,66.39356376638855,2026-04-20T00:00:00.000000,9602459
2025-09-01T00:00:00.000000,Tug,28.0,10.0,4.5,4.5,0.0,5.23952784503632,10.7,2.8250473973113306,0.0,0.1,6.2,0.7681825141632216,0.030163834022354924,130.01772315549434,0.0,0.0,108.7728177641654,2,0.0,0.0,0.9998468840912571,0.0,0.4313018697401624,0.18382701359821393,56.157709687643546,14.821792688102894,519.4510842593301,0.0,0.0,0.0,0.0,0.0,6531,559989,2.799999720000028,0.16071427997449,2.1946526671545503,85.75635528330781,2025-09-01T00:00:00.000000,9399715
2025-06-16T00:00:00.000000,Tug,36.0,12.0,5.0,5.0,0.0,8.307106690777577,12.5,4.1616054058017715,0.0,8.2,10.9,0.20028775916771194,0.2845495462259278,90.58336553318881,0.0,0.0,36.3863019257729,3,0.0,0.0,0.8303327676529182,0.10687670626429573,0.6510044674849128,0.34318695989241216,56.27377815546374,12.557897275621634,2.6085980998349987,0.0,0.0,0.0,0.0,0.0,27106,570435,2.999999750000021,0.1388888850308643,2.6191808972621993,21.045379081350305,2025-06-16T00:00:00.000000,9108752
2025-11-03T00:00:00.000000,Tug,32.0,12.0,5.0,5.0,0.0,5.817763157894737,10.7,1.8990700175637683,0.0,0.0,0.1,0.9051507537688442,0.0037688442211055275,44.37679049208455,0.0,0.0,116.59384422110553,1,0.0,0.0,1.0,0.0,0.01106201353179927,0.011255073387191096,58.99932784736181,9.751801444723618,0.026027054720000057,0.0,0.0,0.0,0.0,0.0,1592,76468,2.666666444444463,0.15624999511718765,0.05265732512114553,48.06285355122564,2025-11-03T00:00:00.000000,9191905
2026-06-15T00:00:00.000000,Tug,19.0,7.0,3.6,3.6,0.0,7.70486219448778,10.8,4.123564166191048,0.0,0.0,9.8,0.6817984925929135,0.0272892662219527,114.93215068599974,0.0,0.0,55.86791439216705,3,0.0,0.0,0.3895001299488868,0.6103266048687517,0.4848649772264091,0.27141682246789006,57.21264326864767,10.321168996534697,361.22320729278,0.0,0.0,0.0,0.0,0.0,11543,604565,2.7142853265306677,0.18947367423822767,2.376584243253829,52.379570265118694,2026-06-15T00:00:00.000000,8977065
2026-03-09T00:00:00.000000,Tug,30.0,13.0,5.0,5.0,0.0,7.012322491983508,13.3,4.366114331218638,0.0,5.3,10.9,0.32918192185343015,0.15626312946401777,110.26464605632827,0.0,0.0,47.86121364905015,3,0.0,0.0,0.9813036432387011,0.01866634655782966,0.30993659444345106,0.1573177483347092,57.60041509186123,11.873600890432748,415.10062527036604,0.0,0.0,0.0,0.0,0.0,33322,603868,2.3076921301775286,0.16666666111111128,2.496498414062203,18.12274541580385,2026-03-09T00:00:00.000000,9898917
2026-04-13T00:00:00.000000,Tug,30.0,12.0,4.8,4.8,0.0,4.096520793693939,11.4,2.4417029790187073,0.0,0.0,5.8,0.6591176320229027,0.003834159807780788,79.97751685031436,0.0,0.0,48.237900710670274,3,0.0,0.0,0.5392362353662901,0.4606615203721691,0.3583749941051613,0.10112956867625561,55.5620712802004,9.763451471141558,348.57115449963396,0.0,0.0,0.0,0.0,0.0,19561,604738,2.499999791666684,0.15999999466666684,2.3753903216109564,30.917075664621677,2026-04-13T00:00:00.000000,9324784
2025-12-08T00:00:00.000000,Tug,25.0,7.0,2.8,2.8,0.0,1.4555555555555555,2.4,0.3142233375006977,0.0,0.0,0.0,0.9694323144104804,0.0,57.092329763527076,0.0,0.0,16.819650655021835,1,0.0,0.0,1.0,0.0,0.00018488154019395196,0.00019557635732698653,53.784830982532746,9.411452659388646,1.1481599999931873e-06,0.0,0.0,0.0,0.0,0.0,229,35077,3.571428061224563,0.11199999552000017,0.0,153.84649122807016,2025-12-08T00:00:00.000000,8865652
2025-12-08T00:00:00.000000,Tug,37.0,14.0,6.4,6.4,0.0,0.8,0.8,0.019711820169852682,0.0,0.0,0.0,1.0,0.0,147.53143743468112,0.0,0.0,42.26541961577351,1,0.0,0.0,1.0,0.0,6.049352917142661e-05,4.240958034690308e-05,53.602458492922146,8.148510818503539,1.905299999978308e-07,0.0,0.0,0.0,0.0,0.0,1978,268581,2.6428569540816462,0.1729729682980279,0.0,135.85280728376327,2025-12-08T00:00:00.000000,9565182
2025-12-22T00:00:00.000000,Tug,30.0,9.0,4.7,4.7,0.0,,0.0,0.0,0.0,0.0,0.0,1.0,0.0,2.9370413422564476e-14,,,,1,0.0,0.0,0.0,1.0,3.2913739064000776e-05,3.1347245758755445e-05,54.309078663656884,9.670365611738148,4.2229999999577206e-08,0.0,0.0,0.0,0.0,0.0,443,558439,3.3333329629630044,0.15666666144444463,0.0,1263.4366515837105,2025-12-22T00:00:00.000000,6923888
2025-06-23T00:00:00.000000,Tug,19.0,6.0,1.8,1.8,0.0,,0.0,0.0,0.0,0.0,0.0,1.0,0.0,0.7198561350337813,0.0,0.0,0.440705970709726,1,0.0,0.0,0.0,1.0,1.688116329166085e-05,2.3223481870188443e-05,54.37071224746528,12.721634551257978,2.8209999999715032e-08,0.0,0.0,0.0,0.0,0.0,2663,604458,3.166666138888977,0.09473683711911383,0.0,227.06912096168296,2025-06-23T00:00:00.000000,8680820
2025-08-25T00:00:00.000000,Tug,24.0,11.0,5.5,5.5,0.0,4.720909090909091,11.3,3.284406350629271,1.2,3.1,10.5,0.0847457627118644,0.1440677966101695,78.43086417730596,0.0,0.0,51.53644067796614,1,0.0,0.0,1.0,0.0,0.013116309430315271,0.002882779180368594,53.50830631355932,9.941464974576274,0.0010152105950000856,0.0,0.0,0.0,0.0,0.0,118,3491,2.1818179834710927,0.22916665711805595,2.8315610724163616,29.837606837606838,2025-08-25T00:00:00.000000,9763253
2026-04-06T00:00:00.000000,Tug,29.0,11.0,4.5,4.5,0.0,4.379241599013462,11.5,2.0593611738212596,0.0,0.0,3.1,0.8393192800359431,0.0014487305269528063,116.31389212670302,0.0,0.0,98.40328249885162,2,0.0,0.0,0.9950578116833698,0.004942188316630142,0.0022292010705889697,0.015183646121257652,56.153783305425414,10.22356114401115,0.0020056934599999698,0.0,0.0,0.0,0.0,0.0,109061,604540,2.636363396694237,0.15517240844233074,1.5053204528117459,5.543187236383642,2026-04-06T00:00:00.000000,9259238
2025-06-09T00:00:00.000000,Tug,50.0,15.0,5.8,5.6,0.20000000000000018,7.174890849349596,10.4,2.607152936876949,2.0,7.3,9.2,0.059768254238732214,0.009180369770810258,103.00194567991522,0.0,0.0,6.476697622901934,3,0.0,0.0,0.009798074465365937,0.03712618215898441,0.9799627669665117,2.540154916779627,56.041769757284655,11.995063555124817,31.78640886734994,0.0,0.0,0.0,0.0,0.0,46948,545929,3.333333111111126,0.11599999768000005,2.761632099339986,11.628623767226873,2025-06-09T00:00:00.000000,9499644
2026-02-16T00:00:00.000000,Tug,28.0,8.0,5.2,5.2,0.0,4.691930835734871,9.2,2.906703511020311,0.0,2.5,7.5,0.37960339943342775,0.0,99.37213165294027,0.0,0.0,39.959193954659945,3,0.0,0.0,0.8382121498268807,0.16147308781869688,0.6503881541185584,0.1804282651452093,54.364475316965695,10.15197530091281,373.70305507952503,0.0,0.0,0.0,0.0,0.0,3177,404304,3.499999562500055,0.18571427908163288,2.580241635007939,127.29974811083123,2026-02-16T00:00:00.000000,9241243
2026-04-06T00:00:00.000000,Tug,30.0,13.0,5.4,5.4,0.0,7.887899875363523,14.7,4.215395062386079,0.0,7.0,9.2,0.41573430936239236,0.02277170070290729,102.83941267304584,0.0,0.0,56.549450983654275,2,0.0,0.0,0.7983196772449361,0.20168032275506384,0.32970849355383147,1.201125192402169,55.783179850767375,11.138885998169947,2.760219277619993,0.0,0.0,0.0,0.0,0.0,48086,604553,2.3076921301775286,0.17999999400000022,2.182475825247234,12.572590204845586,2026-04-06T00:00:00.000000,9898929
2025-07-14T00:00:00.000000,Tug,25.0,13.0,6.2,6.2,0.0,,0.2,0.038165452985946015,0.0,0.0,0.1,1.0,0.0,102.12187203835877,0.0,0.0,92.78591549295774,1,0.0,0.0,1.0,0.0,5.3452762146610895e-06,8.395056999833186e-06,53.553199841549294,8.560147492957745,1.1200000000217801e-09,0.0,0.0,0.0,0.0,0.0,284,85993,1.9230767751479405,0.2479999900800004,2.620102005203965,303.8621908127208,2025-07-14T00:00:00.000000,9932177
2025-08-11T00:00:00.000000,Tug,33.0,13.0,5.4,5.4,0.0,6.837737790966945,11.6,3.639102845951399,0.0,0.0,9.3,0.7281388125671963,0.06169613347668538,111.70935581528856,0.0,0.0,75.89191603235618,3,0.0,0.0,0.46103113925058736,0.5372466451638593,1.4815723897225292,0.4767179898328957,57.27120412350674,10.50793160876339,390.82206233642,0.0,0.0,0.0,0.0,0.0,200904,604793,2.5384613431952814,0.1636363586776861,2.555574227524862,3.0103731651593058,2025-08-11T00:00:00.000000,9548354
2025-10-20T00:00:00.000000,Tug,30.0,11.0,4.6,4.6,0.0,7.122659996549939,13.1,4.224879184833431,0.0,5.8,10.6,0.30704838016236313,0.18626236058774437,91.49292964781591,0.0,0.0,25.094858241230177,3,0.0,0.0,0.8631041197744114,0.13684529981538152,0.337255560302719,0.29700186362493824,55.55199438251435,10.75071009633039,402.46747734312,0.0,0.0,0.0,0.0,0.0,39541,604783,2.7272724793388656,0.15333332822222237,2.508946889914681,15.295472938796156,2025-10-20T00:00:00.000000,9292864
2026-02-09T00:00:00.000000,Tug,34.0,12.0,6.1,6.1,0.0,3.1591023139113465,10.9,1.7558551294734157,0.0,0.0,2.8,0.8075887075887076,0.001023051023051023,103.10666549773651,19.010834542063822,47.42173932451607,98.16680221715707,4,0.0,0.0015669515669515669,0.9113830613830614,0.086998186998187,0.2623136982755427,0.08347446337842089,54.625057221432264,11.361585008637658,414.68566933736497,0.0,0.0,0.0,0.0,0.0,77220,604361,2.833333097222242,0.1794117594290659,1.594663681721876,7.826584130848626,2026-02-09T00:00:00.000000,9429558
2026-04-27T00:00:00.000000,Tug,33.0,11.0,4.6,4.6,0.0,5.5830426716141,10.2,3.4093287598596067,0.0,0.0,9.0,0.6170434265318263,0.00223081499107674,123.97224757064927,0.0,0.0,90.1616002379536,2,0.0,0.0,0.5803093396787626,0.41969066032123736,0.04812532423908659,0.1264153793204287,58.12644642013682,7.967410318560381,0.258529975101003,0.0,0.0,0.0,0.0,0.0,6724,587518,2.999999727272752,0.13939393516988074,2.639815046923068,87.38926074669047,2026-04-27T00:00:00.000000,9790945
2025-11-24T00:00:00.000000,Tug,19.0,10.0,4.0,4.0,0.0,4.480343425214641,12.1,3.082330545412203,0.0,0.4,6.9,0.6127643320948644,0.034063682766762735,103.55266413337334,0.0,0.0,80.36371592290327,3,0.0,0.0,0.6772804611271225,0.3225806451612903,0.41907605764637,0.12460837539757734,55.48501451699711,10.536949395222056,375.7733864136,0.0,0.0,0.0,0.0,0.0,28799,604193,1.899999810000019,0.21052630470914185,2.2385651570383733,20.98038058198486,2025-11-24T00:00:00.000000,9367487
2025-10-13T00:00:00.000000,Tug,24.0,11.0,5.6,5.6,0.0,,0.1,0.008725732140487785,0.0,0.0,0.0,1.0,0.0,0.0,0.0,0.0,81.10791826309068,1,0.0,0.0,1.0,0.0,2.836507856241694e-05,3.6767284784500935e-05,53.545257720306516,9.962373022988505,4.9840999999793545e-08,0.0,0.0,0.0,0.0,0.0,783,26164,2.1818179834710927,0.2333333236111115,0.0,33.45780051150895,2025-10-13T00:00:00.000000,9763241
2026-04-27T00:00:00.000000,Tug,19.0,8.0,2.5,2.5,0.0,8.415243902439023,9.2,0.6409918036089692,7.2,8.7,8.9,0.0,0.0,72.59236887273028,0.0,0.0,2.342682926829267,2,0.0,0.0,0.2073170731707317,0.0,0.007267781928615121,0.13077303273478744,53.774317560975604,6.760414335365854,0.01383928602000244,0.0,0.0,0.0,0.0,0.0,164,87434,2.374999703125037,0.13157894044321367,2.65213585929284,536.4049079754601,2026-04-27T00:00:00.000000,9978250
2025-06-09T00:00:00.000000,Tug,25.0,10.0,2.8,2.8,0.0,3.7488446481428435,9.8,1.6045397679485935,0.0,0.0,2.2,0.8694004553142596,0.0,96.39074530885519,0.0,0.0,79.74248342220032,2,0.0,0.0,0.8733683977648209,0.0,0.01041832470691489,0.00584727461204308,54.989929547554645,11.872302517217017,0.002151727739999832,0.0,0.0,0.0,0.0,0.0,140123,604589,2.499999750000025,0.11199999552000017,1.3711088206332718,4.3147328756369445,2025-06-09T00:00:00.000000,9570876
2025-07-14T00:00:00.000000,Tug,23.0,7.0,5.5,5.5,0.0,,0.3,0.028235326228461578,0.0,0.0,0.0,1.0,0.0,105.58462303027775,0.0,0.0,90.17370279589548,1,0.0,0.0,1.0,0.0,3.152151068549764e-06,5.1597629060477126e-06,57.43987745926142,10.552072643368088,1.3999999998851165e-09,0.0,0.0,0.0,0.0,0.0,120365,604141,3.2857138163265978,0.2391304243856337,0.0,5.019283174371075,2025-07-14T00:00:00.000000,9149469
2025-07-07T00:00:00.000000,Tug,32.0,13.0,5.8,5.8,0.0,2.8867595818815333,10.5,2.2095778136281363,0.0,1.2,5.8,0.40774487471526194,0.00683371298405467,98.87052807331693,0.0,0.0,70.83849658314351,1,0.0,0.0,1.0,0.0,0.037806738309446905,0.060034863412525195,53.46241441230069,6.814700790432802,0.02749686047499896,0.0,0.0,0.0,0.0,0.0,439,229044,2.461538272189364,0.1812499943359377,2.624934654616994,522.931506849315,2025-07-07T00:00:00.000000,9881770
2025-09-01T00:00:00.000000,Tug,26.0,9.0,2.6,2.6,0.0,8.521841121495326,9.7,0.8889690152774076,8.0,8.5,9.2,0.005761010964504739,0.0,37.036196116562344,0.0,0.0,3.6725980301059282,1,0.0,0.0,1.0,0.0,0.1885515266951135,0.1067999414564721,54.777981254320764,10.270745082698383,0.4690187616860034,0.0,0.0,0.0,0.0,0.0,10762,28947,2.8888885679012706,0.0999999961538463,1.3498768005415045,2.6899916364650127,2025-09-01T00:00:00.000000,9364538
2026-06-29T00:00:00.000000,Tug,31.0,11.0,4.7,4.7,0.0,9.139835164835166,10.0,3.287361245898291,0.0,8.7,9.9,0.14754098360655737,0.0,90.00444031565064,0.0,0.0,13.07728337236534,1,0.0,0.0,0.0,0.0,0.0779044809717621,0.08696271317848989,53.822792304449656,14.33901174473068,0.06078895244399993,0.0,0.0,0.0,0.0,0.0,427,29068,2.8181815619834945,0.1516128983350678,3.0115330345332136,68.23474178403755,2026-06-29T00:00:00.000000,9388845
2026-02-02T00:00:00.000000,Tug,25.0,7.0,2.4,2.4,0.0,,0.1,0.032219315398362675,0.0,0.0,0.1,0.9984129503253452,0.0,97.10284069505636,,,,2,0.0,0.0,0.0,0.9990477701952071,1.074846857129968,0.31508300679188045,56.18756771052214,10.204994082843992,355.94181731299403,0.0,0.0,0.0,0.0,0.0,6301,604609,3.571428061224563,0.09599999616000014,3.103631940396265,95.96968253968254,2026-02-02T00:00:00.000000,8892241
2025-09-15T00:00:00.000000,Tug,28.0,8.0,4.4,4.4,0.0,10.83115438108484,12.6,2.525686948134935,9.6,11.4,11.9,0.03494623655913978,0.8252688172043011,87.19589470945937,0.0,0.0,3.5244870041039666,2,0.0,0.0,0.9932795698924731,0.006720430107526882,0.03441479383786695,0.23958373161663937,54.022597956989244,8.081864334677418,0.18634147007999802,0.0,0.0,0.0,0.0,0.0,744,33844,3.499999562500055,0.15714285153061244,0.9106429801426613,45.55047106325706,2025-09-15T00:00:00.000000,8912209
2026-02-02T00:00:00.000000,Tug,33.0,11.0,5.0,5.0,0.0,7.02673914115269,13.6,4.245889093387754,0.0,5.0,10.7,0.34059927001103474,0.1498684322213734,106.74252066630098,0.0,0.0,38.046362787539266,3,0.0,0.0,0.9672863084627791,0.032696715049656225,0.27443148340481366,0.7808615178519339,55.889510064986,12.465786868160599,8.08105124126403,0.0,0.0,0.0,0.0,0.0,58905,482562,2.999999727272752,0.15151514692378343,2.520084072987055,8.192346869482549,2026-02-02T00:00:00.000000,9192076
2025-05-26T00:00:00.000000,Tug,28.0,9.0,4.5,4.5,0.0,3.608783783783784,10.2,1.7820837905074844,0.0,0.0,3.4,0.7562604340567612,0.00667779632721202,145.37315390774913,0.0,0.0,80.7661101836394,1,0.0,0.0,1.0,0.0,0.002112135311855638,0.025761025235842422,54.369461328881464,10.120700687813024,0.000843486317999704,0.0,0.0,0.0,0.0,0.0,599,29418,3.1111107654321373,0.16071427997449,1.9078777946540815,49.19397993311037,2025-05-26T00:00:00.000000,8128212
2026-04-27T00:00:00.000000,Tug,30.0,13.0,2.5,2.5,0.0,3.526540330607545,10.8,2.2069166020351676,0.0,0.1,5.0,0.7286602745165857,0.0015115705602418512,124.67822111601598,0.0,0.0,62.314165300266446,3,0.0,0.0,0.9820533020771285,0.017940292962870447,0.09351858319429032,0.030944223234637455,54.62995423970562,11.367195659493111,414.685578761905,0.0,0.0,0.0,0.0,0.0,156129,604383,2.3076921301775286,0.08333333055555564,2.2656033897183643,3.8710737343717976,2026-04-27T00:00:00.000000,9641481
2026-05-18T00:00:00.000000,Tug,24.0,10.0,2.4,2.4,0.0,5.247010647010647,8.6,2.699366369144401,0.0,0.0,6.3,0.6886204842116666,0.0,100.6050380900567,0.0,0.0,63.967240818979526,6,0.0,0.0,0.45371824730542165,0.24221415804582136,0.26599800589440015,0.19014523715865903,55.63900890792396,12.885805619184314,462.092022425264,0.0,0.0,0.0,0.0,0.0,18463,604422,2.399999760000024,0.0999999958333335,2.333880179486968,32.73870653233669,2026-05-18T00:00:00.000000,9651151
2025-09-01T00:00:00.000000,Tug,35.0,12.0,5.1,5.1,0.0,7.128319569453465,13.1,3.8942118149345055,0.0,0.0,10.4,0.7144563239308462,0.10957404458598727,87.26812251833157,0.0,0.0,64.94865376913833,2,0.0,0.0,0.9413813694267515,0.058618630573248405,0.25312951915713805,0.16672750090250069,55.85851360909064,12.80519696600603,0.6134748607679997,0.0,0.0,0.0,0.0,0.0,70336,604141,2.9166664236111317,0.14571428155102054,2.6706295968508624,8.589478922300419,2025-09-01T00:00:00.000000,9155236
2026-02-16T00:00:00.000000,Tug,41.0,15.0,6.5,6.5,0.0,,0.1,0.007254048511421258,0.0,0.0,0.0,0.9984667802385009,0.0,105.81274036418186,0.0,0.0,79.71898993345845,2,0.0,0.0,0.0,0.9984667802385009,1.3021521024790466,0.4147863752646161,57.773138094889276,10.584055006473594,352.760113363544,0.0,0.0,0.0,0.0,0.0,5870,604690,2.733333151111123,0.15853658149910776,0.0,103.03118078037144,2026-02-16T00:00:00.000000,9995959
2026-06-15T00:00:00.000000,Tug,32.0,14.0,5.2,5.2,0.0,3.1388601036269432,8.8,1.7177918834647392,0.0,0.0,3.0,0.7566198480313148,0.0,99.12463377375407,0.0,0.0,108.04781105990786,3,0.0,0.0,0.5438636886944508,0.45544554455445546,0.9626739923753161,0.26691665485044963,54.39084337370481,10.148803503568962,373.58390875833504,0.0,0.0,0.0,0.0,0.0,4343,603929,2.2857141224489914,0.16249999492187517,1.7464270744614367,139.09005066789499,2026-06-15T00:00:00.000000,9405693
2025-10-27T00:00:00.000000,Tug,32.0,10.0,5.2,5.2,0.0,3.685321100917431,9.9,2.7579120419485283,1.7,2.1,8.4,0.0,0.0,77.83393948385205,0.0,0.0,131.19908256880737,1,0.0,0.0,1.0,0.0,0.0007168329802518174,0.004394637342342375,53.881825816513775,9.098757394495411,9.053471000006692e-05,0.0,0.0,0.0,0.0,0.0,109,1372,3.1999996800000323,0.16249999492187517,2.4293731883824363,12.703703703703704,2025-10-27T00:00:00.000000,9036258
2025-12-22T00:00:00.000000,Tug,30.0,13.0,5.4,5.4,0.0,3.887820791648543,11.8,0.6953657789015881,0.0,0.0,0.0,0.9815922925258509,0.001386174416902718,88.57260872262786,0.0,0.0,142.1425004520134,1,0.0,0.0,1.0,0.0,0.002380894717277656,0.0018658507993249737,56.41288609821174,10.9253778672286,0.0005014964549999699,0.0,0.0,0.0,0.0,0.0,116147,604693,2.3076921301775286,0.17999999400000022,0.0,5.206317910216452,2025-12-22T00:00:00.000000,9898929
2026-04-13T00:00:00.000000,Tug,25.0,7.0,2.4,2.4,0.0,5.570509045014725,9.5,3.030628368572773,0.0,3.7,7.4,0.441747572815534,0.0,105.91558121281776,0.0,0.0,26.818066808813075,2,0.0,0.0,0.0,0.9998434074538052,0.4408983176233131,0.14020820080303598,56.127876561071105,10.248819449890386,365.91218922176,0.0,0.0,0.0,0.0,0.0,12772,604448,3.571428061224563,0.09599999616000014,2.4417370453599587,47.329731422754676,2026-04-13T00:00:00.000000,8892241
2026-02-16T00:00:00.000000,Tug,36.0,12.0,5.2,5.2,0.0,7.848602741789696,10.7,1.5149956393308373,4.9,8.5,9.0,0.0,0.005009038867128653,118.05283026219999,0.0,0.0,1.4167821633021997,1,0.0,0.0,1.0,0.0,0.3472243381287769,1.1170570248884668,55.27905204990208,13.605228412473638,4.345491946728001,0.0,0.0,0.0,0.0,0.0,26552,80892,2.999999750000021,0.1444444404320989,2.706276630297305,3.046664909042974,2026-02-16T00:00:00.000000,9211004
2025-12-08T00:00:00.000000,Tug,28.0,9.0,4.5,4.5,0.0,3.1193548387096777,7.4,0.8529315831630283,0.0,0.0,0.0,0.9635258358662614,0.0,165.6198178303766,0.0,0.0,108.32294832826747,1,0.0,0.0,1.0,0.0,0.0008086991829535116,0.006600994920651397,54.36990152431611,10.108475352583588,0.00013587310000004143,0.0,0.0,0.0,0.0,0.0,658,449938,3.1111107654321373,0.16071427997449,0.0,684.8371385083714,2025-12-08T00:00:00.000000,8128212
2026-03-30T00:00:00.000000,Tug,28.0,10.0,4.6,4.6,0.0,9.058196336308125,10.7,3.9584991487226553,0.0,9.4,10.1,0.21736991019805635,0.10850043055726412,60.30537404692249,12.625907245663674,17.385864387590818,18.285422561200637,1,0.0,0.0,1.0,0.0,0.16555287679553993,0.7165113734251177,54.4158995436093,11.2247981075163,1.230078670313991,0.0,0.0,0.0,0.0,0.0,8129,185139,2.799999720000028,0.16428570841836754,2.55147142112881,22.7779281496063,2026-03-30T00:00:00.000000,9036234
2025-12-15T00:00:00.000000,Tug,35.0,12.0,5.1,5.1,0.0,6.242017067494182,14.0,4.017018526228363,0.0,0.2,8.7,0.5622491399082569,0.0624641628440367,88.52256395855409,0.0,0.0,74.67994552752293,2,0.0,0.0,0.9692517201834863,0.030748279816513763,0.05063701865777659,0.08434174165392262,57.69746279737672,11.834319935063073,0.2874178771199992,0.0,0.0,0.0,0.0,0.0,27904,604206,2.9166664236111317,0.14571428155102054,2.165784842019066,21.65380066659499,2025-12-15T00:00:00.000000,9155236
2025-07-07T00:00:00.000000,Tug,68.0,16.0,5.8,5.8,0.0,,0.0,0.0,0.0,0.0,0.0,1.0,0.0,2.873655874778242e-14,0.0,0.0,65.91554621848736,1,0.0,0.0,0.0,1.0,3.72968747662112e-05,5.9842620791544154e-05,54.14809227478991,12.110681721428572,1.8542799999937458e-07,0.0,0.0,0.0,0.0,0.0,2380,601746,4.249999734375017,0.08529411639273358,0.0,252.9407313997478,2025-07-07T00:00:00.000000,8321591
2026-06-15T00:00:00.000000,Tug,32.0,12.0,5.8,5.8,0.0,4.41085801063022,12.8,1.7279008218255834,0.0,0.0,1.6,0.8935082637587323,0.011671494292042938,92.11129908268872,0.0,0.0,96.30335661952635,1,0.0,0.0,0.0,1.0,0.004775680947321679,0.009437413070183346,54.636001815385924,11.38068036096439,0.0010825575959999118,0.0,0.0,0.0,0.0,0.0,11738,604483,2.666666444444463,0.1812499943359377,0.9259785363901921,51.502343017806936,2026-06-15T00:00:00.000000,9964039
2025-07-14T00:00:00.000000,Tug,19.0,6.0,1.8,1.8,0.0,,0.0,0.0,0.0,0.0,0.0,1.0,0.0,0.7402768425432146,0.0,0.0,0.4419944378228047,1,0.0,0.0,0.0,1.0,1.692273090098904e-05,2.311696172599687e-05,54.37071184068336,12.721634056019068,2.0252999999032483e-08,0.0,0.0,0.0,0.0,0.0,2517,597374,3.166666138888977,0.09473683711911383,0.0,237.43004769475357,2025-07-14T00:00:00.000000,8680820
2025-05-26T00:00:00.000000,Tug,23.0,8.0,3.0,3.0,0.0,8.343791281373845,11.2,4.145515592441421,0.0,0.0,9.2,0.6286452565522332,0.055001845699520116,93.65100212897642,0.0,0.0,72.28768,3,0.0,0.0,0.9666543620031992,0.033099544727451705,0.5651506606448976,0.17132256843308583,55.0749369229728,8.500100969853577,309.405302000256,0.0,0.0,0.0,0.0,0.0,8127,86297,2.8749996406250453,0.1304347769376184,2.21926502882041,10.619862170809746,2025-05-26T00:00:00.000000,7625433
2026-04-20T00:00:00.000000,Tug,58.0,15.0,4.2,4.2,0.0,1.7099238212888614,5.5,0.906460773274469,0.7,1.5,2.7,0.2333589842247018,0.0,121.69434108396149,0.0,0.0,23.866006156213928,1,0.0,0.0,1.0,0.0,0.027980855889990316,0.03019945019395734,53.813083457291256,2.786229771642939,0.014886502620000712,0.0,0.0,0.0,0.0,0.0,5198,284051,3.8666664088889062,0.07241379185493463,2.206380962735223,54.656725033673276,2026-04-20T00:00:00.000000,9196503
2025-09-08T00:00:00.000000,Tug,32.0,9.0,4.3,4.3,0.0,5.494567627494456,6.3,2.4322278423593975,0.0,5.4,6.0,0.24782899131596525,0.0,71.77088373061216,0.0,0.0,25.019488977955913,2,0.0,0.0,0.0,0.3183032732130929,0.11192496096621607,0.5884848196063888,54.95290456179025,15.192545164829658,0.6717575251399897,0.0,0.0,0.0,0.0,0.0,5988,253546,3.5555551604938715,0.13437499580078138,2.466873139362851,42.3494237514615,2025-09-08T00:00:00.000000,8422058
2026-03-02T00:00:00.000000,Tug,30.0,10.0,4.8,4.8,0.0,8.475462788061957,12.1,4.479521690213502,0.0,9.7,10.4,0.26565410517266086,0.2911591918612982,101.6755354298985,0.0,0.0,31.668691789654677,3,0.0,0.0,0.5195586760280843,0.11577589912594928,0.3851120508983301,0.14620439441173355,54.77798853961885,14.552288177675885,0.5448255687300009,0.0,0.0,0.0,0.0,0.0,6979,315912,2.9999997000000302,0.15999999466666684,2.3216759282682227,45.2725709372313,2026-03-02T00:00:00.000000,9883637
2025-09-29T00:00:00.000000,Tug,30.0,9.0,4.7,4.7,0.0,7.690260053804235,11.6,1.4852848421447709,6.5,7.7,9.1,0.013110276544895869,0.0015705018777739843,97.61159456649143,0.0,0.0,7.321101645971701,2,0.0,0.0,0.6264936838511438,0.0,0.1488181005895903,0.8098504290015336,54.47378127251621,11.451758862888358,3.427585405165999,0.0,0.0,0.0,0.0,0.0,14645,425012,3.3333329629630044,0.15666666144444463,1.7505048026618015,29.022944550669216,2025-09-29T00:00:00.000000,6923888
2026-01-12T00:00:00.000000,Tug,24.0,8.0,4.5,4.5,0.0,,0.1,0.026046643892505394,0.0,0.0,0.0,1.0,0.0,60.836624991256556,0.0,0.0,134.3169902912621,1,0.0,0.0,1.0,0.0,1.8258807832145484e-05,3.200826800900083e-05,56.15624730582525,14.829147684466017,1.953600000086597e-08,0.0,0.0,0.0,0.0,0.0,206,24798,2.999999625000047,0.18749999218750033,0.0,120.96585365853659,2026-01-12T00:00:00.000000,7405522
2026-05-18T00:00:00.000000,Tug,35.0,12.0,6.0,6.0,0.0,5.889863214460186,12.9,3.7240638589533632,0.0,3.9,9.5,0.29624765478424014,0.021200750469043152,105.56231334635092,0.0,0.0,58.39827262485918,3,0.0,0.0,0.43639774859287056,0.5628517823639775,0.8956200994156684,0.3219427998939092,58.34643994052532,11.348945281801127,375.050800275836,0.0,0.0,0.0,0.0,0.0,5330,604755,2.9166664236111317,0.1714285665306124,2.5509759791535815,113.48376806155001,2026-05-18T00:00:00.000000,9495375
2025-11-03T00:00:00.000000,Tug,35.0,12.0,6.8,6.8,0.0,8.686854671592036,9.5,0.3207898344895157,8.2,8.7,9.0,0.0,0.0,7.923169054272501,0.0,0.0,2.6051085683394897,1,0.0,0.0,1.0,0.0,1.0841285259263145,1.0136529933456437,55.70789145553654,6.285794803585909,12.544352242694007,0.0,0.0,0.0,0.0,0.0,11099,103025,2.9166664236111317,0.19428570873469406,2.4938368369316577,9.283204180933502,2025-11-03T00:00:00.000000,9360594
2026-02-23T00:00:00.000000,Tug,41.0,11.0,3.9,3.9,0.0,9.056613756613755,9.5,0.16052163644566977,8.9,9.0,9.3,0.0,0.0,66.60067213531241,0.0,0.0,4.704232804232803,1,0.0,0.0,0.0,0.0,0.2472187294725144,0.007781595571038497,55.50153755555555,5.615251444444445,0.04477012167099995,0.0,0.0,0.0,0.0,0.0,189,29996,3.727272388429783,0.09512194889946467,2.4918603933806165,159.5531914893617,2026-02-23T00:00:00.000000,9559781
2025-09-08T00:00:00.000000,Tug,32.0,12.0,5.0,5.0,0.0,5.32258064516129,10.9,3.5390223417404907,0.0,0.2,9.8,0.6525,0.085,104.9045126337629,0.0,0.0,65.8395,2,0.0,0.0,0.7775,0.2225,0.030343404101173515,0.04076243725717122,58.011897595,11.725967292500002,0.010995882924000392,0.0,0.0,0.0,0.0,0.0,400,245419,2.666666444444463,0.15624999511718765,2.7691255619637603,615.0852130325815,2025-09-08T00:00:00.000000,9602447
2026-06-22T00:00:00.000000,Tug,38.0,12.0,6.1,5.9,0.1999999999999993,5.653708133971292,7.7,1.8377212692495881,0.0,0.0,0.5,0.9094415761675865,0.0,112.94633064308432,0.0,0.0,68.08092694795562,3,0.0,0.854133285858406,0.10717464838881965,0.03869206575277431,0.01437797714047932,0.013810700439598513,54.58217315553973,11.416638429410717,0.003952174500000137,0.0,0.0,0.0,0.0,0.0,16851,604317,3.1666664027777998,0.16052631156509706,0.27207593245532635,35.864510385756674,2026-06-22T00:00:00.000000,9416575
2026-06-08T00:00:00.000000,Tug,24.0,12.0,5.6,5.6,0.0,6.339258373978488,12.4,3.8833366150611845,0.0,4.6,9.5,0.31153792167688205,0.07188976746362233,102.65484577984645,0.0,0.0,34.89647645118271,3,0.0,0.0,0.9043887147335423,0.09549431525756796,0.3940296872735328,0.18907916592643192,55.74542553001451,12.703957074042016,460.231246194924,0.0,0.0,0.0,0.0,0.0,42746,604525,1.9999998333333473,0.2333333236111115,2.4463492340081587,14.142589776582057,2026-06-08T00:00:00.000000,1037311
2026-04-13T00:00:00.000000,Tug,28.0,9.0,5.2,5.2,0.0,8.421083939193656,9.7,2.198766126690315,4.8,9.3,9.5,0.016318537859007835,0.0,52.015078823423586,0.0,0.0,6.548302872062664,2,0.0,0.0,0.9996736292428199,0.0,0.2582518810359691,0.032447007925887,56.975923350848554,8.173443853785901,0.09403639481600083,0.0,0.0,0.0,0.0,0.0,3064,22048,3.1111107654321373,0.18571427908163288,2.1375615193386373,7.1981717270649686,2026-04-13T00:00:00.000000,7500798
2025-08-11T00:00:00.000000,Tug,32.0,12.0,5.0,5.0,0.0,7.71545115585384,11.4,4.429098739986057,0.0,6.9,10.8,0.28895496090738904,0.29633300297324083,103.32124795596047,0.0,0.0,29.61093095080521,2,0.0,0.0,0.9302940204823258,0.06970597951767427,0.22673054290528658,0.40311413475563823,57.80016064078846,11.486978197224976,1.249311623264009,0.0,0.0,0.0,0.0,0.0,9081,474617,2.666666444444463,0.15624999511718765,2.4384187835052002,52.270594713656386,2025-08-11T00:00:00.000000,9602459
2026-05-25T00:00:00.000000,Tug,29.0,13.0,5.4,5.4,0.0,,0.0,0.0,0.0,0.0,0.0,1.0,0.0,23.87010577341351,0.0,0.0,94.12315641146077,2,0.0,0.0,0.09628933771723815,0.9037106622827619,1.764708894222809e-05,2.1671998750191687e-05,54.477953769845,13.597602265852512,1.7780000000872448e-08,0.0,0.0,0.0,0.0,0.0,2129,603529,2.230769059171611,0.1862068901307969,0.0,283.61325187969925,2026-05-25T00:00:00.000000,9863924
2026-06-22T00:00:00.000000,Tug,32.0,13.0,5.9,5.9,0.0,7.3350230414746544,11.7,3.5990811519771433,0.0,0.0,8.8,0.7345911949685534,0.05157232704402516,132.51846870599118,0.0,0.0,71.6980503144654,1,0.0,0.0,1.0,0.0,0.06157513882432205,0.0664043116858127,53.43312654811321,6.8401114569182395,0.09604790569200106,0.0,0.0,0.0,0.0,0.0,3180,284727,2.461538272189364,0.18437499423828146,2.445067833521319,89.56495753381567,2026-06-22T00:00:00.000000,9881770
2026-01-26T00:00:00.000000,Tug,29.0,11.0,4.5,4.5,0.0,4.627437341700374,11.5,2.751374267791268,0.0,0.0,5.9,0.6992045056385368,0.003179382031949545,113.34778259328105,0.0,0.0,85.30967582087996,3,0.0,0.0,0.8886307893951388,0.11135623353534305,0.1255531865528354,0.04060124598631155,56.15507685207439,10.228816550279655,358.90829565255,0.0,0.0,0.0,0.0,0.0,77059,604312,2.636363396694237,0.15517240844233074,2.14438214556474,7.842300604739287,2026-01-26T00:00:00.000000,9259238
2026-02-09T00:00:00.000000,Tug,23.0,7.0,5.5,5.5,0.0,,0.3,0.07405437624638447,0.0,0.1,0.2,1.0,0.0,104.12640086318379,0.0,0.0,91.74065217391305,1,0.0,0.0,1.0,0.0,1.3583388834603267e-06,2.2753961530439735e-06,57.439874562296865,10.552075840736729,1.0799999997690133e-10,0.0,0.0,0.0,0.0,0.0,923,3787,3.2857138163265978,0.2391304243856337,2.7006817078964525,4.1073752711496745,2026-02-09T00:00:00.000000,9149469
2025-10-13T00:00:00.000000,Tug,25.0,13.0,6.2,6.2,0.0,,0.2,0.029404781086389102,0.0,0.0,0.0,1.0,0.0,103.19737518175586,0.0,0.0,87.43897396630933,1,0.0,0.0,1.0,0.0,8.26443493300578e-06,5.788096910142529e-06,53.88810869627361,9.183063555130168,2.013999999774323e-09,0.0,0.0,0.0,0.0,0.0,3918,61680,1.9230767751479405,0.2479999900800004,0.0,15.746744957875926,2025-10-13T00:00:00.000000,9964053
2026-06-15T00:00:00.000000,Tug,28.0,10.0,4.6,4.6,0.0,3.0877049180327867,7.3,0.9644088228433355,0.0,0.0,0.0,0.9433293978748524,0.0,39.684239988013125,3.100295159386069,8.66594143554049,128.22485242030697,1,0.0,0.0,1.0,0.0,0.0023105860287965614,0.003910392688244617,53.896541597402596,9.155070599173554,0.0014395935240001337,0.0,0.0,0.0,0.0,0.0,1694,499822,2.799999720000028,0.16428570841836754,0.0,295.2285883047844,2026-06-15T00:00:00.000000,9036234
2026-04-20T00:00:00.000000,Tug,32.0,12.0,5.2,5.2,0.0,3.1179803921568627,11.3,2.146946423924595,0.0,0.3,4.9,0.6729986067945558,0.005010181116707748,104.35808844940101,0.0,0.0,67.81812067949198,4,0.0,0.06598971171364269,0.7514735826813846,0.18248312078019505,0.26701941468521545,0.08452230606975637,54.61642630629086,11.36364005010181,414.84218528235004,0.0,0.0,0.0,0.0,0.0,37324,604238,2.666666444444463,0.16249999492187517,2.2823101979101366,16.18942743080674,2026-04-20T00:00:00.000000,9408645
2025-12-29T00:00:00.000000,Tug,30.0,12.0,4.8,4.8,0.0,5.987799966437322,12.0,3.8484766857392843,0.0,0.0,10.6,0.643869835268701,0.11456926816095057,95.35720238289386,0.0,0.0,71.14402280904216,3,0.0,0.0,0.564947339994599,0.43471509586821494,0.6695623530654667,0.2113997333009191,55.573743117134754,11.075457475357817,397.3883831756539,0.0,0.0,0.0,0.0,0.0,14812,604354,2.499999791666684,0.15999999466666684,2.7543358349923137,40.80440213354939,2025-12-29T00:00:00.000000,9324784
2026-01-12T00:00:00.000000,Tug,21.0,7.0,3.0,3.0,0.0,1.0,1.0,0.01981993982329095,0.0,0.0,0.0,0.9997940267765191,0.0,94.92293258469132,0.0,0.0,78.97247167868177,1,0.0,0.0,0.0,1.0,2.7176486524977432e-05,0.00038999578230245857,55.29813619577755,10.813284663645726,1.3177599999699507e-07,0.0,0.0,0.0,0.0,0.0,9710,604591,2.9999995714286327,0.14285713605442207,0.0,62.271191677824696,2026-01-12T00:00:00.000000,8955122
2025-07-21T00:00:00.000000,Tug,25.0,10.0,2.8,2.8,0.0,4.9694788488003345,9.1,1.982301455181504,0.0,0.0,2.9,0.8720853322616566,0.0,102.90885952296442,0.0,0.0,91.86109717683024,1,0.0,0.0,1.0,0.0,0.021541267967629264,0.07934452815142569,54.98959563732952,11.884403482296403,0.27417139829999787,0.0,0.0,0.0,0.0,0.0,119439,604662,2.499999750000025,0.11199999552000017,1.4629452697391074,5.062559654381353,2025-07-21T00:00:00.000000,9570876
2026-06-15T00:00:00.000000,Tug,26.0,12.0,2.7,2.7,0.0,7.873305084745763,9.3,4.016619942117045,0.0,8.9,9.2,0.2748397435897436,0.0,88.31503917268392,0.0,0.0,30.259054487179476,2,0.0,0.0,0.8389423076923077,0.16105769230769232,0.03763369331679694,0.05801130122741135,54.45756956650641,13.71570213701923,0.016941934159999974,0.0,0.0,0.0,0.0,0.0,1248,378646,2.166666486111126,0.10384614985207116,2.290482505713109,303.6455493183641,2026-06-15T00:00:00.000000,9513828
2026-05-04T00:00:00.000000,Tug,26.0,12.0,3.8,3.8,0.0,4.589518882201809,10.6,2.0402462900592337,0.0,0.0,2.9,0.8636606993474988,0.0008309631364675701,113.09453249780724,0.0,0.0,65.42034539308544,1,0.0,0.0,1.0,0.0,0.013828619083466732,0.011704854573569838,54.63391549900172,11.367279770458982,0.004085271120000144,0.0,0.0,0.0,0.0,0.0,179310,604505,2.166666486111126,0.14615384053254457,1.4213963249110872,3.371303169389155,2026-05-04T00:00:00.000000,9766413
2025-07-21T00:00:00.000000,Tug,28.0,9.0,2.8,2.8,0.0,6.164347896505649,10.3,3.3439952369435995,0.0,0.0,8.2,0.6726418353949278,0.0008568861861654344,95.2102750292109,,,,1,0.0,0.0,1.0,0.0,0.02251062945627914,0.07062786292238432,57.7070135299841,10.63471156344413,0.06331333246000007,0.0,0.0,0.0,0.0,0.0,72355,604507,3.1111107654321373,0.09999999642857155,2.4521558694978585,8.354852530613373,2025-07-21T00:00:00.000000,8703995
2026-05-25T00:00:00.000000,Tug,28.0,9.0,2.8,2.8,0.0,7.339369150779896,11.1,3.0070449929267293,0.0,0.0,8.2,0.845049172999553,0.027670987930263746,97.09792701929808,,,,1,0.0,0.0,1.0,0.0,0.014318059869591218,0.05296042741548397,57.713033204872595,10.600896325581136,0.0668174868340019,0.0,0.0,0.0,0.0,0.0,89480,604498,3.1111107654321373,0.09999999642857155,2.7269286932385817,6.755752746454475,2026-05-25T00:00:00.000000,8703995
2026-04-06T00:00:00.000000,Tug,35.0,11.0,4.4,4.4,0.0,3.8569569022095824,10.7,1.7589872954119865,0.0,0.0,1.8,0.8721258046117494,0.0014503381406339119,127.25632300319498,0.0,0.0,106.05702436242159,2,0.0,0.0,0.9940193921616557,0.005980607838344333,0.004460029025574923,0.010588020582391076,55.09895188033896,14.690353761231973,0.002950182665000086,0.0,0.0,0.0,0.0,0.0,61365,604674,3.18181789256201,0.1257142821224491,1.0233155073828435,9.853888273254677,2026-04-06T00:00:00.000000,9153616
2025-10-06T00:00:00.000000,Tug,20.0,7.0,2.4,2.4,0.0,3.2954260271200164,9.4,1.4827311488046333,0.0,0.0,1.8,0.8629535547401762,0.0,90.05675256185866,0.0,0.0,75.99614890080596,1,0.0,0.0,0.0,0.0,0.03977482345051091,0.005083285353524861,57.10736514483959,12.242362504735473,0.021392842499999943,0.0,0.0,0.0,0.0,0.0,63774,604490,2.85714244897965,0.11999999400000029,1.2139751616306058,9.478776284634563,2025-10-06T00:00:00.000000,9192313
2026-01-05T00:00:00.000000,Tug,29.0,9.0,4.3,4.3,0.0,,0.0,0.0,0.0,0.0,0.0,1.0,0.0,0.0,0.0,0.0,78.5314209726444,1,0.0,0.0,0.0,1.0,7.335234260517576e-06,7.871137322854549e-06,57.119655469794836,8.5932439525076,4.032000000217675e-09,0.0,0.0,0.0,0.0,0.0,5264,604443,3.222221864197571,0.14827585695600493,0.0,114.84761542846286,2026-01-05T00:00:00.000000,8027779
2025-09-22T00:00:00.000000,Tug,22.0,11.0,4.8,4.8,0.0,,0.0,0.0,0.0,0.0,0.0,1.0,0.0,2.84410111028701e-14,0.0,0.0,13.230257801899587,1,0.0,0.0,1.0,0.0,1.4948577867247688e-05,1.7763732192178374e-05,59.887579636363625,10.747914736770692,1.5659999999976034e-08,0.0,0.0,0.0,0.0,0.0,737,17428,1.9999998181818348,0.21818180826446323,0.0,23.679347826086957,2025-09-22T00:00:00.000000,9953731
2025-10-27T00:00:00.000000,Tug,21.0,11.0,5.0,5.0,0.0,7.923791275988585,9.6,0.586914112633882,7.4,7.9,8.4,0.0,0.0,24.48904663715651,0.0,0.0,4.252670199755402,1,0.0,0.0,1.0,0.0,0.10636306639728865,1.777742242459359,54.58148405389319,12.551578432286997,2.7399210585579805,0.0,0.0,0.0,0.0,0.0,12265,112446,1.909090735537206,0.23809522675737013,1.7038239065140592,9.168786692759296,2025-10-27T00:00:00.000000,1045069
2025-08-04T00:00:00.000000,Tug,24.0,10.0,2.4,2.4,0.0,6.381387472817368,9.3,2.901742067321336,0.0,0.0,7.5,0.7856416287866748,0.0,94.4947646454098,0.0,0.0,52.764495569595105,1,0.0,0.0,1.0,0.0,0.07094748496877255,0.02099131323599391,55.22256994605677,9.875160038343559,0.012847789680000098,0.0,0.0,0.0,0.0,0.0,125836,604144,2.399999760000024,0.0999999958333335,2.584653370749126,4.801080780387014,2025-08-04T00:00:00.000000,9651151
2025-07-21T00:00:00.000000,Tug,30.0,12.0,6.2,6.2,0.0,7.754453441295547,10.5,3.9019522500984216,0.0,7.6,9.1,0.2792925571112749,0.0036845983787767134,116.34321884373682,0.0,0.0,19.354277286135687,3,0.0,0.0,0.847457627118644,0.1518054532056006,0.8688540859820563,0.26892759793972815,59.05476474060428,9.708447490051585,321.749958692066,0.0,0.0,0.0,0.0,0.0,1357,174146,2.499999791666684,0.206666659777778,2.332165307149814,128.42625368731564,2025-07-21T00:00:00.000000,9875915
2026-03-02T00:00:00.000000,Tug,26.0,8.0,4.2,4.2,0.0,6.283121131741822,10.1,2.217009698185726,0.0,0.0,1.1,0.8972446472446473,4.875004875004875e-05,114.07910778752192,0.0,0.0,63.772049846909916,1,0.0,0.0,0.0,0.0,0.011628578440166968,0.00775547845042806,55.697008303625054,12.629120725176476,0.0008143963830000823,0.0,0.0,0.0,0.0,0.0,102564,604770,3.249999593750051,0.16153845532544403,0.49616359582756037,5.896570888137047,2026-03-02T00:00:00.000000,8108121
2026-06-22T00:00:00.000000,Tug,29.0,13.0,5.4,5.4,0.0,4.2081395348837205,8.9,1.9938912451816078,0.0,0.0,4.6,0.8364312267657993,0.0,111.76214237083668,0.0,0.0,61.289318655162155,3,0.0,0.0,0.6292936802973977,0.3702602230483271,0.7712988837265005,0.28724020184993054,54.493780665724906,13.591272068698887,498.770362475125,0.0,0.0,0.0,0.0,0.0,6725,597963,2.230769059171611,0.1862068901307969,2.307045433932676,88.92965496728138,2026-06-22T00:00:00.000000,9863924
2025-10-27T00:00:00.000000,Tug,30.0,13.0,5.4,5.4,0.0,8.156605014246937,11.5,4.1432738093682655,0.0,0.0,9.1,0.5836998595675822,9.979968776954826e-05,105.13254643353534,0.0,0.0,61.23511238157698,1,0.0,0.0,1.0,0.0,0.6522194255512836,0.6069997408417233,56.68903329081629,10.761099131336389,5.903274419057998,0.0,0.0,0.0,0.0,0.0,140281,604580,2.3076921301775286,0.17999999400000022,2.1963302987830287,4.309808953521529,2025-10-27T00:00:00.000000,9898929
2026-04-13T00:00:00.000000,Tug,33.0,12.0,5.4,5.4,0.0,6.903260869565218,12.1,4.8856222549249075,0.1,2.0,11.9,0.40816326530612246,0.2789115646258503,100.43358058731671,0.0,0.0,86.26530612244898,1,0.0,0.0,1.0,0.0,0.01470227705746131,0.013274910732099259,53.584461544217696,8.526980857142858,0.0017982998219999687,0.0,0.0,0.0,0.0,0.0,147,192327,2.7499997708333526,0.1636363586776861,2.415249679374094,1317.3082191780823,2026-04-13T00:00:00.000000,9451537
2025-10-13T00:00:00.000000,Tug,34.0,12.0,6.0,6.0,0.0,3.4720645905420993,7.7,1.4654445936957707,0.0,0.0,1.6,0.8819368699388531,0.0,130.12599398144755,11.013883379611265,23.78143161521443,117.24919674732251,4,0.0,0.09234837216988928,0.5966947611964964,0.3108577094695092,0.362832274084519,0.11345619795382449,54.63099169932242,11.37869032787969,415.225310641736,0.0,0.0,0.0,0.0,0.0,30255,604495,2.833333097222242,0.17647058304498286,1.09181808378494,19.980663713889072,2025-10-13T00:00:00.000000,9429558
2025-06-02T00:00:00.000000,Tug,47.0,14.0,5.6,5.6,0.0,9.224103419516265,9.7,0.40047281235523297,9.1,9.3,9.5,0.0,0.0,85.74989642926201,18.8045871559633,13.49081072182427,7.737864887406171,1,0.0,0.0,1.0,0.0,0.25498810184902965,0.02790201710071234,55.705739494578815,5.3260513703085905,0.13684830977700013,0.0,0.0,0.0,0.0,0.0,1199,25071,3.3571426173469563,0.11914893363512907,0.9988168705652786,20.927378964941568,2025-06-02T00:00:00.000000,9274783
2026-05-25T00:00:00.000000,Tug,23.0,12.0,5.1,5.1,0.0,5.887906707918267,12.7,3.645330331462567,0.0,2.2,8.7,0.42680852828936455,0.023643603782976606,96.22093867922825,0.0,0.0,39.97056725085554,3,0.0,0.0,0.8878173220507716,0.11216193794591008,0.1639293337434954,0.1383144180528976,55.69120217361457,12.690558312842208,460.86935616176004,0.0,0.0,0.0,0.0,0.0,48216,604587,1.916666506944458,0.22173912079395125,2.386614331847145,12.539396453385876,2026-05-25T00:00:00.000000,9898905
2025-07-07T00:00:00.000000,Tug,25.0,13.0,6.2,6.2,0.0,7.584285714285714,11.5,3.2385060573332862,0.0,0.0,9.1,0.7994269340974212,0.0057306590257879654,103.78033910796286,0.0,0.0,73.41432664756448,2,0.0,0.0,0.9598853868194842,0.04011461318051576,0.015506451636977482,0.017006639656311634,53.56066702578798,8.551700091690545,0.0026569605600000063,0.0,0.0,0.0,0.0,0.0,349,190590,1.9230767751479405,0.2479999900800004,2.8099367513786726,547.6724137931035,2025-07-07T00:00:00.000000,9932177
2025-06-30T00:00:00.000000,Tug,24.0,8.0,,,,,0.1,0.0036889111452472535,0.0,0.0,0.0,1.0,0.0,28.846758255252038,0.0,0.0,54.592094196804034,1,0.0,0.0,0.0,1.0,1.692954280886395e-05,1.0709562198632116e-05,57.120807390229665,8.599443381860647,1.0291999999750802e-08,0.0,0.0,0.0,0.0,0.0,5138,604736,2.999999625000047,,0.0,117.72162740899357,2025-06-30T00:00:00.000000,9905849
2025-09-01T00:00:00.000000,Tug,32.0,12.0,5.0,5.0,0.0,7.2491666666666665,11.9,4.107743414644129,0.0,7.5,10.0,0.2881403118040089,0.048719376391982185,107.84662005960452,0.0,0.0,31.263585746102454,2,0.0,0.0,0.8772271714922049,0.1227728285077951,0.10954201850119748,0.1167757102833175,57.76260515311804,11.735034975501113,0.1485394005090015,0.0,0.0,0.0,0.0,0.0,3592,559854,2.666666444444463,0.15624999511718765,2.434426047626028,155.9047619047619,2025-09-01T00:00:00.000000,9602447
2026-02-09T00:00:00.000000,Tug,29.0,13.0,5.6,5.4,0.1999999999999993,9.08884941780146,10.9,1.4312619271290858,8.7,9.1,9.9,0.01757913855734302,0.013362740010378828,37.1804146766464,0.0,0.0,4.129879987025625,3,0.0,0.0,0.9951349247535028,0.004800207576543851,0.30904866464242575,0.5382275553697345,54.513111654644526,11.111732740140116,452.346015333625,0.0,0.0,0.0,0.0,0.0,15416,540239,2.230769059171611,0.19310344161712267,0.8384203749390995,35.04631852092118,2026-02-09T00:00:00.000000,9863924
2025-08-11T00:00:00.000000,Tug,24.0,10.0,2.6,2.6,0.0,3.1606001206272616,9.1,1.6963772911903015,0.0,0.0,3.7,0.7871030141830574,0.0,102.95248630285043,0.0,0.0,90.27964198547691,1,0.0,0.0,1.0,0.0,0.0026950836069409164,0.012080295420802578,54.63738232113253,11.374272248464193,0.00048490797999985066,0.0,0.0,0.0,0.0,0.0,132341,604611,2.399999760000024,0.10833332881944463,2.181117277446302,4.568618709384918,2025-08-11T00:00:00.000000,1053729
2025-09-29T00:00:00.000000,Tug,26.0,9.0,2.5,2.5,0.0,6.564054054054053,7.2,0.37809936506369474,6.1,6.6,7.1,0.0,0.0,1.0499140743250863,0.0,0.0,0.9640540540540542,1,0.0,0.0,1.0,0.0,0.0195596354405957,0.1310339327297607,53.95902101621622,7.208330878378378,0.031348261308000655,0.0,0.0,0.0,0.0,0.0,370,9159,2.8888885679012706,0.09615384245562145,2.644800408567551,24.821138211382113,2025-09-29T00:00:00.000000,9348429
2026-05-11T00:00:00.000000,Tug,24.0,9.0,2.8,2.8,0.0,4.641253661961601,8.4,2.414681750770279,0.0,0.0,6.3,0.7381976912573959,0.0,78.84216300324998,0.0,0.0,55.59417435557946,1,0.0,0.0,0.0,0.0,0.010296189600980239,0.007587984880580189,55.698812183816734,12.628713970361481,0.0014253058500001091,0.0,0.0,0.0,0.0,0.0,145014,604773,2.6666663703704034,0.11666666180555575,2.6090383914782644,4.170474371263266,2026-05-11T00:00:00.000000,9878125
2025-09-08T00:00:00.000000,Tug,29.0,9.0,4.6,4.6,0.0,4.780952380952381,6.4,2.0630544220613998,0.0,5.1,5.9,0.16666666666666666,0.0,101.3291075144621,18.136,24.31340530282327,100.35119999999999,2,0.0,0.0,0.0,0.9920634920634921,3.3048561438774673,0.8164238267977825,54.19755076984129,9.09102861111111,340.626339646339,0.0,0.0,0.0,0.0,0.0,126,498375,3.222221864197571,0.15862068418549363,2.8598359195337246,3987.0,2025-09-08T00:00:00.000000,8912211
2025-06-16T00:00:00.000000,Tug,28.0,8.0,4.8,4.8,0.0,2.953094910591472,9.7,2.2582462279650093,0.1,1.6,5.0,0.38402309913378246,0.0,73.37566728839695,0.0,0.0,96.63686236766122,1,0.0,0.0,1.0,0.0,0.08779871559573135,0.3324669281393265,53.81831688931665,8.903833381135707,0.19786349327500127,0.0,0.0,0.0,0.0,0.0,1039,494987,3.499999562500055,0.17142856530612266,2.169824428132066,476.8660886319846,2025-06-16T00:00:00.000000,7719052
2026-05-11T00:00:00.000000,Tug,24.0,12.0,5.6,5.6,0.0,5.562629033062384,10.5,3.3581727730393633,0.0,3.6,8.0,0.3565854161652972,0.005019424485165194,108.6746137148684,0.0,0.0,31.389688488516022,3,0.0,0.0,0.832364974043387,0.1675318870973287,0.3898423553927776,0.17711238145748104,55.915111830336585,12.768750818200571,460.60432605633605,0.0,0.0,0.0,0.0,0.0,29087,604290,1.9999998333333473,0.2333333236111115,2.3822471797698204,20.775974695729904,2026-05-11T00:00:00.000000,1037311
2025-12-22T00:00:00.000000,Tug,30.0,10.0,4.8,4.8,0.0,,0.0,0.0,0.0,0.0,0.0,1.0,0.0,4.256622481669745,0.0,0.0,107.53106796116505,1,0.0,0.0,0.0,1.0,0.011195264711875702,0.010590345272792288,53.44371428155334,6.825941524271842,0.01222557735999994,0.0,0.0,0.0,0.0,0.0,103,187945,2.9999997000000302,0.15999999466666684,0.0,1842.5980392156862,2025-12-22T00:00:00.000000,8714267
2025-06-16T00:00:00.000000,Tug,26.0,9.0,5.0,5.0,0.0,2.7046606704824203,10.6,2.269665412369679,0.2,0.6,5.6,0.6285714285714286,0.005529953917050691,135.77496241801742,0.0,0.0,110.63903225806452,2,0.0,0.0,0.7995391705069125,0.20046082949308755,0.015122857344346628,0.03294658634067939,56.14827050460829,14.824043570046083,0.04967999820000129,0.0,0.0,0.0,0.0,0.0,2170,392454,2.8888885679012706,0.1923076849112429,2.37920426128263,180.9377593360996,2025-06-16T00:00:00.000000,7349091
2025-10-20T00:00:00.000000,Tug,30.0,11.0,4.8,4.8,0.0,4.312259947764634,12.9,2.291386773098361,0.0,0.0,5.4,0.7852095917993777,0.005784367563609738,139.9353865141499,0.0,0.0,27.730310463498572,3,0.0,0.0,0.8274940508877906,0.17246933919092075,0.213781392689844,0.06983860332442764,55.674973073585946,11.092103471938495,392.27818131237996,0.0,0.0,0.0,0.0,0.0,27315,604630,2.7272724793388656,0.15999999466666684,2.3566504383927325,22.13626711576481,2025-10-20T00:00:00.000000,9292852
2025-06-09T00:00:00.000000,Tug,22.0,9.0,2.3,2.2,0.09999999999999964,7.050166453265045,8.2,3.579926243653209,0.0,6.5,7.7,0.4100261016428681,0.0,92.67586815312018,0.0,0.0,53.43226846874521,3,0.0,0.0,0.7521879318286504,0.24750499001996007,0.6954193321928401,1.1732941310090828,54.5773214518655,10.098425486795637,396.38684822390405,0.0,0.0,0.0,0.0,0.0,13026,301400,2.4444441728395367,0.10454544979338863,2.150881701199709,23.140115163147794,2025-06-09T00:00:00.000000,9868534
2026-03-02T00:00:00.000000,Tug,23.0,12.0,5.1,5.1,0.0,6.820612936154418,12.1,4.077902520152205,0.0,4.7,9.8,0.3801828848009558,0.05552407064193484,108.6393371168099,0.0,0.0,44.13163110573314,2,0.0,0.0,0.882151117374056,0.11784888262594391,0.16617760594977193,0.1354844379599702,55.81277952688897,12.809778427879976,0.1807569773179987,0.0,0.0,0.0,0.0,0.0,65287,604507,1.916666506944458,0.22173912079395125,2.403195649816213,9.259366479796586,2026-03-02T00:00:00.000000,9898905
2025-08-25T00:00:00.000000,Tug,29.0,12.0,5.3,5.3,0.0,4.319427710843374,10.3,2.3976291036596757,0.0,0.0,6.0,0.717480602464628,0.004107713372889092,94.86989903902695,0.0,0.0,112.02096847875744,3,0.0,0.0,0.6869009584664537,0.312186216339571,1.1031486293200174,0.4106611659967534,54.512865405750794,13.5813651232314,498.62010229214604,0.0,0.0,0.0,0.0,0.0,2191,435667,2.4166664652777947,0.18275861438763397,2.502471082108023,198.93470319634704,2025-08-25T00:00:00.000000,9803833
2025-06-16T00:00:00.000000,Tug,28.0,10.0,4.5,4.5,0.0,16.48965517241379,102.2,1.2278207881949355,0.0,0.0,0.0,0.9981163087037619,0.0005170917283791021,9.536452762692734,0.0,0.0,31.730581474843405,1,0.0,0.0,1.0,0.0,0.01926435384877791,0.1651576382566542,55.55429018170234,14.364598581986739,4.4916224282650274,0.0,0.0,0.0,0.0,0.0,54149,604597,2.799999720000028,0.16071427997449,0.0,11.165638620078305,2025-06-16T00:00:00.000000,9399715
2025-09-29T00:00:00.000000,Tug,23.0,12.0,5.1,5.1,0.0,5.550525119232955,11.3,3.562864060805016,0.0,3.4,8.8,0.3488380382092957,0.01621756487025948,101.73603535957606,0.0,0.0,47.85450900017822,3,0.0,0.0,0.94428999144568,0.055674365554605074,0.21513821205845593,0.1830534147946037,55.67374545172156,12.808075277783718,460.67998756689,0.0,0.0,0.0,0.0,0.0,56112,604400,1.916666506944458,0.22173912079395125,2.469922337729982,10.77150647823065,2025-09-29T00:00:00.000000,9898905
2026-04-27T00:00:00.000000,Tug,62.0,14.0,5.8,5.8,0.0,2.9352729145211125,12.3,1.6912409019147816,0.0,0.0,2.2,0.833465593470128,0.004988096587688471,131.48678254383793,10.545838058516669,23.74236832251718,68.4578816058063,3,0.0,0.7400521482825076,0.25960775422287724,0.0,0.6777799989887403,0.22172238003337733,54.25808466319012,11.927366606620565,441.59585501897396,0.0,0.0,0.0,0.0,0.0,8821,604663,4.428571112244921,0.09354838558792927,1.3008192367450306,68.55589569160998,2026-04-27T00:00:00.000000,9556026
2025-09-15T00:00:00.000000,Tug,26.0,12.0,2.7,2.7,0.0,7.886084905660378,8.8,3.113790970341424,0.1,8.4,8.8,0.1574642126789366,0.0,102.25549595309401,0.0,0.0,11.088139059304703,2,0.0,0.0,0.9222903885480572,0.07770961145194274,0.028521774006685596,0.050472252342746424,54.44649786707567,13.745814770961145,0.016302916370000687,0.0,0.0,0.0,0.0,0.0,489,12962,2.166666486111126,0.10384614985207116,2.794020950296835,26.561475409836067,2025-09-15T00:00:00.000000,9513828
2026-04-27T00:00:00.000000,Tug,37.0,14.0,6.4,6.4,0.0,4.723076923076923,9.4,1.8307511054582084,0.0,0.0,4.5,0.8210116731517509,0.0,158.58971091779952,0.0,0.0,22.653021442495128,2,0.0,0.0,0.0,0.9980544747081712,1.6493131800691483,0.3594161928983614,53.681227861867704,8.129860157587547,304.990205873976,0.0,0.0,0.0,0.0,0.0,514,531849,2.6428569540816462,0.1729729682980279,2.4580061858640994,1036.7426900584796,2026-04-27T00:00:00.000000,9565182
2026-03-16T00:00:00.000000,Fishing,38.0,7.0,4.0,4.0,0.0,3.3132979302832246,10.7,2.7975065410064786,1.8,1.9,8.8,0.07369999210920855,0.00031563165785528286,83.55112855292523,0.0,0.0,12.422046871301191,1,0.0,0.0,1.0,0.0,0.16077074850743278,0.28024442639787467,57.77899700244614,8.56784837857387,2.4542377461419957,0.0,0.0,0.0,0.0,0.0,38019,410422,5.428570653061335,0.10526315512465383,2.502227392560151,10.795465305907728,2026-03-16T00:00:00.000000,8849244
2025-11-24T00:00:00.000000,Fishing,44.0,10.0,6.0,6.0,0.0,7.525720876585929,9.5,1.7080788479932416,0.0,0.0,0.0,0.9507188436995464,0.0,96.16667271227044,0.0,0.0,59.334617898054894,1,0.0,0.0,1.0,0.0,0.022268856110262043,0.08100224260572164,57.12269870665795,8.579738693837932,0.2084919754879987,0.0,0.0,0.0,0.0,0.0,52028,391678,4.399999560000044,0.13636363326446288,0.0,7.5283602744728695,2025-11-24T00:00:00.000000,9293014
2026-06-15T00:00:00.000000,Fishing,121.0,19.0,6.9,6.7,0.20000000000000018,13.315168976794892,14.5,0.7675583006616266,12.4,13.4,14.1,0.0,0.9935368322691169,135.0920881946893,0.0,0.0,1.4401611898458184,1,0.0,0.0,1.0,0.0,1.1705050557676981,0.8601363049358455,56.27912798501011,11.01494536520791,16.49373549112797,0.0,0.0,0.0,0.0,0.0,25684,103873,6.368420717451541,0.05702479291715048,2.214812586512365,4.044426274189153,2026-06-15T00:00:00.000000,8607268
2025-08-25T00:00:00.000000,Fishing,50.0,12.0,6.5,6.5,0.0,10.638773491592483,12.1,2.109216772801245,10.0,10.8,11.2,0.03550126449396383,0.8962160614591783,83.67434595684193,0.0,0.0,7.371468791754151,1,0.0,0.0,1.0,0.0,0.05331771233598101,0.8039098485317676,58.105222710884185,10.45909889125352,0.875979145169994,0.0,0.0,0.0,0.0,0.0,20957,338716,4.166666319444474,0.12999999740000007,0.5689312955135416,16.163199083794616,2025-08-25T00:00:00.000000,9921805
2025-10-06T00:00:00.000000,Fishing,64.0,14.0,,,,12.69470084519573,14.6,6.336547651383493,0.0,0.0,13.5,0.6110821382007823,0.37168622338113866,61.26431839747738,0.0,0.0,51.73869923292553,2,0.0,0.0,0.9999782703172534,0.0,0.8891167469755622,1.2301460648011513,57.19777498604954,11.36061518220339,581.405192898016,0.0,0.0,0.0,0.0,0.0,46020,236695,4.571428244897983,,2.130497332653237,5.143419022577631,2025-10-06T00:00:00.000000,9944314
2025-11-17T00:00:00.000000,Fishing,27.0,8.0,5.0,5.0,0.0,7.117440574903262,8.9,3.7048004660306937,0.0,7.2,8.4,0.3485672832789264,0.0,80.30836473147411,0.0,0.0,44.83268044976423,1,1.0,0.0,0.0,0.0,0.11287054839194592,0.2504014562078737,57.213228137830974,8.401948510337323,0.3489584164490021,0.0,0.0,0.0,0.0,0.0,5514,51991,3.374999578125053,0.18518517832647488,2.267327973447311,9.430618538001088,2025-11-17T00:00:00.000000,9684524
2025-08-11T00:00:00.000000,Fishing,43.0,8.0,6.0,6.0,0.0,3.389554384283661,9.7,1.2490612250358257,1.2,3.5,3.8,0.08227550540667607,0.0,87.52342922154818,0.0,0.0,8.398824082784573,1,0.0,0.0,1.0,0.0,0.07719453828799093,0.22890765937860919,54.93559914480489,6.000128505876822,0.24158990128999883,0.0,0.0,0.0,0.0,0.0,2127,208289,5.374999328125084,0.13953488047593302,2.0815616291057286,97.9722483537159,2025-08-11T00:00:00.000000,9101223
2025-08-25T00:00:00.000000,Fishing,24.0,6.0,4.8,4.8,0.0,4.153566567789216,9.9,1.5405998493904705,3.3,4.0,4.6,0.05823094986897186,0.0,97.31852533951245,0.0,0.0,9.370121286454074,1,1.0,0.0,0.0,0.0,0.27136884584186,0.17461559333100057,57.301188165197566,7.969240867457373,3.3066521513300033,0.0,0.0,0.0,0.0,0.0,58766,516016,3.9999993333334443,0.199999991666667,0.8438266151250904,8.781009104058539,2025-08-25T00:00:00.000000,9141534
2025-09-29T00:00:00.000000,Fishing,27.0,8.0,,,,3.634500745156483,10.0,1.6019984544896528,2.7,3.4,4.1,0.018696778970751574,0.0,84.8582412903602,0.0,0.0,10.21958896500648,1,1.0,0.0,0.0,0.0,0.05357334453235542,0.138008928079452,54.57053887689745,15.35214075842281,0.2048418321089991,0.0,0.0,0.0,0.0,0.0,5402,319882,3.374999578125053,,0.8739079130623025,59.22643954823181,2025-09-29T00:00:00.000000,8600337
2025-12-08T00:00:00.000000,Fishing,26.0,8.0,,,,9.891044776119402,12.5,1.8649248737308421,8.4,10.1,11.0,0.022354694485842028,0.509090909090909,23.34891643877488,0.0,0.0,11.2997913561848,1,1.0,0.0,0.0,0.0,0.08249914112750613,0.233569389135824,57.25395845871834,8.261286272429208,0.2219918737840003,0.0,0.0,0.0,0.0,0.0,3355,12170,3.249999593750051,,1.3941572888356248,3.6285032796660706,2025-12-08T00:00:00.000000,9698044
2025-09-01T00:00:00.000000,Fishing,24.0,8.0,4.0,4.0,0.0,6.1981794871794875,9.7,1.70326961111026,0.0,0.0,0.0,0.9361634108996685,0.0,137.14626929181517,0.0,0.0,80.47292323206858,1,1.0,0.0,0.0,0.0,0.022813685920722707,0.059529014563160586,57.12214081239379,8.584247922887958,0.16831930578899937,0.0,0.0,0.0,0.0,0.0,59433,508984,2.999999625000047,0.1666666597222225,0.0,8.564140530354019,2025-09-01T00:00:00.000000,8882935
2025-11-03T00:00:00.000000,Fishing,20.0,12.0,3.0,3.0,0.0,3.6020135821816974,9.2,2.3238606256540173,0.0,2.5,6.7,0.3669991878514841,0.0,108.47185735297175,0.0,0.0,28.71674558298472,1,1.0,0.0,0.0,0.0,0.5305063636497861,0.5805126763482572,57.122125207795094,11.30606639897179,2.691592243955991,0.0,0.0,0.0,0.0,0.0,130518,604415,1.6666665277777895,0.14999999250000037,2.883132078965494,4.630929304228568,2025-11-03T00:00:00.000000,22
2026-06-01T00:00:00.000000,Fishing,27.0,8.0,5.5,5.5,0.0,8.720780856423174,8.9,0.09985560741227355,8.6,8.7,8.8,0.0,0.0,1.0602858223191705,0.0,0.0,0.9064231738035261,1,1.0,0.0,0.0,0.0,0.06954424513952252,0.003840475411708261,58.10081033375315,10.760105156171283,0.0032758456279999783,0.0,0.0,0.0,0.0,0.0,794,5868,3.374999578125053,0.20370369615912234,2.0028719699465647,7.399747793190416,2026-06-01T00:00:00.000000,865030600
2025-08-11T00:00:00.000000,Fishing,21.0,6.0,4.0,4.0,0.0,,0.0,0.0,0.0,0.0,0.0,1.0,0.0,0.0,0.0,0.0,60.07138203878883,1,0.0,0.0,1.0,0.0,2.1978250856780934e-05,2.9931342382545382e-05,55.476868672181425,8.415921336463946,8.178799999957273e-08,0.0,0.0,0.0,0.0,0.0,73681,604649,3.4999994166667636,0.19047618140589612,0.0,8.206419652551574,2025-08-11T00:00:00.000000,8861149
2026-06-15T00:00:00.000000,Fishing,43.0,11.0,0.8,0.8,0.0,7.963619047619048,10.7,3.979743538687829,0.0,0.0,8.5,0.5981045081967213,0.0025614754098360654,90.85875156652779,0.0,0.0,61.5279200819672,3,0.0,0.0117827868852459,0.6595799180327869,0.3286372950819672,0.23729982813032394,0.14118203208997002,54.76278953329918,8.343839021004099,0.5745611145300018,0.0,0.0,0.0,0.0,0.0,3904,604232,3.909090553719041,0.018604650730124402,2.1358154819662256,154.8121957468614,2026-06-15T00:00:00.000000,8807818
2025-11-10T00:00:00.000000,Fishing,24.0,6.0,2.6,2.6,0.0,3.2146821195743023,9.3,0.407021023035383,2.9,3.2,3.4,0.00036765115475885426,0.0,93.75471994806813,0.0,0.0,6.74966348725263,1,0.0,0.0,0.0,1.0,0.10140943263653104,0.07506101347393697,54.74835175493265,8.127357246237146,0.7501141181250032,0.0,0.0,0.0,0.0,0.0,89759,452413,3.9999993333334443,0.10833332881944463,1.2284347570955254,5.04036409010896,2025-11-10T00:00:00.000000,8215924
2025-10-13T00:00:00.000000,Fishing,30.0,9.0,5.0,5.0,0.0,3.011940298507463,4.7,0.6713012662515407,2.7,3.0,3.2,0.05673758865248227,0.0,138.53350941926004,0.0,0.0,8.50354609929078,2,0.8297872340425532,0.0,0.0,0.1702127659574468,0.12175300340780759,0.02587976623820577,55.19026191489362,6.215936780141845,0.04610140593300017,0.0,0.0,0.0,0.0,0.0,141,119029,3.3333329629630044,0.16666666111111128,0.7448209623839511,850.2071428571429,2025-10-13T00:00:00.000000,9856517
2026-02-16T00:00:00.000000,Fishing,25.0,6.0,,,,7.881710914454277,9.1,0.6177883080116022,7.2,7.9,8.5,0.0,0.0,52.46304487998611,0.0,0.0,3.0930678466076698,2,0.33185840707964603,0.0,0.668141592920354,0.0,0.21730903345455002,0.10752834179149473,54.77601637758112,15.73932320993117,0.4391519581019992,0.0,0.0,0.0,0.0,0.0,2034,327213,4.166665972222338,,2.1042772724315024,160.9508116084604,2026-02-16T00:00:00.000000,7227839
2026-02-02T00:00:00.000000,Fishing,38.0,9.0,0.9,0.9,0.0,3.626035153365171,10.1,2.0013550814851833,0.0,0.0,3.7,0.6802548994492122,3.20225438708851e-05,112.21869138620497,0.0,0.0,61.88310010247214,1,0.0,0.0,1.0,0.0,0.01026289359492209,0.0315569857442758,54.765307084955815,8.315492549266683,0.00363912470000015,0.0,0.0,0.0,0.0,0.0,62456,604550,4.2222217530864725,0.02368420990304711,1.8487464745675206,9.679769433992474,2026-02-02T00:00:00.000000,9001899
2026-01-26T00:00:00.000000,Fishing,19.0,7.0,4.2,4.2,0.0,5.224062231554834,10.6,2.8232259593122553,0.0,3.9,7.8,0.2036564191604535,5.10673067102441e-05,81.20397874408104,0.0,0.0,10.928721617418352,1,1.0,0.0,0.0,0.0,0.20716297454144253,0.34313370027038514,55.73879393539986,7.5570294103002755,0.8454218720299983,0.0,0.0,0.0,0.0,0.0,39164,378756,2.7142853265306677,0.22105261994459896,2.7627959467701095,9.67127135306284,2026-01-26T00:00:00.000000,9884112
2025-08-18T00:00:00.000000,Fishing,24.0,6.0,,,,4.61808367071525,8.2,1.8284750989784757,3.2,3.6,7.6,0.0,0.0,103.7876341898363,0.0,0.0,5.207557354925775,1,1.0,0.0,0.0,0.0,0.039862049614038116,0.13657613072913158,54.00382784750338,8.288519813765182,0.07107574969999989,0.0,0.0,0.0,0.0,0.0,741,72748,3.9999993333334443,,2.40637545246458,98.30810810810812,2025-08-18T00:00:00.000000,8411516
2025-07-28T00:00:00.000000,Fishing,49.0,13.0,6.7,6.7,0.0,1.764788732394366,2.5,0.0561024130055917,0.0,0.0,0.0,0.9992052324369397,0.0,69.88908009190264,0.0,0.0,99.69299301646862,1,0.0,0.0,1.0,0.0,0.0013124825266705748,0.0011243684083245898,57.72003109512456,10.602900558982176,8.013000000003904e-06,0.0,0.0,0.0,0.0,0.0,76752,604510,3.769230479289963,0.13673469108704714,0.0,7.876249169391929,2025-07-28T00:00:00.000000,9840116
2026-03-23T00:00:00.000000,Fishing,33.0,10.0,6.2,6.2,0.0,,0.0,0.0,0.0,0.0,0.0,0.9995072070962178,0.0,97.21523761114125,0.0,0.0,91.50999630223099,2,0.0,0.0,0.0,0.9995072070962178,0.7613356991025522,0.1823992076118254,56.71452403634347,8.214042297154121,281.90195554885594,0.0,0.0,0.0,0.0,0.0,8117,604582,3.2999996700000334,0.18787878218549148,0.0,74.49260719566288,2026-03-23T00:00:00.000000,9826043
2026-02-09T00:00:00.000000,Fishing,35.0,8.0,5.0,5.0,0.0,,0.2,0.009220383070502068,0.0,0.0,0.0,1.0,0.0,89.0393470404931,0.0,0.0,89.85899297750015,1,0.0,0.0,1.0,0.0,1.2587818158098655e-05,1.6280717292857763e-05,57.64530714767143,11.858538406171048,3.1200000000160104e-08,0.0,0.0,0.0,0.0,0.0,50267,604244,4.374999453125069,0.14285713877551032,0.0,12.020928659531293,2026-02-09T00:00:00.000000,7638014
2025-06-30T00:00:00.000000,Fishing,18.0,4.0,2.0,2.0,0.0,3.9422222222222225,8.6,1.4948967298651723,3.0,3.3,5.9,0.0,0.0,56.45905433922956,0.0,0.0,9.21962962962963,1,1.0,0.0,0.0,0.0,0.005893997450856046,0.045388378139829544,53.04330481481482,5.072883640740741,0.0038282371949997685,0.0,0.0,0.0,0.0,0.0,270,25548,4.499998875000281,0.11111110493827195,1.9399320382014074,94.97397769516729,2025-06-30T00:00:00.000000,8432845
2025-08-11T00:00:00.000000,Fishing,37.0,8.0,5.0,5.0,0.0,10.264730580825752,10.5,0.12378943582269476,10.1,10.3,10.4,0.0,0.940517844646606,1.9642111781909608,0.0,0.0,1.5256822953114058,1,0.0,0.0,1.0,0.0,0.15652638939150737,0.12559222508022694,55.67614155773267,6.395354765570328,0.2744636146199996,0.0,0.0,0.0,0.0,0.0,1429,13460,4.6249994218750725,0.1351351314828343,2.423450551783267,9.42577030812325,2025-08-11T00:00:00.000000,8871766
2026-03-02T00:00:00.000000,Fishing,63.0,13.0,6.8,6.8,0.0,,0.0,0.0,0.0,0.0,0.0,1.0,0.0,1.6461383709656803,0.0,0.0,101.90008383986584,1,0.0,0.0,0.0,1.0,0.29548927124593977,4.248436468362911e-05,57.71881402158877,10.601576203311675,0.010535524980011337,0.0,0.0,0.0,0.0,0.0,9542,604602,4.84615347337281,0.10793650622323006,0.0,63.36882926317996,2026-03-02T00:00:00.000000,9816775
2026-04-20T00:00:00.000000,Fishing,121.0,19.0,5.9,5.9,0.0,4.930921020418156,7.4,1.7740501399729607,1.3,5.5,6.4,0.03181453800497178,0.0,66.50038311010306,0.0,0.0,9.276324186860178,1,0.0,0.0,0.0,0.0,1.2354207228490481,1.3466018745625483,56.1001572818611,11.263502372405808,30.26173043829601,0.0,0.0,0.0,0.0,0.0,123497,454512,6.368420717451541,0.048760330175534466,2.874776202944033,3.6803783118481572,2026-04-20T00:00:00.000000,8908131
2025-10-13T00:00:00.000000,Fishing,35.0,8.0,5.0,5.0,0.0,,0.1,0.0016742645520938031,0.0,0.0,0.0,1.0,0.0,1.9273344914420232e-15,0.0,0.0,94.7891044692424,1,0.0,0.0,1.0,0.0,1.2731168732426959e-05,1.5389286484266334e-05,57.64530395143834,11.858545536084787,2.5374999999784024e-08,0.0,0.0,0.0,0.0,0.0,17833,378076,4.374999453125069,0.14285713877551032,0.0,21.20210856886496,2025-10-13T00:00:00.000000,7638014
2025-12-22T00:00:00.000000,Fishing,16.0,6.0,4.0,4.0,0.0,4.74794571383131,8.7,1.5128803401089146,2.9,4.7,6.9,0.0026998411858125994,0.0,108.07547382112553,0.0,0.0,11.479089465325568,1,0.0,0.0,1.0,0.0,0.18079073305708268,0.0877165982525124,55.54869233335097,7.251007275013235,2.232739957499997,0.0,0.0,0.0,0.0,0.0,18890,604733,2.6666662222222963,0.24999998437500096,2.6439614885540426,32.015088146540315,2025-12-22T00:00:00.000000,9274965
2026-05-25T00:00:00.000000,Fishing,27.0,6.0,3.5,3.5,0.0,9.973593073593074,10.5,0.17348941714142097,9.8,9.9,10.2,0.0,0.281052281052281,3.4654635252205415,0.0,0.0,2.1512820512820507,2,0.23343323343323344,0.0,0.7665667665667666,0.0,0.17826331844487786,0.23895515804314407,54.528166788211784,16.00336053080253,2.1148714077900017,0.0,0.0,0.0,0.0,0.0,3003,34631,4.4999992500001245,0.1296296248285324,2.305602848795608,11.535976015989341,2026-05-25T00:00:00.000000,7817531
2025-07-21T00:00:00.000000,Fishing,70.0,14.0,7.5,7.5,0.0,,0.1,0.000776672045715483,0.0,0.0,0.0,1.0,0.0,4.113956699345566,0.0,0.0,151.33320119271272,2,0.5282924559196125,0.0,0.0,0.0,8.771576703164698e-06,9.500579549275444e-06,57.713878823264785,10.591649562582946,1.4725000000217358e-08,0.0,0.0,0.0,0.0,0.0,116038,604781,4.999999642857168,0.10714285561224493,0.0,5.211966872635452,2025-07-21T00:00:00.000000,9636046
2025-06-16T00:00:00.000000,Fishing,75.0,16.0,4.0,4.0,0.0,10.649607458292444,12.2,4.048621609622578,0.0,0.0,11.2,0.8346437346437346,0.13267813267813267,77.56041105267636,0.0,0.0,104.44114660114661,2,0.002538902538902539,0.0,0.9974610974610975,0.0,0.15547960015508386,0.20590886871150765,56.752469818427514,8.147667816789516,1.2259016804299947,0.0,0.0,0.0,0.0,0.0,12210,206679,4.687499707031268,0.053333332622222236,2.7663729322116515,16.92841346547629,2025-06-16T00:00:00.000000,9965382
2025-06-09T00:00:00.000000,Fishing,22.0,7.0,5.0,5.0,0.0,3.3702594998866813,8.5,1.7723086823158454,1.5,2.7,6.1,0.08188119338426902,0.0,97.67948971311853,0.0,0.0,12.62638492492599,1,1.0,0.0,0.0,0.0,0.1573560802806265,0.30169869890938994,57.98665075215827,9.920382674123841,0.7551940785479967,0.0,0.0,0.0,0.0,0.0,112822,604618,3.142856693877615,0.2272727169421492,2.5954831968131336,5.359090949379992,2025-06-09T00:00:00.000000,9895939
2025-06-23T00:00:00.000000,Fishing,63.0,13.0,7.0,7.0,0.0,9.700681551116334,12.5,4.738714189679126,0.0,10.9,11.9,0.21213330672520456,0.6575533825583716,68.36253654215461,0.0,0.0,30.619497106365994,1,0.0,0.0,0.0,0.0,0.43903105514127366,1.4541844088439548,56.4605191672321,7.218806615246458,4.801534602150008,0.0,0.0,0.0,0.0,0.0,5011,248001,4.84615347337281,0.11111110934744271,2.5112292095372353,49.50119760479042,2025-06-23T00:00:00.000000,9806859
2025-12-01T00:00:00.000000,Fishing,40.0,8.0,5.5,5.5,0.0,0.6909090909090909,0.7,0.012108794264236474,0.0,0.0,0.0,1.0,0.0,86.9116559674596,0.0,0.0,89.02789678675754,1,0.0,0.0,1.0,0.0,0.000184484594428349,2.621159618717885e-05,57.64466606472852,11.85830800278203,2.637120000004653e-07,0.0,0.0,0.0,0.0,0.0,43134,603951,4.999999375000079,0.1374999965625001,0.0,14.002063385343009,2025-12-01T00:00:00.000000,8741416
2025-06-30T00:00:00.000000,Fishing,50.0,11.0,6.4,6.4,0.0,5.661285425101215,6.3,0.27592728359666513,5.3,5.7,6.0,0.0,0.0,1.8995140269728261,0.0,0.0,2.513663967611336,1,0.0,0.0,1.0,0.0,0.16673290837011348,0.006703947012330236,56.093248078947376,3.6700469655870447,0.018890477300000152,0.0,0.0,0.0,0.0,0.0,1976,31368,4.545454132231443,0.12799999744000007,2.5368910750128713,15.882531645569621,2025-06-30T00:00:00.000000,9168673
2026-06-01T00:00:00.000000,Fishing,23.0,7.0,,,,3.1942857142857144,3.8,0.24675776298887936,3.1,3.2,3.3,0.0,0.0,15.6081147490377,0.0,0.0,2.348253968253969,1,1.0,0.0,0.0,0.0,0.32173167499797034,0.05282499830448649,55.145042515873016,6.541020322222222,0.18060803599000086,0.0,0.0,0.0,0.0,0.0,630,50935,3.2857138163265978,,0.8105081966593142,80.97774244833069,2026-06-01T00:00:00.000000,9568079
2025-07-28T00:00:00.000000,Fishing,40.0,9.0,4.4,4.4,0.0,8.315957446808511,12.4,4.415691735970985,0.0,0.0,10.8,0.6579047983177213,0.16880137640986428,95.050865188125,0.0,0.0,68.41568533741159,1,0.0,0.0,1.0,0.0,0.0888365861599692,0.14107334569063051,56.74693378101701,8.149723081246416,0.23034216670799865,0.0,0.0,0.0,0.0,0.0,10462,187211,4.444443950617339,0.10999999725000008,2.4458223535395387,17.89609023993882,2025-07-28T00:00:00.000000,8121549
2026-02-02T00:00:00.000000,Fishing,24.0,6.0,2.8,2.8,0.0,3.7313929842399594,8.2,1.5250775324352797,2.6,3.2,5.9,0.0678066737917112,0.0,132.32712243376804,0.0,0.0,8.954280964256027,1,0.0,0.0,0.0,1.0,0.13965024107977886,0.13915673484445676,54.78665983268021,8.182235034793967,0.36710874470500254,0.0,0.0,0.0,0.0,0.0,8421,283199,3.9999993333334443,0.11666666180555575,2.1638229965315205,33.634085510688834,2026-02-02T00:00:00.000000,8008319
2026-06-01T00:00:00.000000,Fishing,20.0,12.0,3.0,3.0,0.0,3.5425043398068787,9.8,2.547126076946674,0.0,2.4,7.2,0.3080013359416003,0.0,112.10112155599549,0.0,0.0,32.001544921036306,1,1.0,0.0,0.0,0.0,0.5913437314008405,0.16973609195798128,57.36907820228064,11.027437230192282,1.2543209573549945,0.0,0.0,0.0,0.0,0.0,104795,604699,1.6666665277777895,0.14999999250000037,2.8267140910106767,5.770358990018512,2026-06-01T00:00:00.000000,22
2026-06-22T00:00:00.000000,Fishing,15.0,6.0,3.5,3.5,0.0,6.72487284659557,10.0,2.489510910339731,2.2,6.9,8.4,0.0778058296993344,0.0,103.53866617560209,0.0,0.0,8.343023834117604,1,1.0,0.0,0.0,0.0,0.705150312510874,0.5065479182058942,55.07269231581363,7.447644240073444,3.863565062,0.0,0.0,0.0,0.0,0.0,26142,574821,2.4999995833334028,0.23333331777777883,2.4904480168379344,21.989250602501816,2026-06-22T00:00:00.000000,8576897
2025-06-23T00:00:00.000000,Fishing,20.0,6.0,3.6,3.6,0.0,4.445294293397072,9.6,2.0470556902967516,1.5,4.2,7.3,0.045050385299347954,0.0,132.2252383798465,0.0,0.0,18.512181387077653,1,0.0,0.0,1.0,0.0,0.06608178209053925,0.06125438255274602,54.442568482809726,7.627582720213398,0.1885525727200019,0.0,0.0,0.0,0.0,0.0,3374,295831,3.33333277777787,0.17999999100000044,2.8333362859429174,87.70560332048622,2025-06-23T00:00:00.000000,9366720
2025-12-01T00:00:00.000000,Fishing,49.0,10.0,5.0,5.0,0.0,0.918978102189781,2.0,0.04353412364077225,0.0,0.0,0.0,0.999318705069774,0.0,66.2540149774905,,,,2,0.0,0.0,0.9999882535356858,0.0,0.12174793165731687,0.028853989210186008,55.47756873606869,8.415276879446036,298.96914356204996,0.0,0.0,0.0,0.0,0.0,85132,604790,4.8999995100000495,0.10204081424406503,0.0,7.104227602166073,2025-12-01T00:00:00.000000,8814287
2026-03-16T00:00:00.000000,Fishing,25.0,6.0,,,,5.751850265547371,102.2,4.685617387415079,2.5,3.4,8.7,0.05032480881506455,0.004440424307211578,106.98954615170877,0.0,0.0,8.383262446835126,2,0.0,0.0,0.9971219472082888,0.0028780527917112077,0.3776136059527701,0.43837651168710257,55.199887278102125,15.756386342981662,6.799394253767998,0.0,0.0,0.0,0.0,0.0,12161,451468,4.166665972222338,,1.3231978124066481,37.12730263157895,2026-03-16T00:00:00.000000,7227839
2025-12-15T00:00:00.000000,Fishing,29.0,8.0,3.3,3.3,0.0,3.5755051266586246,9.7,1.721369555317105,2.6,3.2,4.6,0.01525347689546882,0.0,98.48175828652214,0.0,0.0,8.300852400179453,1,1.0,0.0,0.0,0.0,0.04224928953545488,0.1019805919289842,54.617030666517124,15.135640519291162,0.17162040202799886,0.0,0.0,0.0,0.0,0.0,13374,178157,3.624999546875057,0.11379309952437587,1.1618648836662404,13.322141628654752,2025-12-15T00:00:00.000000,7931349
2025-11-24T00:00:00.000000,Fishing,20.0,6.0,2.0,2.0,0.0,3.106553911205074,8.3,0.9416501393696372,2.4,2.9,3.4,0.009475346552026672,0.0,73.29153838194782,0.0,0.0,7.21393226881909,1,1.0,0.0,0.0,0.0,0.11449206006618608,0.07801222351014363,54.726975312510966,8.139765833479558,0.15961300944999984,0.0,0.0,0.0,0.0,0.0,5699,149362,3.33333277777787,0.09999999500000024,1.061964413561293,26.213057213057212,2025-11-24T00:00:00.000000,9219745
2025-07-07T00:00:00.000000,Fishing,48.0,10.0,,,,,0.0,0.0,0.0,0.0,0.0,1.0,0.0,77.11616664125943,0.0,0.0,61.28160260404084,1,1.0,0.0,0.0,0.0,2.135632530027796e-05,2.548644893402128e-05,56.69800243023891,8.219674731102268,3.270250000013694e-07,0.0,0.0,0.0,0.0,0.0,78647,604546,4.799999520000048,,0.0,7.686926226381507,2025-07-07T00:00:00.000000,8516225
2026-03-02T00:00:00.000000,Fishing,33.0,10.0,5.2,5.2,0.0,9.073786541643685,9.9,4.418001597879143,0.0,0.0,9.6,0.6480132935829138,0.0,72.63554770697232,0.0,0.0,65.20781284484661,1,0.0,0.0,1.0,0.0,0.14033305273111457,0.3476316447574392,57.194313581105526,8.403470159767362,0.9185089347000018,0.0,0.0,0.0,0.0,0.0,20461,123945,3.2999996700000334,0.15757575280073477,2.1729276493880896,6.05791788856305,2026-03-02T00:00:00.000000,9826055
2026-03-30T00:00:00.000000,Fishing,34.0,7.0,4.5,4.5,0.0,4.359295080442667,10.6,2.941801693306715,0.0,0.0,8.9,0.6477001244994784,0.007099835122312326,108.07493003872094,0.0,0.0,68.39095622895623,1,0.0,0.0,1.0,0.0,0.17134955703451632,0.8812767174737475,57.784242673474886,11.124884535516001,3.625491088492011,0.0,0.0,0.0,0.0,0.0,29719,604171,4.857142163265405,0.13235293728373715,3.025355854167096,20.33013661753819,2026-03-30T00:00:00.000000,6825490
2026-02-23T00:00:00.000000,Fishing,69.0,14.0,7.5,7.5,0.0,10.169941775836973,12.2,4.356409831981231,0.0,0.0,11.6,0.7891334462059412,0.16145913498537787,41.37699591765257,0.0,0.0,83.72319532091736,1,0.0,0.0,1.0,0.0,0.05442769564451957,0.08776095378728191,56.71516832107126,8.18625962721256,0.13335197343899807,0.0,0.0,0.0,0.0,0.0,6497,58771,4.928571076530638,0.10869565059861376,2.662742438073613,9.047259852216749,2026-02-23T00:00:00.000000,9287508
2025-11-17T00:00:00.000000,Fishing,23.0,6.0,,,,2.953977272727273,7.6,0.802138207500778,2.4,2.9,3.4,0.05377094972067039,0.0,97.59180757132656,0.0,0.0,10.60561277932961,1,1.0,0.0,0.0,0.0,0.18175826804195835,0.2044777696564032,54.623936613914104,8.139992725471368,0.8496315429840071,0.0,0.0,0.0,0.0,0.0,11456,334562,3.8333326944445507,,1.2466664023514025,29.20663465735487,2025-11-17T00:00:00.000000,8718861
2026-05-04T00:00:00.000000,Fishing,20.0,6.0,2.5,2.5,0.0,2.906828718205739,9.2,1.523650963246523,0.0,2.5,3.5,0.2691072575465639,0.0,96.62018227049163,0.0,0.0,17.41584022038568,1,1.0,0.0,0.0,0.0,0.21829944730401993,0.33077760913891197,54.481437798238375,8.32265438031012,0.5504333031999965,0.0,0.0,0.0,0.0,0.0,10899,604188,3.33333277777787,0.1249999937500003,2.2971125194118294,55.440264268673154,2026-05-04T00:00:00.000000,8571524
2025-08-25T00:00:00.000000,Fishing,28.0,7.0,4.2,4.2,0.0,3.0069256756756757,9.2,1.3432381303803684,1.4,3.0,3.3,0.038525963149078725,0.0,108.5914474216476,0.0,0.0,8.372250139586823,2,0.9620323841429369,0.0,0.03796761585706309,0.0,0.4019004865003295,0.39345506610867914,56.072215992183146,5.626735697934114,5.200086036264002,0.0,0.0,0.0,0.0,0.0,1791,346607,3.99999942857151,0.14999999464285735,1.4144912525456075,193.63519553072626,2025-08-25T00:00:00.000000,9018593
2026-05-25T00:00:00.000000,Fishing,28.0,8.0,,,,8.222323780015492,10.8,4.194024846842997,0.0,7.3,8.9,0.4489254216970631,0.01618289237092217,111.77418159718961,0.0,0.0,53.35719667779775,2,0.0,0.0,0.0,0.7473242572138026,0.5049426460140037,0.3008318087529164,57.02308021765562,8.360667402859834,4.713707425664996,0.0,0.0,0.0,0.0,0.0,11679,594792,3.499999562500055,,2.122066082806659,50.932693954444254,2026-05-25T00:00:00.000000,9826782
2026-06-08T00:00:00.000000,Fishing,26.0,8.0,4.6,4.6,0.0,1.6543859649122807,1.8,0.6225927731797819,0.0,0.0,1.7,0.8379562043795621,0.0,95.28552216131946,0.0,0.0,103.52627737226277,1,1.0,0.0,0.0,0.0,0.14109985183222923,0.5350457448543805,58.527211662773716,9.026751821897811,0.5471340877439943,0.0,0.0,0.0,0.0,0.0,685,574813,3.249999593750051,0.17692307011834343,2.7305123713614514,840.3698830409356,2026-06-08T00:00:00.000000,7918048
2025-10-27T00:00:00.000000,Fishing,27.0,7.0,,,,8.42668801336489,10.5,0.9597565007718739,7.4,8.2,9.6,0.0,0.026729778644020603,85.94024431407456,0.0,0.0,3.320061255742726,1,0.0,0.0,0.0,1.0,0.07894605798637902,0.5232772290557307,57.85342569817625,10.38130459515523,1.0088827920999972,0.0,0.0,0.0,0.0,0.0,7183,183296,3.857142306122528,,2.292245695637361,25.521581732108046,2025-10-27T00:00:00.000000,7400534
2025-06-09T00:00:00.000000,Fishing,31.0,8.0,4.0,4.0,0.0,7.903938024531956,10.2,3.880329616513976,0.0,0.0,9.5,0.7137375287797391,0.002110514198004605,89.14708960444919,0.0,0.0,65.66022640061396,2,0.0,0.0,0.861857252494244,0.13814274750575595,0.07303717315748395,0.04795201560735219,56.72277367229471,8.205558532617037,0.1918799406649994,0.0,0.0,0.0,0.0,0.0,5212,568914,3.8749995156250607,0.12903225390218534,2.448244992210133,109.17559009786989,2025-06-09T00:00:00.000000,7922348
2026-05-11T00:00:00.000000,Fishing,33.0,10.0,6.2,6.2,0.0,7.914820285573609,10.1,1.6589248394171232,0.0,0.0,0.0,0.9628353150669194,0.0003446493193175943,54.665511070733416,0.0,0.0,125.87701189040152,1,1.0,0.0,0.0,0.0,0.02969761711638674,0.07108389318819734,57.121840711834864,8.582144865759089,0.3310355115369986,0.0,0.0,0.0,0.0,0.0,52227,477831,3.2999996700000334,0.18787878218549148,0.0,9.149293455367058,2026-05-11T00:00:00.000000,9826043
2025-11-10T00:00:00.000000,Fishing,58.0,14.0,7.8,7.8,0.0,11.836262411062428,12.9,0.34944870089359537,11.4,11.8,12.3,0.0,0.9997186947436103,53.18572728606803,0.0,0.0,3.0993005587490448,1,0.0,0.0,1.0,0.0,1.1315001467241088,0.8268500522123069,56.01296925104486,11.211080425052241,19.29733471680001,0.0,0.0,0.0,0.0,0.0,24884,127605,4.1428568469387965,0.13448275630202144,2.575477952044501,5.128199975887152,2025-11-10T00:00:00.000000,9039767
2025-05-26T00:00:00.000000,Fishing,39.0,8.0,,,,6.290715502555367,10.9,4.063630671430865,0.0,0.0,10.1,0.5403702244978338,0.1132335565183143,81.59651276642614,0.0,0.0,17.48562426152031,1,0.0,0.0,1.0,0.0,0.16048862517932894,0.2264223662424854,57.96860851004332,8.00620184245766,0.4010718261599988,0.0,0.0,0.0,0.0,0.0,5078,86053,4.874999390625077,,2.4854614828916417,16.949576521567856,2025-05-26T00:00:00.000000,9222405
2025-10-06T00:00:00.000000,Fishing,24.0,6.0,3.6,3.6,0.0,3.0115196078431374,6.5,0.5464998564834402,2.7,3.0,3.4,0.03418803418803419,0.0,71.42237202060244,0.0,0.0,12.607081807081808,1,0.0,0.0,1.0,0.0,0.010369260613524564,0.03915320465154201,54.51685003418803,8.144497031746031,0.04145311793700046,0.0,0.0,0.0,0.0,0.0,819,121341,3.9999993333334443,0.14999999375000025,1.2808763091503237,148.33863080684597,2025-10-06T00:00:00.000000,8531938
2025-09-15T00:00:00.000000,Fishing,84.0,15.0,,,,14.405784161490683,16.2,7.334146291768547,0.0,0.0,15.4,0.5710788404829467,0.4027708229010182,101.56963796262764,0.0,0.0,33.90585878818227,1,1.0,0.0,0.0,0.0,0.04955797623834116,0.5444651246498624,57.75607055522172,10.270245477104545,0.3053583881799961,0.0,0.0,0.0,0.0,0.0,17973,74125,5.599999626666692,,2.09976693777123,4.124471399955486,2025-09-15T00:00:00.000000,9258090
2025-06-30T00:00:00.000000,Fishing,75.0,16.0,7.0,7.0,0.0,1.568,4.6,0.1838826884345264,0.0,0.0,0.0,0.9898850085178875,0.0,92.85238385591353,0.0,0.0,56.98738277919863,2,0.0,0.0,0.0,0.9991482112436116,0.9710212758312786,0.30919410797828417,57.74518183155877,10.587029249361159,352.799229206256,0.0,0.0,0.0,0.0,0.0,9392,604696,4.687499707031268,0.09333333208888892,0.0,64.39101267170696,2025-06-30T00:00:00.000000,9975765
2026-06-15T00:00:00.000000,Fishing,75.0,16.0,8.0,8.0,0.0,,0.0,0.0,0.0,0.0,0.0,1.0,0.0,1.3109160082331483e-15,0.0,0.0,52.599635347028084,1,0.0,0.0,0.0,1.0,1.4858703439785624e-05,1.916847504121028e-05,57.71846442713017,10.59740293740124,2.3659999999825056e-08,0.0,0.0,0.0,0.0,0.0,8227,604457,4.687499707031268,0.10666666524444447,0.0,73.48127887186968,2026-06-15T00:00:00.000000,9975765
2025-06-30T00:00:00.000000,Fishing,70.0,14.0,7.5,7.5,0.0,,0.1,0.0007312870883378648,0.0,0.0,0.0,0.9999732606021713,0.0,13.320621750614858,0.0,0.0,52.568748830120064,2,0.9999197818065138,0.0,0.0,0.0,0.17212183127998915,0.054767980537896235,57.714779642307064,10.591127505989625,352.55140762450003,0.0,0.0,0.0,0.0,0.0,74796,604781,4.999999642857168,0.10714285561224493,0.0,8.085847984490941,2025-06-30T00:00:00.000000,9636046
2026-06-22T00:00:00.000000,Fishing,24.0,7.0,,,,2.86,3.5,0.8567517830574661,0.0,0.0,0.0,0.8996138996138996,0.0,18.585238252378048,0.0,0.0,158.00891472868216,1,1.0,0.0,0.0,0.0,0.010477153556480545,0.11397822577106616,52.936424250965246,4.9969738996138995,0.03319805864000007,0.0,0.0,0.0,0.0,0.0,259,332642,3.42857093877558,,0.0,1289.3100775193798,2026-06-22T00:00:00.000000,9853797
2025-06-02T00:00:00.000000,Fishing,28.0,7.0,4.2,4.2,0.0,2.767384615384615,4.2,0.4519992520310815,2.0,2.8,3.3,0.0,0.0,56.64229314937181,0.0,0.0,4.421846153846155,1,1.0,0.0,0.0,0.0,0.021697643075387487,0.01870115882105384,56.22036702769231,5.495047418461538,0.02441856943500001,0.0,0.0,0.0,0.0,0.0,325,49932,3.99999942857151,0.14999999464285735,2.876104591000552,154.11111111111111,2025-06-02T00:00:00.000000,9018593
2026-06-01T00:00:00.000000,Fishing,24.0,8.0,4.3,4.3,0.0,2.721583411875589,5.9,0.5876852247043315,2.6,2.8,3.0,0.030726256983240222,0.0,47.73509576164624,0.0,0.0,10.95679702048417,2,0.020484171322160148,0.0,0.9795158286778398,0.0,0.04251632482251022,0.055327420685970234,55.04727204003725,6.482069238361267,0.04164234684000046,0.0,0.0,0.0,0.0,0.0,1074,19646,2.999999625000047,0.1791666592013892,0.6806353172583589,18.309412861136998,2026-06-01T00:00:00.000000,7813377
2025-08-18T00:00:00.000000,Fishing,40.0,13.0,,,,6.766485507246377,11.2,1.9989674663080386,5.3,6.4,10.6,0.04101221640488656,0.1099476439790576,83.2756399875615,0.0,0.0,5.679755671902269,1,0.0,0.0,1.0,0.0,0.078285414957032,0.1003420474375522,54.370591429319376,6.5640667294938915,0.14041501918399876,0.0,0.0,0.0,0.0,0.0,1146,56731,3.076922840236705,,2.651367487446536,49.546724890829694,2025-08-18T00:00:00.000000,9316438
2025-10-20T00:00:00.000000,Fishing,120.0,19.0,7.0,7.0,0.0,14.311490407235087,16.3,0.47615531254527005,13.8,14.2,14.9,0.0,1.0,50.905372546076165,0.0,0.0,1.7030006795964239,1,0.0,0.0,1.0,0.0,0.6700302515804772,0.800931933983431,56.98378524637983,11.0028772323697,6.447869081038999,0.0,0.0,0.0,0.0,0.0,19129,52597,6.315789141274255,0.058333332847222225,2.3101657397336686,2.7497386030949396,2025-10-20T00:00:00.000000,8607206
2026-01-26T00:00:00.000000,Fishing,24.0,6.0,3.6,3.6,0.0,3.442857142857143,4.5,0.25918274993786344,3.2,3.3,3.8,0.0,0.0,58.24349442096114,0.0,0.0,15.045714285714286,1,1.0,0.0,0.0,0.0,0.007019144593755563,0.01668198225927335,54.48787732,8.145310068571428,0.002384074704000509,0.0,0.0,0.0,0.0,0.0,175,11367,3.9999993333334443,0.14999999375000025,2.3149599469250806,65.32758620689656,2026-01-26T00:00:00.000000,8531938
2025-08-18T00:00:00.000000,Fishing,49.0,13.0,6.7,6.7,0.0,11.27298969072165,13.5,5.670885645942579,0.0,11.5,12.3,0.3464849840688767,0.6100603348925496,101.7435492007202,0.0,0.0,51.372381533455375,1,0.0,0.0,1.0,0.0,0.27175203096199096,0.9227155130600581,57.54417309558674,9.90757528106569,14.319073443683987,0.0,0.0,0.0,0.0,0.0,14751,193892,3.769230479289963,0.13673469108704714,2.1689729962774758,13.145220338983052,2025-08-18T00:00:00.000000,9840116
2026-03-09T00:00:00.000000,Fishing,87.0,20.0,8.0,8.0,0.0,12.377731496315283,15.7,4.648108650898873,0.0,0.0,11.7,0.8498415084474363,0.13246299140550963,79.88026325637236,1.3565455377275253,3.833945057164268,100.78310676121694,1,0.0,0.0,1.0,0.0,0.02760968520317315,0.2639455497561606,57.728499619424205,10.516660187118068,0.21685091023199327,0.0,0.0,0.0,0.0,0.0,61202,245605,4.349999782500011,0.09195402193156296,2.517152321855703,4.013088021437558,2026-03-09T00:00:00.000000,9900239
2025-09-15T00:00:00.000000,Fishing,26.0,8.0,4.6,4.6,0.0,6.897907671869811,7.9,3.4738042170049988,0.0,0.0,7.3,0.5671526129704073,0.0,142.88331183890855,0.0,0.0,11.58732503511406,2,0.9993219353901294,0.0,0.0,0.0006780646098706834,0.19762132355062706,0.1258532507764036,57.71428224860755,9.883660368964014,0.6518939187500016,0.0,0.0,0.0,0.0,0.0,20647,258062,3.249999593750051,0.17692307011834343,2.10144194736797,12.499370338080016,2025-09-15T00:00:00.000000,7918048
2026-05-04T00:00:00.000000,Fishing,24.0,7.0,3.8,3.8,0.0,3.009682080924855,3.5,1.2512119814307994,0.2,3.0,3.3,0.25627044711014174,0.0,61.380636746219,0.0,0.0,31.29967284623773,1,1.0,0.0,0.0,0.0,0.04735804974702482,0.09176576868635482,54.77930972955289,5.6870388233369695,0.40035670529999623,0.0,0.0,0.0,0.0,0.0,917,309664,3.42857093877558,0.15833332673611136,2.4775957778627404,338.06113537117903,2026-05-04T00:00:00.000000,9826756
2025-05-26T00:00:00.000000,Fishing,29.0,8.0,5.0,5.0,0.0,,,,,,,0.0,0.0,,0.0,0.0,,1,0.0,0.0,0.0,1.0,1.3437545053824137e-05,1.5525554946540115e-05,55.47610225247457,8.414372466644068,3.2960000000762256e-08,0.0,0.0,0.0,0.0,0.0,14750,86364,3.624999546875057,0.17241378715814526,,5.855583429385043,2025-05-26T00:00:00.000000,8609412
2025-06-02T00:00:00.000000,Fishing,27.0,7.0,5.7,5.7,0.0,7.441359773371105,8.2,0.3208482512170503,7.0,7.4,7.9,0.0,0.0,82.30430750531802,0.0,0.0,4.142209631728045,1,1.0,0.0,0.0,0.0,0.2588711153236968,0.5318149764028037,58.363771096317286,8.79363709631728,0.8876099361999954,0.0,0.0,0.0,0.0,0.0,353,372042,3.857142306122528,0.21111110329218136,2.805055634651185,1056.9375,2025-06-02T00:00:00.000000,7434652
2026-02-23T00:00:00.000000,Fishing,63.0,13.0,7.5,7.5,0.0,,0.1,0.0007045690309780848,0.0,0.0,0.0,0.9999834524755097,0.0,5.684388918336056e-14,0.0,0.0,20.300281312571375,2,0.0,0.0,0.0,0.0,0.13537833085383777,0.04313612419085947,57.720603702988484,10.603937125479879,352.91265742862,0.0,0.0,0.0,0.0,0.0,60432,604779,4.84615347337281,0.11904761715797434,0.0,10.00776091740994,2026-02-23T00:00:00.000000,9806859
2025-12-22T00:00:00.000000,Fishing,70.0,15.0,7.2,7.2,0.0,,0.0,0.0,0.0,0.0,0.0,1.0,0.0,0.0,0.0,0.0,96.06831996623048,1,0.0,0.0,1.0,0.0,3.578806409340069e-06,7.1214788705565465e-06,57.72061040213874,10.603116861158014,1.4850000000900673e-09,0.0,0.0,0.0,0.0,0.0,142140,604680,4.666666355555576,0.10285714138775513,0.0,4.254145589880328,2025-12-22T00:00:00.000000,9686596
2026-01-26T00:00:00.000000,Fishing,37.0,10.0,4.0,4.0,0.0,5.742936446690399,11.7,2.9287436852364683,0.1,4.1,9.4,0.10401268338431995,0.026416274032557,100.97634135442479,0.0,0.0,18.009482123316733,1,1.0,0.0,0.0,0.0,0.29831315846686735,0.525901398568165,57.690834818368586,9.219550525333274,2.760150783932001,0.0,0.0,0.0,0.0,0.0,44783,277096,3.699999630000037,0.10810810518626743,3.17542189555834,6.18766468670448,2026-01-26T00:00:00.000000,9295892
2026-03-02T00:00:00.000000,Fishing,45.0,10.0,1.0,1.0,0.0,2.9857142857142858,12.2,1.7671004762177862,0.0,0.0,2.3,0.8169014084507042,0.01267605633802817,111.11491694857914,0.0,0.0,80.84323943661971,1,0.0,0.0,1.0,0.0,0.0028276493091122343,0.08942666476092365,54.12428638591549,8.784682614084508,0.0021475994409994896,0.0,0.0,0.0,0.0,0.0,710,400597,4.499999550000045,0.022222221728395074,1.301566452721664,565.0169252468265,2026-03-02T00:00:00.000000,928409900
2026-03-23T00:00:00.000000,Fishing,15.0,6.0,3.5,3.5,0.0,1.5,1.5,0.04237756648210934,0.0,0.0,0.1,0.9999702761347086,0.0,88.63408432330719,0.0,0.0,90.30622863597182,1,1.0,0.0,0.0,0.0,9.809948644775812e-06,1.4698734040988577e-05,57.120336014326895,8.598568059165354,1.3155999999421687e-08,0.0,0.0,0.0,0.0,0.0,67286,604694,2.4999995833334028,0.23333331777777883,2.3596834036898415,8.987055064278813,2026-03-23T00:00:00.000000,8576897
2025-07-21T00:00:00.000000,Fishing,24.0,6.0,4.4,4.4,0.0,1.8576923076923078,4.9,0.8584941419650521,0.7,1.9,2.8,0.2515991471215352,0.0,134.0248105229459,0.0,0.0,26.03603411513859,1,0.0,0.0,1.0,0.0,0.01630323570519782,0.00628980634325183,55.1336327782516,6.2682638699360345,0.002944824539999874,0.0,0.0,0.0,0.0,0.0,469,10963,3.9999993333334443,0.18333332569444477,2.4461408077315445,23.425213675213676,2025-07-21T00:00:00.000000,9013921
2025-09-29T00:00:00.000000,Fishing,69.0,13.0,7.7,7.7,0.0,10.016463685222622,14.5,5.17143477516329,0.0,11.0,13.5,0.17724609375,0.5923258463541666,75.85985026559966,0.0,0.0,32.50103759765626,1,1.0,0.0,0.0,0.0,0.9610963879328963,2.732218845518558,57.10300755090332,8.853173673909506,20.70884735764998,0.0,0.0,0.0,0.0,0.0,24576,565842,5.307691899408316,0.11159420128124346,2.610493601184428,23.025106815869787,2025-09-29T00:00:00.000000,9806847
2025-06-16T00:00:00.000000,Fishing,66.0,14.0,7.5,7.5,0.0,,0.0,0.0,0.0,0.0,0.0,1.0,0.0,8.881823576299782e-16,0.0,0.0,134.29962757042907,1,0.0,0.0,1.0,0.0,3.101517702539438e-05,3.649464538656516e-05,57.7202647355218,10.603380367827407,5.266950000055194e-07,0.0,0.0,0.0,0.0,0.0,112773,604559,4.714285377551045,0.11363636191460058,0.0,5.360896321782002,2025-06-16T00:00:00.000000,9417294
2026-03-23T00:00:00.000000,Fishing,23.0,5.0,,,,3.3484848484848486,6.6,0.576865115071356,2.9,3.4,3.8,0.0,0.0,71.73951797836675,,,,1,1.0,0.0,0.0,0.0,0.00850902164698107,0.03133071493113525,54.452429780303035,7.86706571969697,0.004412288880000183,0.0,0.0,0.0,0.0,0.0,264,14026,4.599999080000184,,1.560154040056025,53.330798479087456,2026-03-23T00:00:00.000000,8509507
2026-02-09T00:00:00.000000,Fishing,34.0,8.0,,,,7.95020202020202,8.9,3.9935244911875,0.0,8.0,8.7,0.38355304456999373,0.0,97.15076128380714,0.0,0.0,24.25119496855346,1,0.0,0.0,1.0,0.0,0.07324352327819993,0.27576406552209676,57.180667632768355,8.373431043942247,0.22621720588499802,0.0,0.0,0.0,0.0,0.0,1593,24627,4.249999468750067,,2.178526221805335,15.469221105527637,2026-02-09T00:00:00.000000,9219769
2026-03-16T00:00:00.000000,Fishing,56.0,12.0,7.0,7.0,0.0,,0.0,0.0,0.0,0.0,0.0,1.0,0.0,7.164748518241466e-15,0.0,0.0,178.07326320403246,1,0.0,0.0,0.0,1.0,1.728427596984302e-05,2.487214925566758e-05,57.71946096866097,10.601212447403025,2.886099999973715e-08,0.0,0.0,0.0,0.0,0.0,9126,604490,4.666666277777811,0.12499999776785718,0.0,66.2454794520548,2026-03-16T00:00:00.000000,9202455
2026-01-12T00:00:00.000000,Fishing,33.0,10.0,6.2,6.2,0.0,,0.0,0.0,0.0,0.0,0.0,1.0,0.0,73.88426988385288,0.0,0.0,91.91788333915473,1,0.0,0.0,0.0,1.0,6.451033761332504e-06,1.0777781166070937e-05,56.69764840202585,8.218076904063338,6.775999999901199e-09,0.0,0.0,0.0,0.0,0.0,8589,604495,3.2999996700000334,0.18787878218549148,0.0,70.38833255705636,2026-01-12T00:00:00.000000,9826043
2025-08-25T00:00:00.000000,Fishing,22.0,7.0,,,,3.361064032411667,9.3,1.9861258879065886,2.4,2.6,7.7,0.048440486735978366,0.0,95.52961494055998,0.0,0.0,11.09796571712745,1,1.0,0.0,0.0,0.0,0.081757567761229,0.4622087593575022,57.699588284582035,8.808130468786423,0.8888079899999974,0.0,0.0,0.0,0.0,0.0,64347,604716,3.142856693877615,,2.668510271056393,9.39788021011407,2025-08-25T00:00:00.000000,9568342
2025-09-29T00:00:00.000000,Fishing,24.0,6.0,3.7,3.7,0.0,4.905294929285961,11.0,3.2086140811166715,0.0,3.0,9.0,0.22740132022093493,0.011450895864205847,109.90732915816301,0.0,0.0,32.50095648659571,1,0.0,0.0,1.0,0.0,0.10551608185892113,0.34086818677745695,57.916852980735555,11.106320368045266,0.4495723903799988,0.0,0.0,0.0,0.0,0.0,7423,600874,3.9999993333334443,0.15416666024305584,2.8049484816570125,80.95850175154945,2025-09-29T00:00:00.000000,8918655
2026-03-09T00:00:00.000000,Fishing,27.0,8.0,5.2,5.2,0.0,3.712443143200711,10.4,2.1244710961836386,0.0,0.0,2.6,0.7335837782025089,0.0005565441537233537,139.6198767902576,0.0,0.0,90.02145770630578,1,1.0,0.0,0.0,0.0,0.20024316138631426,0.2421508891556347,57.71092845126944,9.993123655286803,0.8734481285119972,0.0,0.0,0.0,0.0,0.0,136557,604450,3.374999578125053,0.19259258545953387,1.2238334429859496,4.42638917367234,2026-03-09T00:00:00.000000,9814715
2025-09-08T00:00:00.000000,Fishing,24.0,6.0,4.8,4.8,0.0,4.042978336615664,10.5,2.179779693536425,0.0,3.8,4.6,0.2129255980237215,0.009206266398662023,103.82354273753151,0.0,0.0,27.930688935281843,1,1.0,0.0,0.0,0.0,0.26004545668098683,0.1187682887097517,57.1935852650791,8.029309285332884,0.36403285929199886,0.0,0.0,0.0,0.0,0.0,65173,604524,3.9999993333334443,0.199999991666667,2.1103040382182057,9.275823973485545,2025-09-08T00:00:00.000000,9141534
2025-07-14T00:00:00.000000,Fishing,16.0,6.0,3.0,3.0,0.0,4.830383938735382,8.6,2.6338124686120192,0.0,0.1,7.1,0.7271628465708121,0.0,98.14745308156286,0.0,0.0,7.016284696734905,1,1.0,0.0,0.0,0.0,0.08274241802685811,0.18243313550339982,57.70169511440266,10.193166538155232,0.11282860384999911,0.0,0.0,0.0,0.0,0.0,134857,604636,2.6666662222222963,0.18749998828125072,2.6957110230519072,4.483567657353029,2025-07-14T00:00:00.000000,8549753
2025-11-03T00:00:00.000000,Fishing,35.0,9.0,5.5,5.5,0.0,7.516404886561954,9.1,3.9519836228984713,0.0,6.1,8.9,0.38344226579520696,0.0,77.81277352883654,0.0,0.0,57.42244008714597,1,0.0,0.0,1.0,0.0,0.03549849146528845,0.07948510865815063,56.726099662309366,8.174573616557735,0.04304239999999912,0.0,0.0,0.0,0.0,0.0,918,9035,3.8888884567901716,0.15714285265306135,2.2520330540842406,9.85278080697928,2025-11-03T00:00:00.000000,9856397
2025-06-30T00:00:00.000000,Fishing,43.0,8.0,6.0,6.0,0.0,5.192823026646556,11.0,3.289425693906166,3.0,3.4,10.5,0.023453093812375248,0.2546157684630739,135.07580704314083,0.0,0.0,6.739745508982036,1,0.0,0.0,1.0,0.0,0.383576050641739,0.27567748552118637,55.044609763847305,3.729017566741517,2.786699020000007,0.0,0.0,0.0,0.0,0.0,8016,79512,5.374999328125084,0.13953488047593302,2.280032570385028,9.920399251403618,2025-06-30T00:00:00.000000,9101223
2025-10-20T00:00:00.000000,Fishing,40.0,8.0,5.5,5.5,0.0,9.44662853702589,10.8,2.5902111588308068,0.0,0.0,0.0,0.9232018697049372,0.051183172655565295,98.56087534882273,0.0,0.0,65.40161963190184,1,0.0,0.0,1.0,0.0,0.06128320544892483,0.27035994656708523,57.71016184414841,10.54260057869705,0.987054323220001,0.0,0.0,0.0,0.0,0.0,85575,604504,4.999999375000079,0.1374999965625001,0.0,7.064108257180919,2025-10-20T00:00:00.000000,8741416
2025-11-17T00:00:00.000000,Fishing,26.0,7.0,4.0,4.0,0.0,1.7418886198547214,2.4,0.12281687234114147,0.0,0.0,0.0,0.9962134251290877,0.0,100.92846485955106,0.0,0.0,47.0396694214876,1,1.0,0.0,0.0,0.0,0.00010020378058027024,0.006488250699490309,57.592601714070575,9.981797086198366,6.333587999997942e-05,0.0,0.0,0.0,0.0,0.0,92960,604660,3.714285183673545,0.15384614792899431,0.0,6.504588044191525,2025-11-17T00:00:00.000000,7813365
2026-02-02T00:00:00.000000,Fishing,34.0,8.0,4.5,4.5,0.0,,0.1,0.01175942384707942,0.0,0.0,0.0,1.0,0.0,89.82779786176435,0.0,0.0,89.07893712060475,1,0.0,0.0,0.0,1.0,2.585656064547774e-05,3.816880117802048e-05,56.701249986318544,8.219949310340896,6.966000000158062e-08,0.0,0.0,0.0,0.0,0.0,8771,604454,4.249999468750067,0.13235293728373715,0.0,68.92291904218928,2026-02-02T00:00:00.000000,8966884
2025-09-15T00:00:00.000000,Fishing,50.0,12.0,6.5,6.5,0.0,9.767448956528291,13.1,5.0108306283768105,0.0,10.4,12.3,0.24232081911262798,0.5397986926592236,93.25372879337529,0.0,0.0,32.636859633372914,1,0.0,0.0,1.0,0.0,0.15519117540783556,0.8447561829059677,57.716185518337475,9.844113310551283,3.06510988455,0.0,0.0,0.0,0.0,0.0,34574,549551,4.166666319444474,0.12999999740000007,2.454682358581746,15.895380788476556,2025-09-15T00:00:00.000000,9921805
2025-10-06T00:00:00.000000,Fishing,35.0,7.0,4.0,4.0,0.0,3.7012452107279694,9.9,1.287486099929429,0.0,0.0,0.0,0.9077636629501006,0.0,96.01483633165635,0.0,0.0,91.9356623863273,1,0.0,0.0,1.0,0.0,0.029937653587125322,0.044120228783972405,55.547565683627305,14.372179671380918,0.05200415032800085,0.0,0.0,0.0,0.0,0.0,43768,600283,4.999999285714388,0.11428571102040827,0.0,13.71542486348162,2025-10-06T00:00:00.000000,6909985
2025-11-17T00:00:00.000000,Fishing,20.0,7.0,3.6,3.6,0.0,3.1474603985692386,6.0,0.6441397792012673,2.5,3.0,4.0,0.012586276898091758,0.0,98.23409421416677,0.0,0.0,10.159906617945595,1,0.0,0.0,1.0,0.0,0.03254093079281979,0.03926784799342602,54.57304756729599,8.175303050548111,0.03523258368000061,0.0,0.0,0.0,0.0,0.0,9852,155355,2.85714244897965,0.17999999100000044,2.32868349347482,15.770480154299056,2025-11-17T00:00:00.000000,8571213
2025-08-04T00:00:00.000000,Fishing,26.0,7.0,,,,,0.0,0.0,0.0,0.0,0.0,1.0,0.0,2.287064434728076,0.0,0.0,0.4517598343685302,1,1.0,0.0,0.0,0.0,1.2483457606015544e-05,2.0760113266914024e-05,54.17823487370601,15.556251966873706,1.009799999987598e-08,0.0,0.0,0.0,0.0,0.0,483,176702,3.714285183673545,,0.0,366.60165975103735,2025-08-04T00:00:00.000000,8107397
2026-06-15T00:00:00.000000,Fishing,27.0,8.0,,,,5.500592093806234,9.4,2.846063095125271,0.0,4.8,8.6,0.13287878787878787,0.0,115.05539265751402,0.0,0.0,7.087873582961182,1,0.0,0.0,0.0,1.0,0.35158494653422706,0.712380289169837,57.105824850151514,8.18210212,2.789221534200009,0.0,0.0,0.0,0.0,0.0,19800,604523,3.374999578125053,,3.021716908881304,30.533006717510986,2026-06-15T00:00:00.000000,9171773
2025-09-29T00:00:00.000000,Fishing,34.0,7.0,4.5,4.5,0.0,6.854191980558931,11.2,4.124528989359896,0.0,3.0,9.8,0.353976272918204,0.05988533802577056,110.28954147588226,0.0,0.0,44.52680793046639,1,0.0,0.0,1.0,0.0,0.13728332887149186,0.49821179606536775,57.7404786598456,10.234780196401204,1.90676744370001,0.0,0.0,0.0,0.0,0.0,35234,584757,4.857142163265405,0.13235293728373715,2.376028305111416,16.596855220957625,2025-09-29T00:00:00.000000,6825490
2025-10-13T00:00:00.000000,Fishing,16.0,6.0,4.0,4.0,0.0,6.097172478793591,8.6,1.8393527156790326,3.4,6.5,8.2,0.0,0.0,124.78761183102755,0.0,0.0,6.885673892554194,1,0.0,0.0,1.0,0.0,0.6500339529986944,0.46266990565067745,55.177269461828466,6.768713128180962,2.0929602362600015,0.0,0.0,0.0,0.0,0.0,1061,588100,2.6666662222222963,0.24999998437500096,2.6096122562418547,554.811320754717,2025-10-13T00:00:00.000000,9274965
2025-06-16T00:00:00.000000,Fishing,63.0,13.0,7.0,7.0,0.0,4.173269581056466,13.8,1.686797308269018,3.4,3.8,4.8,0.0018214936247723133,0.02686703096539162,131.95834831424378,0.0,0.0,4.8380692167577415,1,1.0,0.0,0.0,0.0,0.06145703451186331,0.052686763206286166,55.81862163797814,4.7691558041894355,0.2290182748039981,0.0,0.0,0.0,0.0,0.0,2196,71059,4.84615347337281,0.11111110934744271,0.829974747506518,32.373120728929386,2025-06-16T00:00:00.000000,9806859
2025-07-07T00:00:00.000000,Fishing,31.0,9.0,,,,6.930459770114943,9.5,2.5552264960956164,3.1,8.5,9.3,0.005747126436781609,0.0,119.14404991824617,0.0,0.0,5.816091954022989,1,1.0,0.0,0.0,0.0,0.015933204938432793,0.02325379429673571,53.56004805172413,3.318069959770115,0.004338079872000061,0.0,0.0,0.0,0.0,0.0,174,15786,3.4444440617284378,,2.4263984359410626,91.2485549132948,2025-07-07T00:00:00.000000,9848792
2025-08-18T00:00:00.000000,Fishing,63.0,12.0,7.1,7.1,0.0,11.252634211403802,14.2,6.026594162729535,0.0,7.6,13.2,0.44273375891851297,0.4575666541494555,103.36845686170625,0.0,0.0,43.88041682313181,1,1.0,0.0,0.0,0.0,0.19902859185760835,1.0041860351718348,56.619019348291395,7.807695431656027,8.509917957110009,0.0,0.0,0.0,0.0,0.0,10652,520764,5.249999562500037,0.11269841090954903,2.19029147363891,48.89343723594029,2025-08-18T00:00:00.000000,9900978
2025-05-26T00:00:00.000000,Fishing,22.0,6.0,,,,,0.0,0.0,0.0,0.0,0.0,1.0,0.0,7.12802018840693e-15,0.0,0.0,5.448101265822779,1,1.0,0.0,0.0,0.0,3.803295735758512e-05,3.077027009795727e-05,54.12800769620254,8.863409550632912,3.390399999985732e-08,0.0,0.0,0.0,0.0,0.0,158,4235,3.666666055555657,,0.0,26.97452229299363,2025-05-26T00:00:00.000000,8432821
2025-07-07T00:00:00.000000,Fishing,42.0,10.0,,,,3.075977653631285,3.3,0.1034979213441193,3.0,3.1,3.2,0.0,0.0,5.928501878013297,0.0,0.0,4.70391061452514,1,1.0,0.0,0.0,0.0,0.02740225424252303,0.0017255943945491434,59.640460111731855,3.2753774692737427,0.00040022207500001883,0.0,0.0,0.0,0.0,0.0,179,5619,4.199999580000043,,1.9323872887044728,31.56741573033708,2025-07-07T00:00:00.000000,9053725
2026-06-22T00:00:00.000000,Fishing,24.0,6.0,,,,3.2643802647412756,9.1,0.9785624853465795,2.3,3.2,3.5,0.0059928086296444265,0.0,94.03044317387891,0.0,0.0,5.320143884892087,2,0.9996004794246903,0.0,0.0,0.0,0.7873356751145965,0.46931699190006815,53.329619939272874,5.202848817419096,235.0280111164,0.0,0.0,0.0,0.0,0.0,2503,246236,3.9999993333334443,,1.2262873262382092,98.41566746602717,2026-06-22T00:00:00.000000,9845398
2026-06-01T00:00:00.000000,Fishing,33.0,9.0,,,,3.351861279032771,6.1,0.5147619114068976,3.1,3.3,3.5,0.002545338848234171,0.0,98.99388007923778,0.0,0.0,5.747056951956729,1,1.0,0.0,0.0,0.0,0.06275696245618029,0.12299242802670193,55.65036044225263,6.236464322621697,0.1433895130559995,0.0,0.0,0.0,0.0,0.0,3143,109138,3.666666259259305,,0.7770567597940585,34.73520050922979,2026-06-01T00:00:00.000000,9871256
2025-06-09T00:00:00.000000,Fishing,24.0,6.0,4.4,4.4,0.0,3.2558702603928737,6.4,0.511858177339026,3.1,3.3,3.5,0.004557885141294439,0.0,75.1871364393949,0.0,0.0,7.635186873290794,1,0.0,0.0,1.0,0.0,0.08875510805469884,0.3663823095964033,54.49956694576117,5.7647885009115765,0.5843677574699908,0.0,0.0,0.0,0.0,0.0,2194,288665,3.9999993333334443,0.18333332569444477,0.7814649374452124,131.63018695850434,2025-06-09T00:00:00.000000,9013921
2025-08-04T00:00:00.000000,Fishing,49.0,13.0,7.2,7.2,0.0,9.64950269374223,14.9,5.37063723214586,0.0,0.0,13.2,0.572969974591132,0.21089360483842107,118.56574568358543,0.0,0.0,42.952197330279496,1,0.0,0.0,1.0,0.0,0.0673937638027542,0.7916162051869186,57.703680182281786,10.367796107558245,1.7819183407889898,0.0,0.0,0.0,0.0,0.0,55886,604145,3.769230479289963,0.14693877251145362,2.4578084446261212,10.810503712982017,2025-08-04T00:00:00.000000,9840104
2026-01-05T00:00:00.000000,Fishing,23.0,6.0,,,,3.4270746285979574,10.7,2.0849388029116054,0.0,2.7,3.5,0.3594113235845519,0.0015748031496062992,98.07165683209946,0.0,0.0,14.430622422197224,1,1.0,0.0,0.0,0.0,0.09545331404101935,0.19220003316935433,55.01217351207349,8.333624819985003,0.25392866868000136,0.0,0.0,0.0,0.0,0.0,53340,528133,3.8333326944445507,,1.678705541096329,9.901441721817056,2026-01-05T00:00:00.000000,8718861
2025-06-30T00:00:00.000000,Fishing,24.0,6.0,3.6,3.6,0.0,3.467172523961661,8.5,1.2184502188596744,2.7,3.2,4.1,0.0,0.0,41.66630273974402,0.0,0.0,4.0905675459632285,1,0.0,0.0,1.0,0.0,1.9584032942895917,0.3553145561456248,53.44800209105432,6.193091301916933,310.113768344976,0.0,0.0,0.0,0.0,0.0,1252,34546,3.9999993333334443,0.14999999375000025,1.1489996302931464,27.614708233413268,2025-06-30T00:00:00.000000,8531938
2025-06-23T00:00:00.000000,Fishing,38.0,8.0,5.0,5.0,0.0,3.4264622332289316,11.9,1.1556276758121111,3.0,3.4,3.7,0.020328438110395718,0.010055704261014252,95.78391176478173,0.0,0.0,6.724712435795414,1,0.0,0.0,1.0,0.0,0.06771771437955662,0.13961768026290602,55.6053451158938,4.810982785719453,0.21712819184100363,0.0,0.0,0.0,0.0,0.0,13823,170097,4.749999406250074,0.13157894390581729,0.6057309018470656,12.306250904355375,2025-06-23T00:00:00.000000,8812760
2025-07-07T00:00:00.000000,Fishing,28.0,9.0,4.5,4.5,0.0,3.7134485826871746,8.8,2.6517156574067187,0.0,0.0,7.0,0.5385808374791033,0.0,75.03324820409009,0.0,0.0,34.7640456001128,1,0.0,0.0,1.0,0.0,0.16246501204972985,0.4197681477670006,57.87028018981248,7.83615266138291,0.4864999473599984,0.0,0.0,0.0,0.0,0.0,49649,588349,3.1111107654321373,0.16071427997449,2.6397993844658134,11.850406864324848,2025-07-07T00:00:00.000000,8650239
2025-08-25T00:00:00.000000,Fishing,64.0,13.0,7.9,7.9,0.0,12.174548991864166,13.9,0.4521442124008452,11.8,12.1,12.8,0.0,1.0,29.0235545259642,0.0,0.0,2.3351432614078527,1,0.0,0.0,1.0,0.0,0.37000370119397974,1.3968637042213046,54.85562442483197,13.177272785284753,4.873992706960029,0.0,0.0,0.0,0.0,0.0,5654,55984,4.923076544378728,0.1234374980712891,2.211678842489787,9.903414116398373,2025-08-25T00:00:00.000000,9053268
2026-04-13T00:00:00.000000,Fishing,63.0,13.0,7.4,6.8,0.6000000000000005,11.739067471201317,14.4,5.639335875570485,0.0,0.0,13.6,0.7392017658990574,0.22551008232907768,99.08288341398813,0.0,0.0,75.1982549815058,2,0.0,0.0,0.9136141271924592,0.08638587280754087,0.0490648931710942,0.5632714701690452,57.706022522342195,10.67856944305572,0.6623595996259976,0.0,0.0,0.0,0.0,0.0,33524,407838,4.84615347337281,0.11746031559586802,2.4116310658643174,12.165915938311011,2026-04-13T00:00:00.000000,9816775
2026-01-26T00:00:00.000000,Fishing,49.0,9.0,6.0,6.0,0.0,9.840035862239535,11.7,4.962081071992792,0.0,9.6,10.8,0.37323309448294767,0.4302439406398058,60.618210884642586,0.0,0.0,24.715875137600257,1,0.0,0.0,1.0,0.0,0.9887609979838599,1.32361237505714,56.840454676064056,11.762862975175223,13.094673625242013,0.0,0.0,0.0,0.0,0.0,25539,151675,5.44444383950624,0.12244897709287803,2.1765057174200826,5.939188660036025,2026-01-26T00:00:00.000000,8516213
2026-02-23T00:00:00.000000,Fishing,20.0,12.0,3.0,3.0,0.0,3.6079162627241876,8.3,2.069570256494663,0.0,0.0,2.6,0.67935730381111,0.0,99.95816737063593,0.0,0.0,54.076170275301266,1,1.0,0.0,0.0,0.0,0.26791364275725,0.43172707132043736,56.59730945884197,11.253745284001177,0.8296890413549934,0.0,0.0,0.0,0.0,0.0,102070,604739,1.6666665277777895,0.14999999250000037,1.2562988550603233,5.9248057686467,2026-02-23T00:00:00.000000,22
2026-04-20T00:00:00.000000,Fishing,53.0,11.0,6.5,6.5,0.0,,0.2,0.0144001118086112,0.0,0.0,0.0,0.9995602029132765,0.0,103.96435299548655,0.0,0.0,129.37448206279728,1,0.0,0.0,1.0,0.0,2.5109265870081528e-05,6.2781724986854e-05,57.71897867745434,10.60042748616535,1.254899999970781e-07,0.0,0.0,0.0,0.0,0.0,131879,604527,4.8181813801653295,0.12264150711997157,0.0,4.583986714994161,2026-04-20T00:00:00.000000,9900966
2025-07-14T00:00:00.000000,Fishing,69.0,15.0,8.0,8.0,0.0,1.7816666666666667,4.0,0.13154380340506192,0.0,0.0,0.0,0.9973345885852032,0.0,63.41811318048514,0.0,0.0,49.3599105932864,1,0.0,0.0,1.0,0.0,0.0002003169707420992,0.0019583392483190523,57.71786241618494,10.59475310483252,3.8999664000008986e-05,0.0,0.0,0.0,0.0,0.0,333532,604548,4.599999693333354,0.11594202730518802,0.0,1.8125691464961278,2025-07-14T00:00:00.000000,9840051
2026-06-29T00:00:00.000000,Fishing,69.0,12.0,8.2,8.2,0.0,9.919648829431438,11.2,4.982184653243438,0.0,0.0,10.8,0.6293640897755611,0.32761845386533667,91.3634513205113,0.0,0.0,63.72188279301747,1,0.0,0.0,1.0,0.0,0.10311836880778655,0.21720493529704574,57.18198549064839,8.477536437655859,0.29650788975499975,0.0,0.0,0.0,0.0,0.0,3208,43170,5.749999520833374,0.1188405779878177,2.167723314961,13.461178671655754,2026-06-29T00:00:00.000000,9943281
2025-11-17T00:00:00.000000,Fishing,70.0,15.0,7.2,7.2,0.0,,0.1,0.028522272118777215,0.0,0.0,0.0,1.0,0.0,159.52848711078389,0.0,0.0,147.0594364884332,1,0.0,0.0,1.0,0.0,1.9106539014589906e-05,2.077698005379931e-05,57.717930253292096,10.595277595093636,3.1789999999525683e-08,0.0,0.0,0.0,0.0,0.0,118010,604447,4.666666355555576,0.10285714138775513,0.0,5.122041539204637,2025-11-17T00:00:00.000000,9686596
2025-12-22T00:00:00.000000,Fishing,27.0,8.0,,,,,0.0,0.0,0.0,0.0,0.0,1.0,0.0,127.41486072050414,,,,1,0.0,0.0,0.0,0.0,2.8591229813365557e-05,3.237764166132917e-05,52.459339965034964,4.589949793706293,3.009999999978776e-08,0.0,0.0,0.0,0.0,0.0,286,9697,3.374999578125053,,0.0,34.02456140350877,2025-12-22T00:00:00.000000,9171773
2026-06-15T00:00:00.000000,Fishing,81.0,16.0,7.8,7.8,0.0,10.791911764705882,14.7,0.7088325360347992,10.0,11.1,11.5,0.0,0.7757352941176471,1.6691820565146003,0.0,0.0,0.6643382352941181,1,0.0,0.0,1.0,0.0,0.5634501376001485,0.025434906411528367,57.37006768014706,4.485663882352942,0.07858541203000079,0.0,0.0,0.0,0.0,0.0,272,26147,5.062499683593769,0.09629629510745315,2.1161526984050023,96.48339483394834,2026-06-15T00:00:00.000000,9799898
2025-05-26T00:00:00.000000,Fishing,66.0,14.0,7.5,7.5,0.0,,0.0,0.0,0.0,0.0,0.0,1.0,0.0,8.974331826642583e-16,0.0,0.0,134.28803885853063,1,0.0,0.0,1.0,0.0,3.4012396101826204e-05,4.68326704997112e-05,57.720266432665454,10.60338071165756,3.951540000028524e-07,0.0,0.0,0.0,0.0,0.0,16470,86190,4.714285377551045,0.11363636191460058,0.0,5.233468941647945,2025-05-26T00:00:00.000000,9417294
2025-12-08T00:00:00.000000,Fishing,38.0,8.0,,,,4.954792899408284,12.9,2.3875373718817086,2.5,4.2,9.3,0.060465879265091865,0.024278215223097113,91.39827037787357,,,,1,0.0,0.0,0.0,0.0,0.32221773301709117,0.1647992591806642,57.09670014839239,8.037872342650918,2.001322425960003,0.0,0.0,0.0,0.0,0.0,30480,516138,4.749999406250074,,2.8481217642758407,16.93421700187014,2025-12-08T00:00:00.000000,9222077
2025-10-20T00:00:00.000000,Fishing,28.0,8.0,5.0,5.0,0.0,8.054919236417033,10.2,4.339090015600662,0.0,4.5,9.5,0.44686089454247024,0.0004103405826836274,72.80743873805059,0.0,0.0,36.70373409930242,1,0.0,0.0,1.0,0.0,0.0356784925766062,0.20798075482052392,57.147747773492,8.46479560525236,0.08253799339500136,0.0,0.0,0.0,0.0,0.0,2437,21027,3.499999562500055,0.17857142219387778,2.189398647284404,8.631773399014778,2025-10-20T00:00:00.000000,9841550
2025-06-09T00:00:00.000000,Fishing,19.0,5.0,2.5,2.5,0.0,2.8859343214181923,8.3,1.1175359414670045,2.1,2.7,3.4,0.01181159420289855,0.0,104.82780185675725,,,,2,0.9597826086956521,0.0,0.04021739130434782,0.0,0.07859422498690714,0.022470017120898234,54.57789608630434,8.192395390434783,0.06832177605600055,0.0,0.0,0.0,0.0,0.0,13800,186401,3.799999240000152,0.13157894044321367,1.16327250738886,13.508297702732081,2025-06-09T00:00:00.000000,8432742
2026-02-09T00:00:00.000000,Fishing,35.0,7.0,4.0,4.0,0.0,4.167228578915189,10.6,2.2477683510651882,0.0,0.0,3.2,0.7459995492449853,0.007099391480730223,87.15033479845751,0.0,0.0,58.31605878905369,1,0.0,0.0,1.0,0.0,0.024010735540581606,0.11946010474546433,55.56250480141988,14.425168985373,0.06855099791999837,0.0,0.0,0.0,0.0,0.0,44370,604201,4.999999285714388,0.11428571102040827,1.4236336119110986,13.617638441254028,2026-02-09T00:00:00.000000,6909985
2025-09-01T00:00:00.000000,Fishing,23.0,6.0,2.5,2.5,0.0,3.3950394065832175,8.0,0.6080125046550888,3.1,3.4,3.8,0.006448641179180101,0.0,85.78130465201822,0.0,0.0,6.576717381281696,1,1.0,0.0,0.0,0.0,0.1849208600485461,0.08441103176948324,54.45152659235375,8.233341331644402,0.23833062434599986,0.0,0.0,0.0,0.0,0.0,2171,198596,3.8333326944445507,0.10869564744801533,1.1512902174715554,91.5188940092166,2025-09-01T00:00:00.000000,8431920
2026-03-02T00:00:00.000000,Fishing,34.0,8.0,4.5,4.5,0.0,2.902727272727273,4.0,0.3157110910980614,0.0,0.0,0.0,0.9892839746712129,0.0,38.88248764178656,0.0,0.0,28.71716051805338,1,0.0,0.0,0.0,1.0,0.003609893268398366,0.0004613768570517224,56.695290413930834,8.220002096833902,4.547040000001106e-05,0.0,0.0,0.0,0.0,0.0,10265,604413,4.249999468750067,0.13235293728373715,0.0,58.88669134840218,2026-03-02T00:00:00.000000,8966884
2026-03-16T00:00:00.000000,Fishing,24.0,7.0,3.8,3.8,0.0,3.2551724137931033,8.6,1.4566383636534777,1.8,3.1,3.4,0.019450800915331808,0.0,32.79768920430518,0.0,0.0,4.570446735395189,2,0.9988558352402745,0.0,0.0,0.0,1.2004628383283196,0.1988306247456004,55.56663690389016,5.0872134679633865,186.92465007295098,0.0,0.0,0.0,0.0,0.0,874,13679,3.42857093877558,0.15833332673611136,1.0984187575344329,15.668957617411225,2026-03-16T00:00:00.000000,9826756
2025-08-04T00:00:00.000000,Fishing,22.0,6.0,,,,3.021048874317518,8.2,1.8263277599321441,0.0,2.0,4.1,0.3974687236662994,0.0,99.08304494236262,0.0,0.0,52.21920165231462,1,1.0,0.0,0.0,0.0,0.11958873972154657,0.14702235112591702,57.724740132948725,9.862345329997732,0.3071040403080015,0.0,0.0,0.0,0.0,0.0,123416,604090,3.666666055555657,,2.2449408288091197,4.89478588502208,2025-08-04T00:00:00.000000,8863123
2025-12-08T00:00:00.000000,Fishing,37.0,10.0,4.0,4.0,0.0,9.002871389270975,10.5,4.633972050845305,0.0,1.2,9.8,0.49873792323091654,0.042214291931412656,93.88094573917874,0.0,0.0,54.75854295413004,1,1.0,0.0,0.0,0.0,0.09657133449667721,0.24610926809975064,57.18774656314735,8.43157592236052,0.6857009815040024,0.0,0.0,0.0,0.0,0.0,11489,92156,3.699999630000037,0.10810810518626743,2.1148159241479267,8.021935933147633,2025-12-08T00:00:00.000000,9295892
2026-01-05T00:00:00.000000,Fishing,28.0,8.0,,,,2.7746530029835257,9.9,2.2499030496415404,1.5,1.9,8.3,0.03952092003685231,0.0,88.45322305518421,0.0,0.0,10.928900467007658,3,0.7161101756838326,0.0,0.2819836706166407,0.0019061536995266385,0.2993159087125819,0.3283498650077363,57.78208950725927,8.969226592083109,2.032703676091003,0.0,0.0,0.0,0.0,0.0,31477,592931,3.499999562500055,,3.0223511091876967,18.837558774939637,2026-01-05T00:00:00.000000,9826782
2025-10-06T00:00:00.000000,Fishing,26.0,7.0,4.0,4.0,0.0,,0.1,0.0009915922327200504,0.0,0.0,0.0,1.0,0.0,92.94324672137891,0.0,0.0,71.96000000000001,1,1.0,0.0,0.0,0.0,1.0681210686503766e-05,1.592274174807205e-05,57.59261724351486,9.958038898292918,1.490399999960482e-08,0.0,0.0,0.0,0.0,0.0,101694,604286,3.714285183673545,0.15384614792899431,0.0,5.942257579184408,2025-10-06T00:00:00.000000,7813365
2025-07-21T00:00:00.000000,Fishing,45.0,10.0,1.0,1.0,0.0,3.5985438429882874,13.1,2.3933393127636213,0.0,0.4,4.0,0.5185857889957097,0.009112829987786928,108.53083707756903,0.0,0.0,57.030087996743184,1,0.0,0.0,1.0,0.0,0.0404194618772831,0.11821863990753043,54.66997367162497,8.506740377853632,0.17173846673999946,0.0,0.0,0.0,0.0,0.0,31933,367648,4.499999550000045,0.022222221728395074,1.6713043183487548,11.513466115495428,2025-07-21T00:00:00.000000,928409900
2026-05-18T00:00:00.000000,Fishing,15.0,6.0,3.5,3.5,0.0,4.193916982527503,10.0,2.871277907080079,0.0,2.7,8.3,0.34560581741950275,0.0,109.23673640947271,0.0,0.0,39.16616982244644,1,1.0,0.0,0.0,0.0,0.2054537248351475,0.2876642258812858,55.72499057751646,7.777556321104523,0.6032553210320016,0.0,0.0,0.0,0.0,0.0,30529,357636,2.4999995833334028,0.23333331777777883,2.8906979323860287,11.71501572327044,2026-05-18T00:00:00.000000,8576897
2026-04-06T00:00:00.000000,Fishing,38.0,9.0,0.9,0.9,0.0,2.8473128968126726,9.7,1.7529014362441868,0.0,0.2,3.4,0.5609934036538287,0.0,96.24405836206208,0.0,0.0,58.63038574946044,1,0.0,0.0,1.0,0.0,0.014969120503443631,0.030687347541593902,54.77279274591908,8.322783070568745,0.002734809649999949,0.0,0.0,0.0,0.0,0.0,65794,604765,4.2222217530864725,0.02368420990304711,1.9396401817347726,9.191935312267262,2026-04-06T00:00:00.000000,9001899
2026-03-02T00:00:00.000000,Fishing,26.0,7.0,3.0,3.0,0.0,5.970603327631783,102.2,3.7001562141610504,2.6,8.1,9.3,0.021913415285943347,0.0018324807207757501,98.19963612097665,0.0,0.0,4.714346382518724,1,1.0,0.0,0.0,0.0,0.21383953595066554,0.19350874776087823,54.82875177254333,16.004908492937314,5.462347951530006,0.0,0.0,0.0,0.0,0.0,13097,506220,3.714285183673545,0.11538461094674572,1.8107338721603794,38.65455100794136,2026-03-02T00:00:00.000000,7422087
2026-04-20T00:00:00.000000,Fishing,23.0,8.0,2.5,2.5,0.0,4.768015414258189,8.4,2.4161234284191857,2.6,3.2,8.1,0.0,0.0,109.18944052025249,,,,1,0.0,0.0,1.0,0.0,0.05801161391423019,0.09285757239966631,54.49483603532433,7.955292459216443,0.16846675597799984,0.0,0.0,0.0,0.0,0.0,1557,123620,2.8749996406250453,0.10869564744801533,2.27637282886069,79.44730077120822,2026-04-20T00:00:00.000000,8615203
2026-02-09T00:00:00.000000,Fishing,61.0,12.0,,,,9.564397450753187,12.5,5.050625050799296,0.0,0.0,11.5,0.6142954236520163,0.24626189397371998,57.073344745247084,0.0,0.0,9.156224430157803,1,0.0,0.0,1.0,0.0,0.07550270065267975,0.9088022846253787,57.69279590581105,10.082381048708653,1.1891493129390096,0.0,0.0,0.0,0.0,0.0,17656,120529,5.083332909722258,,2.276945448808281,6.82690455961484,2026-02-09T00:00:00.000000,9191539
2025-11-17T00:00:00.000000,Fishing,48.0,12.0,6.8,6.8,0.0,,0.1,0.004724895851760903,0.0,0.0,0.0,0.9997763113745666,0.0,5.684447872970963e-14,0.0,0.0,117.50927162197442,3,0.0,0.0,0.7816426201394325,0.21813369123513401,0.4976642877717268,0.15852703035973006,57.729613041307836,10.598019114267604,352.75951209262496,0.0,0.0,0.0,0.0,0.0,26823,604792,3.9999996666666946,0.14166666371527784,0.0,22.548355827305944,2025-11-17T00:00:00.000000,9278129
2025-11-03T00:00:00.000000,Fishing,23.0,6.0,2.6,2.6,0.0,2.6612573099415204,11.2,0.937267021163285,2.1,2.5,3.5,0.024337866857551897,0.002863278453829635,66.71968843549708,,,,1,0.0,0.0,1.0,0.0,0.17055611084206945,0.042258873567390436,54.13141762992126,8.261769151753757,0.27521496699999987,0.0,0.0,0.0,0.0,0.0,1397,165568,3.8333326944445507,0.11304347334593594,1.4937029413021023,118.60171919770774,2025-11-03T00:00:00.000000,8432194
2026-04-27T00:00:00.000000,Fishing,,,3.0,3.0,0.0,3.499889624724062,9.8,1.3550465192256236,2.6,3.2,3.8,0.008714596949891068,0.0,115.31153389045961,0.0,0.0,7.029472477064222,1,1.0,0.0,0.0,0.0,0.08736945017798285,0.04867978718955324,54.59886898474946,8.17452023311547,0.3256951194809995,0.0,0.0,0.0,0.0,0.0,918,361025,,,0.8855777992832091,393.7022900763359,2026-04-27T00:00:00.000000,8432807
2026-05-04T00:00:00.000000,Fishing,44.0,11.0,6.4,6.4,0.0,9.5062044653349,11.3,4.905363898859212,0.0,0.0,11.0,0.6549590232480348,0.28073256397390867,83.75727001288354,0.0,0.0,33.80296872386686,1,0.0,0.0,1.0,0.0,0.0949265239539549,0.24257356766904395,57.16636632196019,8.478414980097005,0.8895349324140043,0.0,0.0,0.0,0.0,0.0,11958,107254,3.9999996363636696,0.1454545421487604,2.2424427594689544,8.969975746424689,2026-05-04T00:00:00.000000,9294915
2025-09-22T00:00:00.000000,Fishing,49.0,13.0,7.2,7.2,0.0,7.857917413484075,13.9,4.553962715718418,0.0,3.5,10.5,0.4249450768923507,0.17285799880167765,121.03729492901698,0.0,0.0,49.19340722987817,1,0.0,0.0,1.0,0.0,0.8690898444217309,2.4448823118542693,57.09409057145995,9.179166560375474,15.441311614327967,0.0,0.0,0.0,0.0,0.0,50070,604674,3.769230479289963,0.14693877251145362,2.3056837198237434,12.076813996684574,2025-09-22T00:00:00.000000,9840104
2025-08-04T00:00:00.000000,Fishing,35.0,7.0,4.0,4.0,0.0,,0.2,0.0016241183828444462,0.0,0.0,0.0,0.9998579718378444,0.0,2.4960047277910777,0.0,0.0,108.72602161154079,1,0.0,0.0,1.0,0.0,2.0511257547274784e-05,3.374033293968187e-05,55.55634720752343,14.359124284665016,6.913000000183392e-08,0.0,0.0,0.0,0.0,0.0,49286,604173,4.999999285714388,0.11428571102040827,0.0,12.258760271887999,2025-08-04T00:00:00.000000,6909985
2025-11-24T00:00:00.000000,Fishing,24.0,6.0,4.4,4.4,0.0,3.4664565843570743,9.9,1.8920077567962519,0.0,3.1,3.5,0.4150730670829539,0.0,117.46715973236819,0.0,0.0,39.41982336190573,2,0.9999710911640143,0.0,0.0,0.0,0.2419288346250371,0.1781901502354242,54.931183759810935,8.368947311391526,312.08733541813,0.0,0.0,0.0,0.0,0.0,69183,511905,3.9999993333334443,0.18333332569444477,1.8498857298771534,7.39939579659449,2025-11-24T00:00:00.000000,9013921
2026-03-02T00:00:00.000000,Fishing,40.0,9.0,,,,3.5960068365444378,8.6,1.1840501375188397,2.4,3.5,4.3,0.0018645121193287756,0.0,111.53491405932293,0.0,0.0,10.279148539465508,1,1.0,0.0,0.0,0.0,0.09901716646920404,0.08171783747530723,54.53001693070231,7.844165165786203,0.30200270117500133,0.0,0.0,0.0,0.0,0.0,6436,304896,4.444443950617339,,1.6046604236886421,47.380885780885784,2026-03-02T00:00:00.000000,8805913
2025-12-29T00:00:00.000000,Fishing,28.0,8.0,5.0,5.0,0.0,8.126238703645996,10.0,1.7805800058021395,0.0,0.0,0.0,0.9505129472838514,0.0,51.75427282817545,0.0,0.0,35.149357270873246,1,0.0,0.0,1.0,0.0,0.01821389270125405,0.11302455231797491,57.596037540232366,9.9368293450961,0.2098083522000029,0.0,0.0,0.0,0.0,0.0,64724,344335,3.499999562500055,0.17857142219387778,0.0,5.320133491958036,2025-12-29T00:00:00.000000,9841550
2026-05-04T00:00:00.000000,Fishing,105.0,16.0,6.5,6.5,0.0,13.884785102477823,102.2,6.022088928108682,10.7,14.3,14.9,3.807203228508338e-05,0.9115586690017513,101.67178895676642,0.0,0.0,1.8181049975146262,1,0.0,0.0,1.0,0.0,1.3236248016025258,1.770389780811391,56.26213127731668,12.680869743013782,5095.962663795884,0.0,0.0,0.0,0.0,0.0,26266,116931,6.5624995898437755,0.06190476131519275,0.6974322951233423,4.45197030268418,2026-05-04T00:00:00.000000,8729664
2025-06-23T00:00:00.000000,Fishing,35.0,9.0,5.5,5.5,0.0,5.442564766839378,10.9,3.2934116913926896,0.0,4.9,7.8,0.2987551867219917,0.004643351116380162,97.29120418512818,0.0,0.0,28.87524204702628,3,0.3978462754396364,0.0,0.28986366330764674,0.31229006125271686,0.21990543178984054,0.24212148466382025,57.36918013841138,8.617443361687414,0.7333648989440023,0.0,0.0,0.0,0.0,0.0,10122,163909,3.8888884567901716,0.15714285265306135,2.3683639831671393,16.19494121134275,2025-06-23T00:00:00.000000,9856397
2026-06-29T00:00:00.000000,Fishing,22.0,6.0,4.5,4.5,0.0,2.8748851454823887,7.9,1.2727463687041864,2.0,2.6,3.6,0.00764525993883792,0.0,104.48003880062963,0.0,0.0,12.093730886850151,1,0.0,0.0,1.0,0.0,0.025823425941328887,0.044810374543714296,58.66982194189601,10.903849396024466,0.024164464612000672,0.0,0.0,0.0,0.0,0.0,654,29609,3.666666055555657,0.2045454452479343,1.2571230075525492,45.34303215926493,2026-06-29T00:00:00.000000,8811170
2026-05-04T00:00:00.000000,Fishing,56.0,12.0,7.0,7.0,0.0,,0.0,0.0,0.0,0.0,0.0,1.0,0.0,43.80688668937955,0.0,0.0,73.48628027681659,1,0.0,0.0,0.0,1.0,1.6178428841043263e-05,1.981431653687177e-05,57.59170231885814,9.982861417820068,2.0099999999298797e-08,0.0,0.0,0.0,0.0,0.0,11560,604440,4.666666277777811,0.12499999776785718,0.0,52.291720737087985,2026-05-04T00:00:00.000000,9202455
2025-07-21T00:00:00.000000,Fishing,24.0,8.0,4.3,4.3,0.0,2.849169435215947,3.1,0.11736399730189831,2.7,2.8,3.0,0.0,0.0,20.586627733009045,0.0,0.0,4.354485049833888,1,1.0,0.0,0.0,0.0,0.023596473187259874,0.028238552350568002,54.295231053156144,5.101340970099668,0.007236212022000059,0.0,0.0,0.0,0.0,0.0,301,7546,2.999999625000047,0.1791666592013892,2.556128376404329,25.153333333333332,2025-07-21T00:00:00.000000,7813377
2025-11-03T00:00:00.000000,Fishing,44.0,9.0,5.2,5.2,0.0,6.15589229414605,12.6,3.3654036770812876,0.0,5.8,6.6,0.38053175985497456,0.04679557814666051,106.13696395659679,0.0,0.0,27.1923666157182,1,1.0,0.0,0.0,0.0,0.4137157007608807,0.5270911306486901,57.216148224913795,8.822478733675755,1.479403159458003,0.0,0.0,0.0,0.0,0.0,56266,604711,4.8888883456790735,0.11818181549586784,1.961131166467617,10.747551763974052,2025-11-03T00:00:00.000000,9013907
2025-06-23T00:00:00.000000,Fishing,23.0,7.0,,,,3.250046511627907,4.4,0.6389400897758517,3.2,3.4,3.5,0.038356164383561646,0.0,74.17025807226565,0.0,0.0,8.140730593607307,1,1.0,0.0,0.0,0.0,0.05544837097488598,0.020482093736637248,55.58654652968036,6.503566073972603,0.017440315647999794,0.0,0.0,0.0,0.0,0.0,1095,41264,3.2857138163265978,,0.46952685435404296,37.71846435100549,2025-06-23T00:00:00.000000,9568079
2026-01-12T00:00:00.000000,Fishing,49.0,13.0,7.5,7.4,0.09999999999999964,1.3738425925925926,3.8,0.1471433567779401,0.0,0.0,0.0,0.9968427095292767,0.0,49.97970359671849,0.0,0.0,79.22595202321124,2,0.0,0.0,0.0,3.3767812521104886e-05,0.0004789137323078944,0.0004900691001810403,57.721696326061995,10.601584346711014,3.176934400000825e-05,0.0,0.0,0.0,0.0,0.0,59228,604598,3.769230479289963,0.15306122136609754,0.0,10.208148310736657,2026-01-12T00:00:00.000000,9816804
2026-02-02T00:00:00.000000,Fishing,17.0,6.0,3.2,3.2,0.0,2.3935185185185186,4.9,0.8722056898125266,0.0,0.0,0.7,0.9132832080200501,0.0,70.76051077253958,0.0,0.0,147.10169927909374,1,0.0,0.0,0.0,1.0,0.0015719084718562222,0.0034625217471558763,56.00347414285714,8.122401301253133,5.3980539999949244e-05,0.0,0.0,0.0,0.0,0.0,1995,216144,2.83333286111119,0.18823528304498335,0.8025620626120845,108.39719157472418,2026-02-02T00:00:00.000000,8341840
2025-10-13T00:00:00.000000,Fishing,24.0,8.0,4.0,4.0,0.0,3.549911720765992,8.3,2.2395797769530703,0.0,2.5,6.8,0.16685771053033777,0.0,98.75287239263655,0.0,0.0,19.82692954302308,1,1.0,0.0,0.0,0.0,0.1895799556611733,0.41648656648075216,57.43096621263182,8.12354667587498,0.9563428238919991,0.0,0.0,0.0,0.0,0.0,26172,249379,2.999999625000047,0.1666666597222225,3.036282535542808,9.52882962057239,2025-10-13T00:00:00.000000,8882935
2025-07-28T00:00:00.000000,Fishing,39.0,8.0,,,,2.0293623624994295,11.2,1.5248379828429004,1.5,1.7,2.0,0.03404823311162391,0.010271028460250667,51.3325583514814,0.0,0.0,9.923605266730013,1,0.0,0.0,1.0,0.0,0.0989380058017347,0.2709586469222467,57.776167868422235,8.522135349350707,0.60156029335,0.0,0.0,0.0,0.0,0.0,44202,472323,4.874999390625077,,0.327903474154237,10.685798963824348,2025-07-28T00:00:00.000000,9222405
2025-08-25T00:00:00.000000,Fishing,24.0,6.0,3.8,3.8,0.0,2.859609428768066,9.1,0.6265998885104734,2.6,2.9,3.1,0.025504964053406368,0.0,109.98691695850401,,,,1,1.0,0.0,0.0,0.0,0.15630313725513753,0.10829975261382187,55.76724007163642,5.730597516175968,0.424077978760001,0.0,0.0,0.0,0.0,0.0,11684,201104,3.9999993333334443,0.15833332673611136,0.7979560980013558,17.21338697252418,2025-08-25T00:00:00.000000,9152674
2026-06-29T00:00:00.000000,Fishing,27.0,8.0,,,,,0.1,0.01230818287876322,0.0,0.0,0.0,0.9949238578680203,0.0,63.64124742150117,0.0,0.0,119.98214285714282,2,0.0,0.0,0.0,0.9949238578680203,2.6234361399806025,1.1083316250297461,54.36523118274111,15.477210299492386,572.8084195146661,0.0,0.0,0.0,0.0,0.0,197,167819,3.374999578125053,,0.0,856.219387755102,2026-06-29T00:00:00.000000,8600337
2025-05-26T00:00:00.000000,Fishing,20.0,12.0,3.0,3.0,0.0,,0.1,0.0036269806052122897,0.0,0.0,0.0,1.0,0.0,91.09296212912331,0.0,0.0,127.4588833601639,1,1.0,0.0,0.0,0.0,1.2450137210220188e-05,1.7525198110998095e-05,57.71516420657105,10.583322050929313,1.641599999958697e-08,0.0,0.0,0.0,0.0,0.0,13666,86200,1.6666665277777895,0.14999999250000037,0.0,6.308086351994145,2025-05-26T00:00:00.000000,22
2026-06-08T00:00:00.000000,Fishing,92.0,18.0,,,,11.232712386389244,13.8,5.711145070769337,0.0,0.0,12.4,0.6015849490336046,0.36350987568434107,74.48263303822267,0.0,0.0,35.18219049635521,1,0.0,0.0,0.0,0.0,0.04490645274293631,0.4969268237988972,57.74821211303349,10.359070105955658,0.5905560758760027,0.0,0.0,0.0,0.0,0.0,33061,420041,5.111110827160509,,2.171192935068744,12.705414398064125,2026-06-08T00:00:00.000000,9919759
2026-01-19T00:00:00.000000,Fishing,23.0,6.0,2.7,2.7,0.0,3.870864648926806,7.7,0.5575116450138232,3.4,4.0,4.3,0.0044609665427509295,0.0,108.5085394017718,0.0,0.0,6.739337614058804,1,1.0,0.0,0.0,0.0,0.11583407597212539,0.045465938754128354,54.66598920243326,8.164355076782696,0.13644290240000082,0.0,0.0,0.0,0.0,0.0,14795,226582,3.8333326944445507,0.11739129924385655,1.6143131605161796,15.315803704204408,2026-01-19T00:00:00.000000,8516940
2026-06-01T00:00:00.000000,Fishing,22.0,6.0,3.5,3.5,0.0,,0.2,0.0072372100449995275,0.0,0.0,0.0,1.0,0.0,87.14907575536732,0.0,0.0,61.71943314554194,1,1.0,0.0,0.0,0.0,8.285984708311327e-06,1.1926649921092332e-05,56.001070584299484,8.12342143758293,1.6871999999515494e-08,0.0,0.0,0.0,0.0,0.0,45973,473701,3.666666055555657,0.15909090185950445,0.0,10.304119899068999,2026-06-01T00:00:00.000000,9040675
2025-11-24T00:00:00.000000,Fishing,36.0,10.0,,,,8.05334124159747,11.5,4.424762917436061,0.0,0.0,10.7,0.6224009713158294,0.15905296706632266,110.73424243090288,0.0,0.0,55.53137055837564,2,0.0,0.0,0.0,0.9999241159508271,0.29507419144395186,0.13120103312495546,57.73236318371528,10.632830512444984,367.76723079598906,0.0,0.0,0.0,0.0,0.0,13178,604634,3.5999996400000365,,2.418208112264696,45.88555816953783,2025-11-24T00:00:00.000000,9995507
2026-06-22T00:00:00.000000,Fishing,43.0,8.0,6.0,6.0,0.0,6.2445038780422575,11.3,3.724810654094351,0.7,3.4,9.9,0.11337703326050012,0.061908230152949745,89.10059060881021,,,,1,1.0,0.0,0.0,0.0,0.4554711515282646,0.11230365665307653,54.38715301796552,6.529748229910172,0.7242383959599992,0.0,0.0,0.0,0.0,0.0,4119,243893,5.374999328125084,0.13953488047593302,2.4699235436205926,59.226080621661,2026-06-22T00:00:00.000000,9101223
2025-06-30T00:00:00.000000,Fishing,25.0,7.0,,,,,0.0,0.0,0.0,0.0,0.0,1.0,0.0,2.7110664657395378e-14,0.0,0.0,9.73162393162393,1,0.0,0.0,1.0,0.0,2.9582765538092677e-05,2.380712361937007e-05,52.93498313675214,5.0359231025641025,5.6959999999112066e-08,0.0,0.0,0.0,0.0,0.0,234,9185,3.571428061224563,,0.0,39.4206008583691,2025-06-30T00:00:00.000000,8543369
2026-03-02T00:00:00.000000,Fishing,23.0,6.0,2.6,2.6,0.0,2.989901890404403,8.7,1.1812378425924395,1.3,3.1,3.6,0.05614783226723525,0.0,97.35093040217632,,,,1,0.0,0.0,1.0,0.0,0.02384880741662767,0.11465946140636687,54.45824232669984,7.841049541340913,0.08085946470000223,0.0,0.0,0.0,0.0,0.0,4221,229467,3.8333326944445507,0.11304347334593594,1.9471083383545358,54.3760663507109,2026-03-02T00:00:00.000000,8432194
2026-03-09T00:00:00.000000,Fishing,63.0,13.0,6.8,6.8,0.0,10.390853057199212,12.9,3.957118734136978,0.0,0.0,11.9,0.8531914109977533,0.10832013553828589,87.75972089960553,0.0,0.0,126.40013627490698,2,0.0,0.0,0.7457552208021804,0.2542447791978196,0.052665831712959035,0.5239028374614411,57.678316918382386,10.95702827582778,0.16061397443600323,0.0,0.0,0.0,0.0,0.0,27151,604565,4.84615347337281,0.10793650622323006,3.0072377889761563,22.26758747697974,2026-03-09T00:00:00.000000,9816775
2025-10-06T00:00:00.000000,Fishing,34.0,7.0,4.5,4.5,0.0,4.8165009304489415,11.2,3.318092172761534,0.0,2.7,9.3,0.19569120287253142,0.019557151406343506,98.0120429811227,0.0,0.0,27.942204667863557,1,0.0,0.0,1.0,0.0,0.19179574111044603,0.5364702063185613,57.825593627863555,10.175887459868342,2.581929194344009,0.0,0.0,0.0,0.0,0.0,41775,604551,4.857142163265405,0.13235293728373715,2.8028146033825605,14.47194427155647,2025-10-06T00:00:00.000000,6825490
2025-07-21T00:00:00.000000,Fishing,20.0,9.0,5.3,5.3,0.0,3.5364812753438812,9.4,2.2174257464822618,0.0,2.9,5.7,0.22059855683924134,0.0,97.36697623365338,0.0,0.0,34.51135996214661,1,1.0,0.0,0.0,0.0,0.25334151347268713,0.35674791131251204,57.595609198588384,8.7942309478254,1.6874324476939988,0.0,0.0,0.0,0.0,0.0,126805,604574,2.2222219753086696,0.26499998675000064,2.5705471484199025,4.767783350682944,2025-07-21T00:00:00.000000,9833034
2025-12-15T00:00:00.000000,Fishing,42.0,10.0,1.0,1.0,0.0,4.164259927797834,11.2,1.8890573864781448,0.0,0.0,3.4,0.8429376761666145,0.001252740369558409,105.62464802898744,0.0,0.0,83.4824976496396,2,0.0,0.0,0.0,0.9993736298152208,0.9068509107878198,0.20791951902999817,54.77998940212966,8.295212789852803,301.89034931943,0.0,0.0,0.0,0.0,0.0,6386,604441,4.199999580000043,0.0238095232426304,1.7998384932605342,94.66577916992952,2025-12-15T00:00:00.000000,8826656
2026-01-05T00:00:00.000000,Fishing,44.0,11.0,6.4,6.4,0.0,9.572188955422488,12.0,4.886405246389004,0.0,0.0,11.4,0.6751747863722117,0.2631228498501831,65.03469775033773,0.0,0.0,26.304139385195874,1,0.0,0.0,1.0,0.0,0.07679423566604962,0.17875121457815984,57.15387989224281,8.510076447675063,0.3039430269110005,0.0,0.0,0.0,0.0,0.0,9011,80705,3.9999996363636696,0.1454545421487604,2.3330029115824056,8.957269700332963,2026-01-05T00:00:00.000000,9294915
2025-11-03T00:00:00.000000,Fishing,63.0,12.0,7.1,7.1,0.0,2.0299479166666665,4.5,0.19100032652106924,0.0,0.0,0.0,0.9951975850713501,0.0,33.287474059468074,0.0,0.0,79.38625823271131,1,1.0,0.0,0.0,0.0,0.00046040116781606436,0.001719935370746374,57.71796810831161,10.595622347506175,4.653667200002137e-05,0.0,0.0,0.0,0.0,0.0,116608,604458,5.249999562500037,0.11269841090954903,0.0,5.183719673776017,2025-11-03T00:00:00.000000,9900978
2026-02-02T00:00:00.000000,Fishing,28.0,8.0,5.0,5.0,0.0,3.914389424639723,10.3,2.335657855837239,0.0,0.0,2.4,0.744174785772978,0.0010858081934499355,93.14902473749935,0.0,0.0,50.66881676253081,1,1.0,0.0,0.0,0.0,0.17642336755800514,0.07389283047966046,57.814251600187816,10.614141371082289,0.5242816218879984,0.0,0.0,0.0,0.0,0.0,68152,529378,3.499999562500055,0.17857142219387778,1.0275473209634018,7.76772167686461,2026-02-02T00:00:00.000000,9212682
2025-09-15T00:00:00.000000,Fishing,,,7.6,7.6,0.0,13.890106041923552,15.9,0.6725268457778428,13.1,13.8,15.0,0.0,1.0,55.86715905963039,4.652217016029593,4.389298463370763,2.7055141800246605,1,0.0,0.0,1.0,0.0,1.1809129029020295,1.3911227450335297,56.149121297164,11.502780018199754,25.888561293452028,0.0,0.0,0.0,0.0,0.0,20275,127846,,,2.8251618307379798,6.305909046068857,2025-09-15T00:00:00.000000,9591296
2026-06-08T00:00:00.000000,Fishing,37.0,10.0,,,,7.613852935003148,13.5,2.9246290196847133,0.0,0.0,7.0,0.8415028445896469,0.009159015377682645,104.53828332164946,0.0,0.0,56.49534142247158,1,1.0,0.0,0.0,0.0,0.4388127675973731,0.8285821898948945,57.045409528451536,8.856318410623556,4.024680363576013,0.0,0.0,0.0,0.0,0.0,88765,604719,3.699999630000037,,2.393465140166559,6.812660538055969,2026-06-08T00:00:00.000000,9900356
2025-06-30T00:00:00.000000,Fishing,24.0,6.0,3.2,3.2,0.0,3.428140703517588,6.6,0.640026810129184,2.8,3.4,3.9,0.0,0.0,96.13224600227001,0.0,0.0,5.937688442211056,1,1.0,0.0,0.0,0.0,0.015879135739453095,0.1019773690323737,53.526175736180896,5.99643016080402,0.01857546243000228,0.0,0.0,0.0,0.0,0.0,398,18952,3.9999993333334443,0.133333327777778,1.7186753178396648,47.73803526448363,2025-06-30T00:00:00.000000,8431530
2025-10-13T00:00:00.000000,Fishing,48.0,12.0,6.8,6.8,0.0,11.43395061728395,12.1,0.36944667524693015,11.0,11.4,11.9,0.0,1.0,2.6858607187135837,0.0,0.0,2.1753086419753087,1,0.0,0.0,1.0,0.0,0.043142115976561105,0.2789361476640651,58.14056240432098,10.021007487654321,0.195384032639993,0.0,0.0,0.0,0.0,0.0,324,11872,3.9999996666666946,0.14166666371527784,2.436068922069848,36.755417956656345,2025-10-13T00:00:00.000000,9278129
2025-09-01T00:00:00.000000,Fishing,34.0,8.0,,,,7.740101867572156,8.3,1.3291095932305064,7.5,7.8,8.1,0.025496688741721854,0.0,24.014378826975737,0.0,0.0,4.467284768211921,1,0.0,0.0,1.0,0.0,0.1776876359219606,0.3653480147106617,57.35900537980132,8.142243756953642,1.8960915358400074,0.0,0.0,0.0,0.0,0.0,3020,42248,4.249999468750067,,0.451429702732,13.994037760847963,2025-09-01T00:00:00.000000,9219769
2026-05-04T00:00:00.000000,Fishing,49.0,9.0,6.0,6.0,0.0,,0.2,0.007589493186538877,0.0,0.0,0.0,0.9999849138581299,0.0,85.87849643093656,0.0,0.0,70.14909702629714,1,0.0,0.0,1.0,0.0,1.4042396671151569e-05,1.9989136873030567e-05,56.69802447172856,8.219577600699996,2.348999999996405e-08,0.0,0.0,0.0,0.0,0.0,66286,604487,5.44444383950624,0.12244897709287803,0.0,9.119514218903221,2026-05-04T00:00:00.000000,8516213
2025-10-13T00:00:00.000000,Fishing,86.0,17.0,8.0,8.0,0.0,12.11627859773248,14.0,0.9015217340512016,10.5,12.3,13.0,0.0,0.9402963435497433,55.396433000817666,0.0,0.0,1.8042943717922693,1,0.0,0.0,1.0,0.0,1.1947443232749264,1.5838582822417933,56.234468552932995,10.99539218259054,38.955807357467016,0.0,0.0,0.0,0.0,0.0,34487,176829,5.0588232318339275,0.09302325473228774,2.7730859196036795,5.127559009453112,2025-10-13T00:00:00.000000,9836153
2025-12-15T00:00:00.000000,Fishing,48.0,10.0,6.7,6.7,0.0,,0.0,0.0,0.0,0.0,0.0,0.9985219594594594,0.0,82.62233229403292,0.0,0.0,113.87132586170438,2,0.0,0.0,0.0,0.9985219594594594,1.2787555661568542,0.4066500589301651,57.764650685705234,10.56899152808277,352.31150844665996,0.0,0.0,0.0,0.0,0.0,9472,604732,4.799999520000048,0.1395833304253473,0.0,63.85091331432795,2025-12-15T00:00:00.000000,9160322
2025-12-22T00:00:00.000000,Fishing,63.0,13.0,6.8,6.8,0.0,,0.0,0.0,0.0,0.0,0.0,0.9985303573068798,0.0,8.411121321735324e-15,0.0,0.0,126.82741238156562,2,0.0,0.0,0.0,0.9985303573068798,1.279657958805221,0.4515885228115052,57.64593950822081,11.77057566712593,393.761218739035,0.0,0.0,0.0,0.0,0.0,10887,604600,4.84615347337281,0.10793650622323006,0.0,55.53922469226529,2025-12-22T00:00:00.000000,9816775
2025-06-23T00:00:00.000000,Fishing,31.0,8.0,4.0,4.0,0.0,6.8345232503522775,10.7,4.315922621625645,0.0,4.5,9.9,0.3655907879062908,0.06336150660842929,111.37756077908774,0.0,0.0,28.425873610165645,4,0.4131828237563106,0.0,0.4214646321402235,0.16529581938850757,0.4766689388207293,0.27365702289603755,57.06492732457882,8.127934069431051,296.071946704025,0.0,0.0,0.0,0.0,0.0,17629,604269,3.8749995156250607,0.12903225390218534,2.29383113973436,34.278931245745405,2025-06-23T00:00:00.000000,7922348
2025-06-09T00:00:00.000000,Fishing,22.0,7.0,,,,3.272474234062965,12.2,1.7645565093171356,2.1,2.7,6.5,0.03819072303612832,0.00014517940331265237,100.68499604313185,0.0,0.0,10.410935425055403,1,1.0,0.0,0.0,0.0,0.15548805867097074,0.520182838063116,57.99223065609988,10.297297563552283,1.2219495727499974,0.0,0.0,0.0,0.0,0.0,234193,604530,3.142856693877615,,2.4935429855741864,2.581343513014962,2025-06-09T00:00:00.000000,9568342
2025-07-21T00:00:00.000000,Fishing,63.0,13.0,6.8,6.8,0.0,7.180474825300125,13.2,4.2136295348550465,0.0,0.0,10.2,0.6145666361346462,0.10632299061140371,64.36388589619256,0.0,0.0,70.40474391177713,4,0.14341223952370047,0.0,0.8457035722463934,0.010834096633844745,0.6908610009884248,2.23460612929265,57.35320384713476,9.4089009995778,415.218465238404,0.0,0.0,0.0,0.0,0.0,139744,604438,4.84615347337281,0.10793650622323006,2.4207153227189364,4.325354400578204,2025-07-21T00:00:00.000000,9816775
2025-12-15T00:00:00.000000,Fishing,26.0,7.0,3.0,3.0,0.0,5.925797541775998,10.3,3.3076542661551342,2.8,3.3,9.7,0.016377649325626204,0.010459675199559593,99.70249595445696,0.0,0.0,5.109468758601706,1,1.0,0.0,0.0,0.0,0.4490865542236713,0.45357690257557215,54.94510795939995,15.453590942609415,2.115309760899993,0.0,0.0,0.0,0.0,0.0,7266,155215,3.714285183673545,0.11538461094674572,2.0860698726988733,21.364762560220235,2025-12-15T00:00:00.000000,7422087
2026-03-16T00:00:00.000000,Fishing,110.0,18.0,7.6,7.6,0.0,10.766536312849164,11.8,0.6131708519245644,9.9,10.9,11.4,0.0,0.8675977653631285,4.183064660061412,0.0,0.0,1.4340223463687147,1,0.0,0.0,1.0,0.0,0.24988276848667879,0.03447795130032723,56.205459826815634,4.445395926815642,0.08305758734000053,0.0,0.0,0.0,0.0,0.0,1790,18247,6.111110771604957,0.06909090846280992,2.4462962467894527,10.199552822806037,2026-03-16T00:00:00.000000,8918318
2026-01-19T00:00:00.000000,Fishing,40.0,8.0,5.5,5.5,0.0,,0.1,0.004988804268116585,0.0,0.0,0.0,1.0,0.0,88.17561479174672,0.0,0.0,90.6891670576193,1,0.0,0.0,1.0,0.0,1.4987523093694695e-05,1.91136117456217e-05,57.64498529155115,11.858291260289164,4.421500000054957e-08,0.0,0.0,0.0,0.0,0.0,46894,604536,4.999999375000079,0.1374999965625001,0.0,12.891817542063848,2026-01-19T00:00:00.000000,8741416
